ID,Time,Bus_boarding,Bus_alighting,Sub_boarding,Sub_alighting,Bike_on_count,Bike_off_count,Latitude,Longitude,Temperature(¡ÆC),Precipitation(mm),Humidity(%),TinyDust,Pop_perc,Slope,Resident,Commercial,Industry,Green,NUM_BUS,NUM_SUB,Fp_perc,Bike_Demand
1001,12.94915254,125.529661,95.31355932,920.5127119,811.0381356,3.855932203,3.758474576,37.54179382,127.1247482,14.25127119,0,61.74576271,15.36864407,19226.14933,6.205834955,0.73847506,0.22130965,0,0.039535715,70,2,25192.71507,7.61440678
1002,12.74,55.704,44.748,0,0,5.78,6.06,37.5452652,127.1259384,14.1396,0,62.844,15.488,19231.41125,3.37543095,0.911598334,0.021189786,0,0.06709797,19,0,24527.51681,11.84
1003,14.39784946,73.4516129,65.6827957,0,0,3.102150538,3.037634409,37.54395676,127.1254883,14.54623656,0,58.4516129,14.54301075,18771.69867,13.02446464,0.848326693,0.092704345,0,0.058932718,37,0,22458.00397,6.139784946
1004,13.59259259,62.88425926,44.94444444,525.337963,496.6759259,4.365740741,5.564814815,37.55332947,127.1288681,14.52592593,0,60.47685185,14.77314815,22451.83597,2.270497282,0.733872074,0,0,0.267428826,88,1,22222.22382,9.930555556
1006,14.6744186,113.372093,105.6976744,325.627907,299.5581395,1.511627907,1.581395349,37.55486679,127.1427994,15.47209302,0,57.23255814,15.41860465,27906.55044,6.677323482,0.927565103,0,0,0.07243878,98,1,28361.55819,3.093023256
1007,15.39130435,1.869565217,0.130434783,0,0,2.173913043,1.739130435,37.55955887,127.1308746,16.83478261,0,48.2173913,13.04347826,7254.020183,8.27189415,0.093449935,0,0,0.907551952,32,0,2456.255232,3.913043478
1008,12.29056604,55.31698113,44.96981132,451.2037736,448.3584906,7.486792453,9.558490566,37.54935455,127.1270828,13.95169811,0,63.07924528,15.08679245,19697.42511,1.781903634,0.901408597,0,0,0.098490438,66,1,29418.80199,17.04528302
1009,12.51711027,122.4942966,94.78326996,870.904943,788.9467681,10.25855513,10.27376426,37.53866577,127.1242447,13.94904943,0,63.29657795,15.36882129,21893.98128,1.887114503,0.7113089,0.287926093,0,0,74,2,30242.07375,20.53231939
1010,12.26022305,123.5650558,116.4200743,234.8773234,217.2973978,5.531598513,5.602230483,37.53450775,127.1384049,13.97918216,0,63.6394052,15.49814126,29501.73524,3.988959994,0.732905137,0.267132402,0,0,39,1,37238.71348,11.133829
1011,12.57854406,113.1302682,94.85440613,488.5785441,475.3869732,6.118773946,6.356321839,37.53474426,127.1352844,14.15747126,0,63.25670498,15.55938697,32610.02782,8.735670273,0.663119934,0.336878772,0,0,33,1,38533.4128,12.47509579
1012,13.66507177,133.215311,100.6842105,990.6650718,872.84689,4.200956938,3.593301435,37.53600693,127.1227264,14.58229665,0,59.92822967,15.01913876,22422.53931,3.618571913,0.864677907,0.134826327,0,0,90,2,29647.23057,7.794258373
1013,13.52534562,100.8663594,69.01843318,314.5207373,296.8894009,5.580645161,5.497695853,37.53071594,127.1209869,14.55023041,0,59.94470046,14.5483871,16171.3112,1.152045095,0.948055899,0,0,0.025810894,89,1,25920.4039,11.07834101
1015,13.96363636,76.38787879,45.60606061,305.6545455,229.3030303,2.606060606,2.793939394,37.55003738,127.1469116,14.81939394,0,62.28484848,15.92121212,25941.98515,4.630360209,0.973187218,0,0,0.026456814,82,1,24447.11251,5.4
1016,14.62913907,50.98013245,8.814569536,0,0,2.337748344,2.410596026,37.55939865,127.1711807,14.9794702,0,58.25165563,14.41059603,12876.20652,3.72049799,0.497244163,0,0,0.43505078,70,0,15262.95162,4.748344371
1017,14.22966507,73.11961722,52.53110048,0,0,4.196172249,4.43062201,37.53544617,127.1451874,14.68660287,0,59.14354067,14.90430622,24284.50954,1.962272288,0.896949292,0.001564963,0,0.100833353,56,0,25268.36493,8.626794258
1018,15.17567568,54.75675676,48.52027027,317.3648649,305.2094595,2.439189189,2.459459459,37.52458954,127.1354218,14.86486486,0,58.19594595,15.43918919,14494.20389,1.614250897,0.507292807,0,0,0.025212869,27,1,15092.30858,4.898648649
1019,13.75423729,71.94067797,73.73728814,0,0,8.822033898,8.665254237,37.52679443,127.1300583,14.34152542,0,61.04237288,14.96610169,17270.86932,0.798133409,0.944014694,0,0,0.055958123,42,0,25645.63305,17.48728814
102,12.87843137,86.06666667,50.05490196,465.4941176,416.2470588,7.976470588,8.384313725,37.5556488,126.9106293,14.76078431,0,60.60784314,15.38431373,18374.77861,9.582099759,0.997171675,0.00238822,0,0,130,1,26377.91217,16.36078431
1020,13.79828326,89.56652361,90.65665236,0,0,9.090128755,9.141630901,37.52825165,127.1268005,14.34763948,0,60.66523605,14.75107296,16902.44442,1.601924228,0.945186152,0,0,0.05475301,64,0,25769.97425,18.23175966
1021,12.88646288,118.0917031,36.49344978,0,0,3.76419214,4.524017467,37.56427383,127.1739731,14.32183406,0,61.31441048,14.86899563,11060.90386,2.84683635,0.52928255,0.031880467,0,0.310090584,143,0,11265.0542,8.288209607
1022,12.86784141,122.7753304,106.6740088,257.9823789,235.5374449,4.189427313,4.13215859,37.53377914,127.1379929,14.20837004,0,62.74449339,14.74449339,28683.74546,4.309958479,0.755206837,0.244842352,0,0,38,1,36513.93412,8.321585903
1023,13.93925234,82.31308411,54.28504673,0,0,6.210280374,6.228971963,37.54998398,127.1747055,14.34299065,0,59.77570093,14.46261682,7873.27721,3.309388475,0.509686205,0,0.0966873,0.366332186,24,0,14716.52118,12.43925234
1024,13.77391304,102.8086957,75.13478261,306.2956522,283.7826087,7.426086957,7.317391304,37.52929688,127.1231537,14.54,0,60.63478261,15.02173913,15282.33151,0.864231427,0.910258601,0,0,0.089217156,78,1,23706.7153,14.74347826
1025,13.88321168,99.81021898,35.10948905,0,0,2.751824818,2.474452555,37.54684067,127.1725159,14.72043796,0,59.13138686,15.11678832,4750.900474,5.447812659,0.379156085,0,0.093647983,0.237184516,21,0,9653.033493,5.226277372
1026,14.31932773,45.40336134,32.27731092,0,0,2.243697479,2.025210084,37.54653549,127.155838,14.4605042,0,62.74789916,15.32773109,7004.701933,4.098746882,0.437492072,0,0,0.562650315,36,0,7460.32328,4.268907563
1027,14.67630058,43.02890173,37.56647399,0,0,3.601156069,3.479768786,37.53596115,127.1478195,14.91907514,0,59.11560694,15.11560694,17665.59342,4.19057266,0.694544763,0,0,0.304782135,45,0,18392.10131,7.080924855
1028,13.36160714,64.49107143,47.82589286,300.0133929,274.5803571,4.424107143,4.3125,37.53310776,127.1227722,14.13392857,0,61.82589286,14.58928571,20941.53894,3.618571913,0.978858107,0.013068545,0,0,80,1,27691.78167,8.736607143
1029,12.88663968,118.3805668,87.74089069,900.6801619,805.6639676,6.024291498,5.862348178,37.53655624,127.1255341,14.26680162,0,62.87044534,15.45748988,25891.95477,4.593078591,0.708981518,0.290325963,0,0,82,2,32905.54645,11.88663968
103,12.67829457,92.91085271,57.21317829,456.7868217,413.8294574,6.430232558,6.903100775,37.55495071,126.9108353,14.52984496,0,60.86821705,15.09689922,17712.22821,9.582099759,0.983370483,0.016185528,0,0,132,1,26273.04604,13.33333333
1030,14.26984127,88.53968254,74.60846561,342.1798942,313.7671958,3.645502646,3.62962963,37.52703094,127.1220627,14.76084656,0,57.75661376,14.6031746,11792.24645,1.730048658,0.667958506,0,0,0.331988423,35,1,16683.7765,7.275132275
1031,13.93495935,40.48780488,35.23577236,0,0,2.300813008,2.422764228,37.55582047,127.1299133,14.8601626,0,59.25203252,14.56097561,18743.57498,2.966271397,0.468418546,0,0,0.533137357,59,0,11638.61167,4.723577236
1032,13.96363636,115.0363636,119.2909091,0,0,2.609090909,2.318181818,37.55672836,127.136261,14.68090909,0,59.45454545,14.62727273,19271.92385,8.917854066,0.583051795,0,0,0.415400069,16,0,12776.80292,4.927272727
1033,13.7654321,65.81481481,46.72222222,0,0,2.703703704,2.524691358,37.55793381,127.1447678,14.39506173,0,59.75925926,14.91358025,17552.21999,8.69018799,0.676619524,0,0,0.322979204,76,0,19956.28333,5.228395062
1034,15.77941176,32.42647059,6.470588235,0,0,1.647058824,1.632352941,37.5618782,127.1507874,15.17205882,0,58.16176471,15.58823529,8828.604226,14.26219982,0.454984972,0,0,0.540849559,68,0,8372.255781,3.279411765
1035,15.1744186,54.13372093,36.36627907,370.9709302,324.7906977,4.941860465,3.546511628,37.55509567,127.1552811,15.11046512,0,55.47093023,14.23837209,15217.61869,7.700714689,0.566867562,0.140233152,0,0.292897991,33,1,20427.59704,8.488372093
1036,14.47593583,64.81283422,53.44919786,339.5775401,297.5989305,3.096256684,3.016042781,37.55199051,127.1533127,14.84064171,0,60.7486631,16.16042781,15877.47551,7.703012601,0.721663029,0.140233152,0,0.138099935,50,1,21674.85218,6.112299465
1037,13.29166667,109.0416667,53.86111111,0,0,1.986111111,1.722222222,37.56256485,127.1776123,14.65138889,0,57.41666667,14.13888889,11718.57549,8.092536424,0.544194361,0.024447862,0,0.279468301,115,0,11056.50672,3.708333333
1038,14.33333333,170.2878788,50.56060606,0,0,1.484848485,1.575757576,37.56863785,127.1748047,15.37272727,0,56.43939394,14.36363636,9589.871294,1.758082981,0.414778743,0.03089023,0,0.092362616,121,0,12860.65353,3.060606061
1039,15.06976744,49.34883721,22.30232558,0,0,1.372093023,1.325581395,37.56129837,127.1678467,13.8255814,0,61.44186047,14.79069767,11419.25963,16.5823279,0.475383863,0,0,0.244548516,103,0,11235.69231,2.697674419
104,13.77560976,122.0390244,99.37073171,1475.019512,1314.434146,4.668292683,3.785365854,37.55062866,126.9149857,15.18878049,0,58.85365854,14.89756098,11787.77303,2.03750341,0.884824385,0.11514196,0,0,119,2,30094.01985,8.453658537
1041,15.06034483,43.90517241,13.64655172,339.6896552,246.3362069,2.068965517,1.99137931,37.55916214,127.1533203,15.01293103,0,60.89655172,15.74137931,11766.62788,15.49728149,0.770284334,0.008362005,0,0.221370489,91,1,16366.55349,4.060344828
1042,14.62698413,206.9365079,49.77777778,0,0,2.119047619,2.523809524,37.5685463,127.1770096,15.00079365,0,58.15079365,14.61111111,10610.79306,2.435864622,0.439739199,0.01750455,0,0.00629092,106,0,11305.38861,4.642857143
1044,12.50570342,35.83269962,36.39923954,276.9923954,269.513308,8.870722433,9.220532319,37.54540634,127.1426773,14.10418251,0,63.31939163,15.43346008,30496.65002,2.596279895,0.999659565,0,0,0,16,1,29837.52472,18.09125475
1047,12.63135593,105.7923729,105.5974576,761.309322,733.6737288,4.991525424,5.207627119,37.53647232,127.1371536,14.04322034,0,62.72457627,15.19491525,31088.49579,3.843125685,0.671673514,0.328367908,0,0,33,2,39147.00819,10.19915254
1048,13.36595745,71.09361702,63.01276596,0,0,6.038297872,6.357446809,37.53099442,127.1423721,14.23489362,0,60.88510638,15.18297872,18385.75212,1.912180055,0.904378014,0.004428238,0,0.045645415,72,0,23477.22344,12.39574468
1049,14.23943662,56.21830986,15.67605634,0,0,2.492957746,2.690140845,37.561203,127.1802673,15.18239437,0,56.73239437,14.14084507,9114.103399,7.003279842,0.410736245,0,0,0.139908251,52,0,8303.340552,5.183098592
105,14.34636872,123.4636872,102.9217877,1488.860335,1394.96648,2.977653631,2.94972067,37.55000687,126.9148254,15.22067039,0,58.18435754,14.94413408,11310.74659,2.784886871,0.890974212,0.108989544,0,0,109,2,29055.98574,5.927374302
1050,13.44444444,52.23868313,44.16872428,259.5802469,258.4650206,9.897119342,10.01646091,37.52678299,127.1355743,14.16584362,0,61.16872428,14.75720165,15674.41046,1.48488607,0.658386211,0,0,0,41,1,20309.05851,19.91358025
1051,14.35602094,81.9947644,71.83246073,0,0,3.680628272,3.769633508,37.55483627,127.1373215,14.81099476,0,59.08376963,14.84293194,25910.16897,8.582337972,0.828353669,0,0,0.170115023,12,0,19047.21313,7.45026178
1052,14.57894737,63.73684211,60.05263158,461.3684211,464.3157895,1.473684211,1.526315789,37.55644989,127.1568222,12.07368421,0,67.26315789,12.31578947,14948.28869,14.87768842,0.580478472,0.112070282,0,0.306703066,76,1,20778.25284,3
1053,16.36538462,13.92307692,8.923076923,0,0,1.653846154,1.480769231,37.56254578,127.1644821,15.65384615,0,57.40384615,14.90384615,10264.01939,14.25146988,0.334036208,0,0,0.235594958,55,0,5914.404269,3.134615385
1054,14.98461538,61.98461538,18.81538462,571.1230769,426.8923077,1.661538462,1.692307692,37.56002808,127.1696777,14.86461538,0,52.23076923,14.47692308,12856.2675,5.72222647,0.531226781,0,0,0.335350052,103,1,14812.86918,3.353846154
1056,14.92857143,134.8571429,37.44642857,0,0,2.3125,2.732142857,37.56335449,127.1790543,15.12678571,0,58.28571429,15.17857143,10576.1413,8.092536424,0.514480766,0.011898382,0,0.158936343,118,0,10429.93941,5.044642857
1057,14.64285714,45.03174603,36.99206349,0,0,2.611111111,2.682539683,37.55580902,127.1737442,15.16269841,0,57.3015873,14.77777778,12703.33069,7.956766681,0.529287728,0,0,0.351721978,54,0,19564.90998,5.293650794
1058,15.72413793,96.24137931,15.13793103,576.7586207,441.6206897,1.827586207,1.689655172,37.55348206,127.1650543,14.83793103,0,58.27586207,14.9137931,24281.97925,5.783196126,0.637310334,0,0,0.319176174,56,1,20890.1279,3.517241379
1059,13.59898477,89.49746193,80.10659898,545.5329949,533.5837563,3.923857868,2.984771574,37.53822708,127.1317444,14.31015228,0,62.56852792,15.15736041,32622.7913,7.402225894,0.634879398,0.365063647,0,0,42,1,36182.04009,6.908629442
106,13.50438596,100.3114035,86.82017544,1351.578947,1255.850877,6.98245614,7.087719298,37.54864502,126.9128265,15.05087719,0,59.42105263,15.34210526,10411.96502,2.784886871,0.831125039,0.100425608,0,0.06830826,87,2,22565.88377,14.07017544
1062,14.77192982,29.70175439,15.68421053,0,0,1.684210526,1.578947368,37.5510788,127.1625977,14.39649123,0,54.22807018,12.47368421,18721.67864,6.604809821,0.311365596,0,0,0.647777079,17,0,13552.88938,3.263157895
1063,15.99173554,103.2479339,47.80991736,0,0,2.20661157,2.388429752,37.55666351,127.1427383,15.66033058,0,57.7768595,16.09090909,22266.56374,6.677323482,0.749117847,0,0,0.249543714,66,0,24946.639,4.595041322
1064,15.37634409,27.32258065,23.72043011,0,0,1.795698925,1.494623656,37.52779388,127.147644,15.26451613,0,56.65591398,14.27956989,6912.604051,12.31784008,0.253010192,0,0,0.554398337,40,0,6059.235232,3.290322581
1065,13.8,21.89411765,12.05882353,0,0,2.6,2.011764706,37.53120804,127.1492691,15,0,57.83529412,14.41176471,9216.678441,9.766748228,0.299122896,0,0,0.609679474,19,0,6681.36366,4.611764706
1066,14.62857143,19.48571429,16.97142857,0,0,1.428571429,1.457142857,37.5377655,127.1520157,15.54285714,0,54.8,16,6566.238624,8.231144129,0.295268089,0,0,0.610032853,23,0,6588.876467,2.885714286
1067,15.10679612,64.26213592,43.51456311,0,0,2,1.961165049,37.54903412,127.1560516,15.58834951,0,55.67961165,14.39805825,11020.38632,8.909523417,0.574272985,0.065561484,0,0.360353224,48,0,13470.76508,3.961165049
1068,14.84397163,51.0212766,35.02836879,375.0851064,328.106383,2.553191489,2.482269504,37.5536499,127.1562271,15.60141844,0,56.36170213,14.81560284,16489.19307,8.909523417,0.502773959,0.140233152,0,0.354336722,34,1,19404.2601,5.035460993
1069,12.6,56.48235294,41.17647059,327.7764706,401.2941176,1.917647059,2.023529412,37.55305481,127.1568832,14.1,0,57.81176471,13.14117647,16929.68293,8.909523417,0.462440877,0.140233152,0,0.388803457,45,1,17991.43183,3.941176471
107,13.25110132,247.5594714,216.2907489,0,0,4.612334802,5.167400881,37.55751038,126.9185028,14.8660793,0,59.12334802,15.05726872,14787.39855,29.97564863,0.925971662,0.070574804,0,0,234,0,33085.61941,9.779735683
1070,13.71328671,31.88111888,34.13986014,377.9440559,361.4195804,2.377622378,2.237762238,37.55570221,127.1579208,14.78601399,0,57.67132867,13.28671329,16389.08643,5.274386401,0.475943056,0.119523599,0,0.3946012,21,1,18934.85547,4.615384615
1071,16.75471698,47.75471698,16.66037736,0,0,1.509433962,1.547169811,37.55568695,127.1599121,15.44339623,0,56.50943396,15.28301887,17865.60097,4.508263236,0.463674467,0.053321373,0,0.460409919,20,0,15999.92643,3.056603774
1072,14.57425743,49.73762376,35.92079208,341.5891089,319.2920792,3.589108911,3.53960396,37.55486298,127.1537247,14.78762376,0,59.64356436,15.16336634,15777.60511,8.173906324,0.655186385,0.140233152,0,0.204583052,35,1,21391.89672,7.128712871
1073,14.99346405,84.56862745,75.41176471,308.0588235,247.0261438,2.535947712,2.725490196,37.54114532,127.1410523,14.70196078,0,56.77124183,13.64705882,29331.95463,3.087966576,0.949438348,0.050538353,0,0,24,1,41053.74113,5.261437908
1074,14.34782609,47.52173913,29.19323671,0,0,3.574879227,3.84057971,37.54683685,127.1491623,14.70531401,0,60.07729469,15.0821256,18787.18313,10.9236257,0.768896707,0,0,0.231098115,39,0,16514.80149,7.415458937
1075,13.3872549,82.03921569,73.0245098,269.5147059,245.1715686,3.75,3.965686275,37.54136276,127.1371841,14.47696078,0,61.3627451,15.15686275,29620.12691,4.266226252,0.911418408,0.088559586,0,0,27,1,38715.08352,7.715686275
1076,13.39823009,77.7699115,71.72123894,263.0265487,233.6548673,3.92920354,3.92920354,37.5398941,127.141037,14.32300885,0,61.77876106,15.07522124,29048.39017,1.731447785,0.897241833,0.102734867,0,0,30,1,42034.67085,7.85840708
1077,13.57575758,95.69264069,70.86147186,542.8095238,526.4069264,4.597402597,4.515151515,37.53627014,127.1324692,14.31948052,0,61.03896104,14.96969697,34283.60628,7.402225894,0.637535564,0.362276744,0,0,24,1,38107.9716,9.112554113
1078,14.47685185,34.13425926,29.20833333,0,0,8.347222222,7.888888889,37.52197647,127.1336212,14.71944444,0,59.29166667,14.76851852,13395.71098,1.517338157,0.518006788,0,0,0.236352198,15,0,13413.1303,16.23611111
1079,13.30588235,39.25882353,5.164705882,0,0,1.847058824,1.729411765,37.56184387,127.170845,14.43411765,0,60.55294118,15.38823529,11137.4014,4.145350304,0.349971911,0.029738189,0,0.413554215,72,0,9232.413585,3.576470588
108,12.82378855,129.3127753,108.2290749,0,0,4.348017621,4.400881057,37.55274582,126.9186173,15.05814978,0,59.76651982,15.57709251,11970.60903,1.518036006,0.895990121,0.103631906,0,0,180,0,37006.21058,8.748898678
1080,13.85128205,118.9538462,83.36923077,1528.723077,1360.764103,3.071794872,2.958974359,37.5368309,127.128418,14.44307692,0,61.10769231,14.95897436,30091.45136,7.402225894,0.644709284,0.354637029,0,0,40,3,33855.78483,6.030769231
1081,13.64878049,124.4439024,86.95609756,553.2195122,517.8780488,3.565853659,3.297560976,37.53699875,127.1295319,14.60585366,0,60.43902439,15.08292683,31496.69741,7.402225894,0.653406546,0.345985073,0,0,47,1,33862.38124,6.863414634
1082,11.30434783,40.60869565,28.34782609,0,0,1.347826087,1.434782609,37.52956009,127.1490097,12.79130435,0,62.86956522,13.08695652,7436.87466,11.53379681,0.253951241,0,0,0.598375234,28,0,6105.378342,2.782608696
1083,14.14545455,26.73636364,12.99090909,0,0,2.127272727,2.154545455,37.56036758,127.1565933,14.23545455,0,60.07272727,13.56363636,10984.59086,11.01218135,0.608366924,0,0,0.329180808,69,0,13148.75458,4.281818182
1084,14.03587444,59.44394619,73.96412556,0,0,8.6367713,9.031390135,37.5239296,127.1291275,14.46233184,0,60.67713004,15.13901345,14756.79244,0.611963698,0.595457593,0,0,0.404516518,23,0,16375.50881,17.66816143
1085,13.85350318,93.70700637,66.81528662,332.8216561,269.8789809,3.203821656,2.49044586,37.55456924,127.145874,14.82802548,0,59.18471338,14.75796178,26365.32307,7.112053905,0.948106381,0,0,0.051892324,105,1,28813.89639,5.694267516
1086,14.54285714,90.59285714,53.52142857,333.5642857,256.5428571,2.414285714,2.371428571,37.55059814,127.1454544,15.05357143,0,58.5,14.97857143,28706.77078,4.630360209,0.994336877,0,0,0.00531751,82,1,28042.39729,4.785714286
1088,13.8647343,102.7487923,83.5942029,324.5603865,299.8357488,4.173913043,4.333333333,37.52812195,127.1195221,14.59855072,0,59.38164251,14.73429952,12568.42037,1.215539963,0.770333522,0,0,0.20215341,74,1,16871.53665,8.507246377
1089,16.23255814,50.02325581,11.09302326,0,0,1.441860465,1.674418605,37.56060028,127.146698,15.23953488,0,57.97674419,15.53488372,9738.513066,12.4413357,0.44636667,0,0,0.554055313,51,0,11558.80996,3.11627907
109,14.92473118,34.20430108,25.21505376,419.4193548,378.4677419,3.419354839,3.408602151,37.54769135,126.9199829,15.22634409,0,58.08064516,15.05913978,9398.974904,4.495327009,0.839036583,0.016676116,0,0.143917094,92,1,21236.63818,6.827956989
1090,13.27586207,44.98706897,16.51293103,411.5689655,410.3491379,6.387931034,6.034482759,37.5567894,127.1661453,14.18706897,0,61.49137931,14.76293103,19651.92079,6.461862246,0.776598554,0,0,0.213976716,88,1,22965.33145,12.42241379
1101,13.72580645,3.35483871,2.161290323,75.48387097,82.70967742,1.612903226,1.903225806,37.58161163,126.7985992,14.30645161,0,59.34997519,13.12903226,816.7596329,12.80066218,0.124512324,0,0,0.80307349,50,1,1953.632612,3.516129032
1102,12.7164751,65.72030651,45.48275862,200.4137931,195.5555556,6.356321839,6.636015326,37.57364273,126.8118057,14.17088123,0,62.02379998,14.23754789,17964.17113,4.809001463,0.952082864,0,0,0.040476764,125,1,18819.56656,12.99233716
1103,12.81992337,47.09195402,21.40229885,201.0344828,193.2643678,6.708812261,6.816091954,37.57710648,126.8119965,14.10536398,0,61.95799686,14.38314176,14913.64374,8.300419712,0.813994579,0,0,0.185873389,101,1,16899.94772,13.52490421
1105,15.42253521,5.985915493,0,265.0140845,213.8028169,2.098591549,1.873239437,37.58162308,126.8126526,15.91549296,0,58.90565547,16.32394366,10973.93077,10.0912215,0.313026347,0,0,0.686956826,23,1,6056.303211,3.971830986
1106,12.35636364,62.86909091,48.88727273,0,0,8.247272727,8.705454545,37.57303238,126.816452,14.052,0,63.06635944,14.67636364,20626.16746,4.428182269,0.886384171,0,0,0.044048091,144,0,19520.95615,16.95272727
1108,13.58986175,33.01843318,21.31797235,247.4147465,231.2764977,4.004608295,3.98156682,37.56387329,126.8106079,14.59907834,0,60.62781283,14.47926267,16132.21855,2.416503401,0.803772481,0.092864854,0,0.101295464,92,2,14216.32147,7.986175115
1109,14.5862069,33.83908046,21.58045977,269.545977,231.4827586,2.747126437,3,37.56334686,126.8104858,14.9362069,0,60.00330533,14.31034483,15618.63587,2.416503401,0.780314857,0.092864854,0,0.125171188,96,2,13520.42223,5.747126437
111,14.96153846,39.66666667,28.8974359,453.7884615,394.4551282,3.108974359,3.480769231,37.54787064,126.9235306,15.31666667,0,57.3974359,15.37820513,11322.43858,11.52048396,0.91875911,0,0,0.080864212,100,1,21595.9108,6.58974359
1110,14.59116022,31.77900552,17.5801105,153.5911602,149.281768,3.73480663,4.193370166,37.56220245,126.816246,14.99281768,0,59.33842896,14.18232044,21063.1934,2.468666533,0.768090279,0.004293618,0,0.046473849,35,1,11173.67435,7.928176796
1111,14.06493506,25.67965368,16.45021645,236.6580087,219.5541126,6.424242424,6.753246753,37.56698227,126.8218002,14.6952381,0,60.17213842,14.25108225,15375.94059,1.920788149,0.631682161,0.125927134,0.005459897,0.014463939,45,1,15860.00265,13.17748918
1112,13.04296875,21.30859375,13.078125,735.4921875,749.7539063,10.046875,9.921875,37.56857681,126.8247757,14.30742188,0,61.72189153,14.67578125,12089.76395,2.320192293,0.396505303,0.170551245,0.166357298,0.034717854,52,2,14733.41372,19.96875
1113,14.48636364,34.57272727,21.51818182,0,0,5.054545455,5.422727273,37.57312393,126.8223877,14.79409091,0,59.63722145,13.92727273,11796.07864,4.72857831,0.449518602,0.014568787,0.032188541,0.377873307,112,0,9801.26719,10.47727273
1117,12.44322344,89.77289377,76.78388278,0,0,9.175824176,9.351648352,37.55819702,126.8442612,14.0981685,0,62.99350427,14.59340659,18761.14755,3.643448237,0.976138514,0.006947195,0,0.016894874,155,0,22503.16129,18.52747253
1118,13.98290598,79.65384615,75.8974359,233.6111111,239.2649573,7,7.504273504,37.55746078,126.8614578,14.55299145,0,60.39034736,13.92307692,19903.68908,16.84196059,0.386777677,0,0.598946077,0.014276246,113,1,20415.89329,14.5042735
1119,14.19069767,121.1255814,106.5162791,363.4139535,348.4093023,4.930232558,4.897674419,37.55425262,126.8675613,14.67767442,0,59.87015027,13.79069767,22272.85035,15.75118728,0.223318603,0,0.737104261,0.039823078,93,1,19801.32985,9.827906977
112,14.64141414,79.96969697,43.17676768,441.4141414,371.3939394,3.616161616,3.873737374,37.54920197,126.9232025,15.38434343,0,57.70707071,15.28282828,12020.9009,11.48394959,0.996955505,0.001343616,0,0.001315139,126,1,25741.33758,7.48989899
1120,14.22685185,57.29166667,39.01388889,747.6296296,723.1388889,5.305555556,5.439814815,37.564785,126.8546448,14.76666667,0,59.60906458,14.03240741,15265.55754,4.454266735,0.480301395,0.025304773,0.15570545,0.33863531,125,1,20772.05955,10.74537037
1121,14.5678392,83.28140704,68.49246231,256.0351759,263.6180905,4.261306533,4.175879397,37.55947876,126.8643799,15.06281407,0,58.88744878,14.18592965,15174.66874,16.84196059,0.285369598,0,0.388939372,0.329724468,93,1,11578.23048,8.43718593
1122,14.19298246,32.53947368,30.6754386,0,0,6.833333333,7.48245614,37.56192398,126.8641663,14.72324561,0,60.56368196,14.78508772,14111.69913,9.072374699,0.34513075,0,0.092190457,0.567777545,48,0,8409.241745,14.31578947
1124,12.47777778,108.0851852,92.02592593,568.8518519,540.5,13.72962963,13.80740741,37.55817795,126.8384552,14.09185185,0,62.58075166,14.97037037,15437.70528,1.952151627,0.680959741,0.120616096,0.113024276,0.021145776,174,1,20312.6898,27.53703704
1125,12.3297491,60.33691756,56.11827957,352.8064516,353.3046595,9.795698925,10.40143369,37.55291367,126.8365707,13.98351254,0,63.28452486,14.67741935,25761.03843,3.675408093,0.874788685,0.004196536,0.008884954,0.067262362,160,1,17068.49298,20.19713262
1126,13.72850679,64.80090498,57.0361991,416.4027149,368.1176471,5.307692308,3.50678733,37.54890823,126.8365631,14.45746606,0,60.9198892,14.32579186,27187.6129,12.43426277,0.960444869,0,0,0.039555131,153,1,26738.46055,8.814479638
1127,13.11382114,163.4512195,123.7520325,581.3536585,532.7195122,5.329268293,5.430894309,37.54098129,126.8385468,14.36178862,0,61.90063477,14.60569106,29514.99224,3.252895745,0.914033153,0.085947431,0,0,98,1,28778.7073,10.7601626
1128,13.45614035,129.7850877,108.8596491,609.5877193,598.8026316,4.745614035,4.75877193,37.54141235,126.8402252,14.50307018,0,60.6753267,14.27192982,28880.89974,3.252895745,0.914011148,0.085947431,0,0,95,1,27084.59378,9.504385965
1129,12.48679245,115.445283,95.25283019,544.0037736,532.7169811,5.437735849,5.505660377,37.542099,126.8402176,14.0354717,0,62.79759216,14.31698113,28737.6653,3.726265002,0.91402927,0.085947431,0,0,93,1,27245.18734,10.94339623
113,12.12056738,251.0531915,270.1170213,2399.102837,2279.691489,11.13120567,13.61347518,37.5574379,126.9238205,14.44609929,0,62.0248227,15.52836879,15457.60342,3.125912271,0.92096352,0.079058485,0,0,157,3,36372.90615,24.74468085
1130,13.6171875,181.984375,138.8125,712.890625,603.6171875,2.65625,2.203125,37.54275131,126.8426209,13.9625,0,60.8085597,12.53125,27522.82756,10.95165009,0.893603196,0.106241473,0,0,131,1,25655.45384,4.859375
1132,13.17479675,132.9105691,140.8943089,322.7073171,323.1747967,5.215447154,5.337398374,37.55110931,126.8637085,14.38577236,0,62.38180999,14.6300813,22037.97368,3.846715679,0.806605984,0,0.188958011,0,57,1,20883.09385,10.55284553
1135,13.19831224,135.8734177,132.2489451,0,0,5.320675105,5.004219409,37.54653168,126.8625488,14.30970464,0,61.99587309,14.43881857,20114.97117,5.3323116,0.98500664,0,0,0.004964131,23,0,20886.92057,10.32489451
1136,15.59285714,183.4285714,118.0071429,0,0,2.714285714,2.178571429,37.54478836,126.8619995,14.795,0,59.69828755,14.19285714,19273.12303,8.72615462,0.96861271,0,0,0.00898333,15,0,18999.41967,4.892857143
1137,14.02469136,230.8518519,251.8765432,0,0,2.481481481,1.641975309,37.54126358,126.8633728,14.69259259,0,59.96492403,14.08641975,21373.79453,7.796904504,0.965579865,0,0,0.025038121,27,0,19007.45996,4.12345679
1139,13.14864865,168.4774775,169.1846847,0,0,3.698198198,4.063063063,37.53852081,126.8634338,14.28018018,0,61.64001213,14.28378378,23494.88606,16.07859394,0.99061928,0,0,0,44,0,21045.58644,7.761261261
114,13.17826087,293.8130435,294.8956522,2744.882609,2596.221739,5.795652174,5.717391304,37.55706024,126.9244232,15.02565217,0,59.38695652,15.1826087,15386.60828,5.142079812,0.921830787,0.078204162,0,0,159,3,39135.5304,11.51304348
1140,12.60079051,175.5889328,127.6007905,0,0,4.699604743,4.980237154,37.53139877,126.8636093,13.96166008,0,63.14450897,14.77075099,25523.18017,4.866228882,1.000929399,0,0,0,37,0,19325.14085,9.679841897
1141,13.21666667,114.0875,84.32083333,715.9416667,682.35,3.7375,5.433333333,37.52906036,126.8484802,14.35833333,0,61.438414,14.33333333,28143.63589,5.534042828,0.846937772,0.153577411,0,0,67,1,39937.46485,9.170833333
1145,12.10160428,103.855615,69.21925134,725.7754011,654.0374332,2.422459893,2.754010695,37.52891922,126.8480835,13.57647059,0,63.88029275,14.9197861,27946.39806,6.390836874,0.838513634,0.162009315,0,0,62,1,41430.91961,5.176470588
1148,13.17703349,121.4545455,76.20095694,597.8229665,549.8086124,3.373205742,3.019138756,37.54146957,126.84478,14.08277512,0,62.00671758,14.9569378,27153.75871,3.094571739,0.916379951,0.083460834,0,0,126,1,28002.90484,6.392344498
1149,13.09411765,24.67843137,15.72156863,219.0117647,221.9215686,10.37647059,10.5254902,37.56728363,126.8182755,14.33647059,0,61.70947914,14.34117647,20280.21956,1.738308049,0.771941202,0.025061421,0,0.032575575,45,1,17529.44516,20.90196078
115,14.03597122,291.4388489,318.8345324,2785.81295,2712.158273,2.683453237,2.151079137,37.55893326,126.9271164,14.03956835,0,65.01438849,11.58992806,16267.97503,4.846919936,0.96119046,0.038715047,0,0,87,3,31282.15939,4.834532374
1150,12.72265625,26.93359375,21.13671875,223.421875,219.2734375,5.1171875,5.60546875,37.56153107,126.8106995,14.10195313,0,62.65010417,14.4765625,15273.84382,1.531745704,0.7466895,0.092864854,0,0.159054136,90,2,13552.70002,10.72265625
1151,14.17142857,42.76666667,26.51428571,346.9761905,344.5714286,7.738095238,7.461904762,37.56020737,126.8241425,14.7847619,0,59.42541331,13.6,11537.57555,2.150381485,0.509791053,0.130752762,0.057748317,0,31,1,16794.33796,15.2
1152,13.56790123,56.6090535,35.06584362,310.600823,304.9300412,11.77366255,11.50205761,37.55831146,126.8265228,14.48024691,0,61.33479846,14.23868313,11396.69005,2.428903817,0.451570271,0.171793896,0.113657251,0.023338537,38,1,16139.35657,23.27572016
1153,12.08802817,108.3133803,87.93661972,543.8133803,516.5669014,16.3028169,16.48239437,37.55894852,126.8371735,13.975,0,63.56650325,14.76408451,13537.44584,1.952151627,0.515232829,0.155324888,0.218680667,0.01590852,145,1,18446.68922,32.78521127
1155,14.19617225,60.63157895,48.3923445,0,0,5.138755981,5.224880383,37.56925964,126.8484192,14.57942584,0,60.12979634,14.09569378,11275.28827,9.176641064,0.342838318,0,0.309921014,0.347217368,44,0,9500.749766,10.36363636
1157,13.41832669,182.7808765,183.250996,0,0,7.370517928,8.593625498,37.55065918,126.8497696,14.30756972,0,61.3829196,13.93625498,20698.47418,17.26599416,0.917763694,0.08209133,0,0,156,0,18121.29988,15.96414343
1158,13.38188976,108.9527559,82.11023622,679.2362205,683.011811,11.66929134,12.05905512,37.56103516,126.8548126,14.30669291,0,61.73376338,14.43307087,21146.13843,5.878103215,0.448730296,0.038023823,0.355501707,0.155154024,211,1,25499.6373,23.72834646
1159,13.28244275,98.21374046,100.7328244,0,0,2.809160305,2.580152672,37.56585312,126.8465958,15.2870229,0,56.4681973,13.16793893,14749.77258,9.176641064,0.554312905,0.007260447,0.428097113,0.010315297,99,0,20743.25443,5.389312977
1160,13.41269841,44.88888889,28.72222222,316.9722222,315.1349206,12.63888889,12.55952381,37.56768036,126.8408966,14.30595238,0,61.56574685,14.09126984,8808.230255,11.71747485,0.293761375,0.041877335,0.540568668,0.02826513,104,1,17381.28736,25.1984127
1161,14.20547945,64.95890411,43.42465753,0,0,2.287671233,1.97260274,37.54969406,126.819664,15.68356164,0,51.32597471,10.28767123,7624.397285,2.891969483,0.222479813,0.187605334,0,0.588158314,128,0,5960.73263,4.260273973
1162,14.28971963,14.92056075,9.219626168,0,0,5.76635514,6.509345794,37.56267929,126.8204727,14.9271028,0,59.33153487,14.37850467,16133.98998,2.361836011,0.584900238,0.046692607,0,0.028953766,26,0,15762.83731,12.27570093
1163,13.19918699,46.19512195,41.08536585,222.8617886,228.4268293,7.276422764,7.337398374,37.57049942,126.8200836,14.27926829,0,61.90353867,14.05691057,18060.32912,2.498301758,0.691761742,0.032988498,0.003056145,0.078938103,111,1,17984.39861,14.61382114
1165,14.5952381,30.375,20.53571429,264.1011905,243.6011905,3.5,3.232142857,37.56844711,126.8216476,14.76488095,0,60.25983593,14.07738095,15895.95414,2.498301758,0.619229764,0.111647004,0.021003389,0.018597047,65,1,16946.58346,6.732142857
1166,13.24609375,67.10546875,53.01171875,0,0,10.3203125,10.27734375,37.56256866,126.8424606,14.21054688,0,61.95698918,14.12890625,14474.73668,0.661321063,0.780314857,0.02345633,0.141192324,0.026078841,180,0,29226.02488,20.59765625
1167,13.87083333,65.5125,27.2375,0,0,9.770833333,9.608333333,37.55350876,126.8258667,14.56208333,0,60.52557799,14.08333333,15605.46574,4.103658589,0.653559289,0.1819448,0.010931445,0.133810201,123,0,16371.27992,19.37916667
1168,13.82758621,18.82758621,11.9408867,0,0,4.18226601,3.876847291,37.56029129,126.8187561,14.73596059,0,60.97893583,14.23152709,17709.92922,2.361836011,0.677190366,0.02337737,0,0.049949388,36,0,14077.9323,8.0591133
1169,13.56666667,118.2041667,91.1,457.6958333,468.3958333,6.433333333,6.475,37.54719925,126.8744888,14.46041667,0,60.82263568,14.47916667,24319.96369,18.07843688,0.650519972,0,0.243157006,0.1063049,82,1,22365.78065,12.90833333
117,12.83011583,127.4980695,109.7722008,386.3590734,385.015444,6.671814672,6.621621622,37.59115982,126.94133,13.44247104,0,65.38996139,12.15057915,13968.23428,25.52739212,0.970901258,0.028398456,0,0,186,1,18255.87441,13.29343629
1170,14.06369427,219.1783439,176.2738854,371.8598726,321.1528662,2.904458599,2.114649682,37.54917908,126.8687973,15.13694268,0,58.3340454,14.01273885,26710.15983,2.009005542,0.739575324,0,0.260684856,0,96,1,25461.23388,5.01910828
1171,13.92146597,227.4659686,156.1623037,484.1727749,478.6230366,2.821989529,2.968586387,37.55004883,126.8731613,14.54921466,0,60.18383676,14.48691099,26430.14691,18.07843688,0.407078191,0,0.521399484,0.071955958,125,1,22326.4755,5.790575916
1172,13.65638767,52.1938326,41.97797357,231.5418502,239.7268722,4.343612335,5.13215859,37.56124878,126.8605804,14.42555066,0,60.94483395,13.99559471,20614.2383,5.330586575,0.421793249,0,0.306521846,0.273213625,105,1,15637.08271,9.475770925
1173,12.53333333,166.862963,143.9925926,0,0,7.562962963,6.97037037,37.55673599,126.8530731,14.18740741,0,62.65619658,14.41111111,20785.50065,0.893042863,0.584382467,0.072361114,0.213379985,0.122093038,157,0,20296.50468,14.53333333
1174,13.57843137,279.7745098,252.8039216,0,0,3.848039216,4.019607843,37.55661392,126.8511658,14.62009804,0,60.46872863,13.85294118,20862.42476,0.596589241,0.707780289,0.079378209,0.09098405,0.114068879,182,0,17979.15843,7.867647059
1175,13.14155251,128.1643836,106.1689498,0,0,3.949771689,3.173515982,37.55437851,126.8575363,14.19269406,0,61.51927233,14.06849315,20280.41155,6.581682714,0.66674951,0.03953442,0.28593138,0,62,0,17555.44354,7.123287671
1177,14.31979695,69.73096447,43.92385787,0,0,5.502538071,5.92893401,37.55010986,126.8236771,14.81472081,0,59.08487114,13.90862944,13350.12216,5.280463416,0.410263779,0.164678425,0,0.420003055,139,0,8526.028215,11.43147208
1178,14.15425532,31.00531915,22.9787234,174.5159574,168.6117021,2.867021277,2.872340426,37.57247162,126.8061676,14.87819149,0,59.5499093,13.90425532,10217.94489,11.0285,0.494811933,0,0,0.504914943,64,1,9618.348419,5.739361702
118,14.77443609,73.73684211,51.33082707,282.0601504,277.4586466,2.353383459,2.383458647,37.54773331,126.9317627,15.25714286,0,57.90977444,15.22556391,14578.03452,21.60968537,0.999871852,0,0,0,179,1,17482.22682,4.736842105
1180,13.22357724,91.67073171,60.82113821,305.4471545,299.2926829,6.540650407,6.804878049,37.55746841,126.8297195,14.40772358,0,61.59813217,14.38211382,13224.98255,3.625992122,0.402673253,0.168718335,0.170870969,0.035182553,56,1,14705.87074,13.34552846
1181,12.29166667,64.14583333,53.91666667,0,0,1.8125,2.208333333,37.55104446,126.8184967,13.76458333,0,59.45945246,10.60416667,6652.287185,2.059502565,0.209556244,0.225586441,0,0.562879429,90,0,5410.089322,4.020833333
1182,12.58461538,173.2269231,138.5615385,0,0,7.511538462,7.369230769,37.55687714,126.8488083,14.10653846,0,62.41178353,13.73461538,20964.43078,1.871767916,0.829939343,0.066846851,0.010452506,0.088430144,159,0,17559.12466,14.88076923
1183,13.72815534,42.74757282,30.61165049,0,0,2.475728155,1.970873786,37.54832077,126.8534012,15.1038835,0,56.64707618,11.88349515,21115.93156,9.151603149,0.951627225,0.01450536,0,0,66,0,11326.73146,4.446601942
1184,13.3,28.21666667,22.6625,0,0,9.004166667,9.779166667,37.55644989,126.815979,14.43166667,0,60.99977671,14.175,12738.97072,2.233263003,0.654796762,0.073460084,0,0.193575236,61,0,11829.04191,18.78333333
1185,14.42929293,88.10606061,67.89393939,756.5656566,719.510101,4.116161616,3.787878788,37.56290054,126.8494721,14.83737374,0,59.31387594,13.82828283,20022.45623,8.880612308,0.69096308,0.025304773,0.247543823,0.036187029,175,1,24553.70316,7.904040404
1186,14.17142857,26.14285714,24.76571429,0,0,3.725714286,3.388571429,37.55472946,126.8160934,14.9,0,59.20672308,13.08,8888.33307,0.78471316,0.474648628,0.168021933,0,0.326999697,54,0,8072.573658,7.114285714
1187,14.43478261,37,28.04968944,0,0,3.080745342,3.236024845,37.55302048,126.818367,15.08447205,0,59.64164835,14.09937888,7782.748612,1.49756836,0.296598761,0.281165296,0,0.400716078,80,0,6504.812759,6.316770186
1188,13.57746479,18.92957746,4.76056338,1037.971831,1221.647887,1.901408451,1.802816901,37.57138062,126.8283386,14.72253521,0,58.14731311,11.61971831,9626.305129,1.767942478,0.085481437,0.128627311,0.208520702,0.363484445,33,2,11192.0366,3.704225352
119,14.69109948,46.70157068,34.47120419,251.5078534,247.4397906,4.445026178,4.633507853,37.54528427,126.9310532,15.19057592,0,58.78534031,15.02617801,13811.84163,9.784735652,0.969845005,0,0,0.029717478,110,1,14146.16734,9.078534031
1190,14,45.72727273,32.11111111,350.0555556,345.2929293,4.641414141,4.429292929,37.5605011,126.8266525,14.58939394,0,60.68993331,13.87373737,9872.974928,2.484476469,0.341419625,0.163492729,0.206036694,0.00650709,27,1,14282.90902,9.070707071
1191,13.36947791,40.89558233,28.21686747,308.0763052,303.0923695,7.895582329,7.714859438,37.5602417,126.8271637,14.36425703,0,61.24149109,14.04016064,10016.56838,2.484476469,0.310643305,0.17141204,0.230404302,0.003735719,26,1,13652.74676,15.61044177
1192,14.02242152,80.95515695,46.64125561,0,0,6.264573991,5.704035874,37.55545044,126.8268967,14.56547085,0,59.76512016,13.89237668,14256.01523,4.103658589,0.65548022,0.14996984,0.047844648,0.042278608,90,0,16201.73888,11.96860987
1193,13.58695652,62.1,39.91304348,0,0,9.730434783,9.982608696,37.55947113,126.832077,14.61478261,0,59.95863322,13.96956522,11536.67526,4.228436024,0.14929156,0.221661735,0.419084011,2.07E-05,12,0,11588.71823,19.71304348
1194,12.93162393,66.58119658,41.72649573,0,0,7.598290598,7.290598291,37.56330109,126.8368225,14.79401709,0,56.28516765,11.27350427,9950.674934,1.363606972,0.251683404,0.10245786,0.500445283,0.089740105,94,0,25256.34338,14.88888889
1195,14.30409357,9.842105263,9.216374269,0,0,9.602339181,9.584795322,37.56412888,126.8343124,14.61403509,0,58.40655046,12.8128655,9649.756305,2.121850067,0.043725778,0.053290307,0.602345245,0.250392859,17,0,15080.46959,19.1871345
1196,13.17647059,21.70588235,17.01470588,457.9705882,519.7205882,1.985294118,1.735294118,37.56824112,126.8358307,14.42647059,0,59.51746229,12.13235294,7679.30965,5.563307581,0.021341235,0.039319545,0.401833169,0.359733192,71,1,12246.59129,3.720588235
1197,13.01195219,117.2788845,99.43027888,586.7569721,561.685259,6.749003984,6.733067729,37.5602417,126.8358078,14.27569721,0,61.86352947,14.62151394,11294.84406,2.099133888,0.335047156,0.170571956,0.383074318,0.004047676,124,1,18164.91741,13.48207171
1198,13.79279279,55.87387387,38.94594595,438.5225225,399.8558559,3.567567568,3.117117117,37.56254959,126.8274384,14.05495495,0,60.42139524,12.40540541,9993.948835,2.484476469,0.144519003,0.183191335,0.239858804,0.115971688,28,1,12161.86316,6.684684685
1199,13.68636364,47.23181818,35.57727273,416.4090909,396.3045455,5.409090909,4.25,37.54782104,126.8361282,14.54227273,0,60.60844872,14,26942.55632,12.43426277,0.95194436,0,0,0.048037518,120,1,26485.03503,9.659090909
120,13.91666667,75.44047619,62.98809524,296.4761905,294.6785714,2.05952381,1.678571429,37.54524231,126.9341126,14.68452381,0,61.8452381,15.16666667,16739.5518,2.635383076,0.999822663,0,0,0,122,1,17885.42167,3.738095238
1200,13.35135135,3.810810811,1.783783784,68.2972973,76.94594595,1.648648649,1.378378378,37.57844925,126.7989731,15.03783784,0,60.47550243,14.02702703,1162.518899,14.51286372,0.128389136,0,0,0.870922228,53,1,2263.632733,3.027027027
1201,12.54615385,100.6769231,88.93461538,435.4346154,406.6384615,5.446153846,5.35,37.49317932,127.1185455,15.14923077,0,62.8340355,14.38846154,17304.02513,3.772063045,0.67031307,0.30642347,0,0.023246633,50,2,27347.94666,10.79615385
1203,12.90322581,119.3145161,104.766129,712.5846774,676.733871,5.766129032,5.612903226,37.49372864,127.1206207,15.3108871,0,61.64598687,14.18951613,18769.98894,4.174362662,0.803344025,0.187154873,0,0.00948298,57,3,29794.74236,11.37903226
1204,13.40174672,67.72925764,42.75545852,300.0043668,283.4672489,4.183406114,4.187772926,37.49334335,127.1447296,15.31572052,0,61.37380137,14.32751092,15917.47193,6.61340079,0.930150076,0,0,7.25E-05,25,1,23704.4847,8.371179039
1205,14.39175258,93.07216495,81.38659794,668.4793814,620.8865979,4.824742268,3.592783505,37.51042938,127.071373,15.78762887,0,60.6865345,14.4742268,8356.191275,10.02210012,0.433879323,0.005380937,0,0.560410955,34,2,8524.69316,8.417525773
1206,14.02030457,100.7208122,102.5634518,652.6598985,640.7360406,3.837563452,3.081218274,37.51128006,127.0782394,15.50913706,0,60.13539568,13.78172589,13234.2856,5.684599757,0.742562864,0.061916375,0,0.195506523,28,2,24792.61422,6.918781726
1207,14.26086957,93.76811594,24.21014493,0,0,2.463768116,2.463768116,37.49975586,127.152504,16.08188406,0,58.92971386,13.92028986,15432.64492,13.330357,0.645188223,0,0,0.267474131,21,0,10052.68452,4.927536232
1208,13.34710744,102.661157,74.76033058,300.0495868,284.5289256,5.632231405,5.524793388,37.52974701,127.1199646,15.43719008,0,61.70073691,14.34297521,14631.77413,1.215539963,0.893460809,0,0,0.07910379,84,1,22296.6358,11.15702479
1209,14.03030303,21.91341991,19.11255411,472.2380952,466.2510823,7.056277056,7.043290043,37.52045059,127.1042023,15.54199134,0,60.48614441,14.30735931,14306.13633,9.481399832,0.718408837,0.09415281,0,0.187442236,43,1,23648.87804,14.0995671
121,13.53900709,106.9574468,89.5248227,363.6312057,375.8014184,2.425531915,2.340425532,37.54976654,126.9331741,14.63120567,0,60.0070922,14.34042553,15128.26525,21.60968537,0.971596366,0.026916336,0,0,180,2,20579.25001,4.765957447
1210,13.14566929,231.0905512,249.2598425,2340.393701,2231.535433,21.48031496,21.62992126,37.51312637,127.1009598,15.24566929,0,61.81003028,14.37795276,18818.69212,2.270098863,0.532503087,0.467494324,0,0,66,2,42590.78467,43.11023622
1212,13.62962963,103.0555556,77.12962963,264.1851852,256.7314815,4.425925926,4.532407407,37.49941254,127.1128693,15.58333333,0,60.76496261,14.25462963,24955.22674,2.134902154,0.868778655,0.099214023,0,0.031990494,39,1,19695.07098,8.958333333
1213,15.59302326,68.65116279,24.95348837,0,0,1.790697674,1.744186047,37.50831985,127.1332169,15.73488372,0,58.47559034,13.29069767,16572.1398,2.631733402,0.773261518,0,0,0.201489369,19,0,14128.84496,3.534883721
1214,13.98522167,42.04433498,26.04926108,295.182266,297.0246305,3.334975369,3.339901478,37.50259399,127.1276474,15.66157635,0,61.0676121,14.18719212,20807.88428,5.120598013,0.999430452,0,0,0,23,2,16944.17822,6.674876847
1215,14,33.01333333,27.36888889,494.0177778,480.0044444,5.315555556,5.217777778,37.51657104,127.1315384,15.56133333,0,60.03787293,14.22666667,9970.080733,4.157816685,0.570524321,0,0,0.429684082,14,2,8887.367132,10.53333333
1217,14.18421053,78.48684211,51.94078947,459.7828947,420.6842105,2.282894737,2.368421053,37.47930527,127.1297989,16.04802632,0,59.09562669,14.28947368,14337.6131,3.861862858,0.642745637,0.075097535,0,0.241648998,66,1,20706.06614,4.651315789
1218,14.0619469,49.02212389,31.11946903,257.579646,240.079646,7.261061947,7.168141593,37.50896835,127.1258392,15.63982301,0,60.55670127,14.30530973,20830.02453,1.703364,0.975933995,0,0,0.023231099,22,1,21059.72778,14.42920354
122,13.53932584,97.03370787,90.41573034,291.1516854,275.5,2.162921348,2.101123596,37.54745865,126.9383774,14.43033708,0,61.73595506,14.91573034,18768.26058,23.13656388,0.998926919,0,0,0,129,1,22380.20322,4.264044944
1220,13.44915254,88.36016949,82.08474576,0,0,5.050847458,5.56779661,37.50569153,127.0840378,15.44576271,0,61.35979628,14.19067797,23077.91092,0.40182743,0.995894074,0.002449058,0,0.001643924,26,0,27856.16243,10.61864407
1221,14.35436893,93.85436893,89.26213592,0,0,4.67961165,4.966019417,37.50419998,127.087532,15.74563107,0,59.1533464,14.1407767,22695.19788,0.256701151,0.96804575,0,0,0.031960722,31,0,28109.83161,9.645631068
1222,12.8129771,120.7709924,132.0229008,579.7938931,550.4541985,9.038167939,9.194656489,37.51198196,127.0850525,15.20267176,0,62.21257927,14.25572519,23400.64884,2.705729049,0.931070414,0.063051588,0,0.005865053,32,1,31802.32439,18.23282443
1224,13.28384279,105.2270742,133.7947598,589.3668122,582.9213974,3.917030568,3.982532751,37.51216888,127.0789337,15.26550218,0,61.66153118,14.069869,13363.30166,9.264979863,0.726491246,0.065632678,0,0.207854071,29,2,26006.03505,7.899563319
1226,13.63348416,58.75113122,46.97737557,223.7013575,210.438914,4.868778281,5.027149321,37.52007675,127.1123657,15.57647059,0,60.13685984,14.3438914,14643.91831,2.008889303,0.615345185,0.065381559,0,0.31917488,57,1,18890.51563,9.895927602
1227,13.09756098,62.15447154,41.39837398,285.8373984,281.6097561,4.219512195,4.105691057,37.49312592,127.1438217,15.20162602,0,62.15398895,14.52439024,15956.90303,6.448699006,0.947491528,0,0,0.000709347,23,1,22161.68946,8.325203252
1228,14.43646409,133.6132597,46.92265193,0,0,3.160220994,3.491712707,37.49769974,127.1462021,15.95745856,0,59.31264343,14.54143646,17946.75641,6.260550287,0.973719228,0,0,0.000392212,22,0,24839.61188,6.651933702
1229,13.56684492,85.86096257,72.45989305,325.1390374,337.9251337,4.759358289,4.695187166,37.49068832,127.1431274,15.33529412,0,60.26467503,13.86631016,14928.17884,8.507888017,0.837536341,0.007362706,0,0.000709347,23,1,14790.83499,9.454545455
123,13.7706422,157.5458716,113.0504587,0,0,4.19266055,4.52293578,37.59432983,126.9473877,13.73669725,0,64.38073394,11.72477064,13041.01569,14.93974211,0.945494226,0,0,0.054806082,216,0,18221.55763,8.71559633
1230,13.91156463,114,70.82993197,239.3333333,220.3741497,1.979591837,2.054421769,37.49567032,127.1305924,15.55034014,0,58.83080237,13.04761905,20241.41529,8.091126376,0.999990939,0,0,0,49,1,19054.08186,4.034013605
1231,13.028,228.108,246.548,2321.04,2220.78,5.972,6.032,37.51408768,127.0990295,15.3788,0,62.00514308,14.476,18299.95731,1.203418574,0.576710392,0.423281841,0,0,66,2,40916.09144,12.004
1232,14.05882353,213.7963801,244.7104072,0,0,7.457013575,7.588235294,37.51184082,127.0956879,15.70316742,0,59.69194454,14.0361991,19890.1511,1.155102437,0.791924581,0.208070241,0,0,63,0,38038.05674,15.04524887
1233,14.52380952,152.8571429,168.8412698,0,0,3.777777778,3.375661376,37.51050949,127.0933685,16.03650794,0,59.14467983,14.58201058,22566.93063,4.590363813,0.861783566,0.13821255,0,0,55,0,37001.71597,7.153439153
1235,13.34309623,149.748954,157.0041841,612.4435146,571.0251046,5.0041841,5.351464435,37.50887299,127.0871658,15.50167364,0,60.48109377,13.9874477,29641.67561,1.578294691,0.973194985,0.026798543,0,0,50,1,37463.66758,10.35564854
1239,13.37647059,29.70588235,27.74117647,0,0,2.517647059,2.341176471,37.48084259,127.1180115,15.58235294,0,60.74203469,13.24705882,11223.16062,5.433899352,0.194117601,0.217557104,0,0.362593878,12,0,19155.94382,4.858823529
124,14.29444444,168.2388889,149.5555556,1354.916667,1396.794444,3.033333333,2.816666667,37.55113983,126.9369888,14.90833333,0,59.14444444,14.93333333,15556.41492,11.89140886,0.930052994,0.068167168,0,0,171,3,23185.31381,5.85
1240,14.13043478,25.2173913,18.8136646,0,0,2.447204969,2.385093168,37.48057556,127.1185684,15.78819876,0,59.10857939,14.10559006,11725.62918,8.902762726,0.188312092,0.259214386,0,0.341665566,12,0,19126.36696,4.832298137
1241,15.41758242,94.89010989,99.1978022,0,0,2.428571429,1.945054945,37.48123932,127.1197968,16.28021978,0,58.45898281,13.40659341,13403.88741,1.437583288,0.237467995,0.298830355,0,0.201766376,22,0,22521.36754,4.373626374
1242,17.68421053,91.73684211,29.10526316,0,0,1.421052632,1.210526316,37.48163223,127.1191635,15.31578947,0,59.53530364,14.42105263,12793.09598,2.011636789,0.221494754,0.255123993,0,0.219564762,18,0,19238.70707,2.631578947
1243,13.4025974,72.49350649,108.6839827,744.4458874,702.7056277,6.757575758,7.008658009,37.4845314,127.120163,15.41385281,0,60.60070208,14.1038961,14459.07359,2.978573855,0.44111647,0.063256108,0,0.02775642,20,1,23994.09027,13.76623377
1244,13.2195122,122.0406504,113.8699187,1122.414634,1077.865854,6.341463415,6.235772358,37.48153687,127.1221237,15.50731707,0,61.42155879,14.56097561,14341.75551,1.604593269,0.378884255,0.344348916,0,0.053896099,55,2,24570.55476,12.57723577
1245,13.49308756,133.9769585,124.4516129,485.5207373,476.5023041,4.285714286,4.202764977,37.47946548,127.1253281,15.47235023,0,60.04697152,14.10599078,13328.60648,3.054113729,0.434324606,0.3315755,0,0.121872986,69,1,26148.47315,8.488479263
1246,13.81122449,62.44387755,55.22959184,523.2142857,512.622449,6.183673469,5.857142857,37.47750854,127.1263275,15.80510204,0,58.21705651,13.83673469,10161.93933,2.159355103,0.324860008,0.24360229,0,0.221040409,48,1,19528.26448,12.04081633
1247,13.7625,136.96875,139.2125,527.6375,492.775,3.4,3.1375,37.4788208,127.1235123,16.109375,0,56.75475721,13.48125,11793.90801,2.329951567,0.233826769,0.383430286,0,0.141479687,57,1,24314.25742,6.5375
1248,14.00884956,47.38938053,40.05309735,0,0,6.216814159,5.681415929,37.51396179,127.1216736,15.64867257,0,60.2180548,14.11504425,11290.52642,7.056990636,0.587099472,0,0,0.412890173,23,0,18097.36709,11.89823009
125,14.29545455,125.9318182,121.8522727,411.2443182,402.3352273,3.238636364,3.107954545,37.54948425,126.9389496,15.56079545,0,57.28977273,14.52272727,17065.42587,23.13656388,0.976176053,0.02214378,0,0,107,2,21599.34086,6.346590909
1250,12.55172414,17.20689655,24.93103448,0,0,1.344827586,1.275862069,37.48987198,127.1108398,15.49310345,0,54.84268347,12.65517241,7806.095368,6.512410343,0.32002273,0.335063984,0,0.338908435,13,0,15774.66222,2.620689655
1251,12.73461538,140.5807692,131.9692308,483.0076923,441.1,7.269230769,7.392307692,37.50593185,127.1077499,15.25884615,0,62.31899408,14.7,23088.78902,1.994246341,0.99888032,0,0,0,44,2,30437.38051,14.66153846
1253,14.40112994,46.14689266,25.35028249,308.2146893,303.7344633,2.994350282,2.86440678,37.50165176,127.1281815,15.51751412,0,59.78121831,13.79661017,20703.54748,5.809469897,0.999451163,0,0,0,29,2,15197.00102,5.858757062
1256,14.34482759,145.6206897,127.0344828,0,0,2.626436782,2.666666667,37.49113083,127.1258087,15.74770115,0,61.0116873,13.98850575,18145.63509,4.135468567,0.999473168,0.000486705,0,0,47,0,23329.94585,5.293103448
1257,14.20809249,169.2254335,126.0346821,582.4855491,547.2947977,4.433526012,4.583815029,37.49209976,127.1177521,15.60635838,0,57.78507337,13.26589595,15518.26531,2.528276468,0.645866503,0.314096839,0,0.034508156,49,2,20822.41606,9.01734104
1258,16.91780822,143.4520548,50.80821918,313.630137,245.9589041,1.630136986,1.726027397,37.49319839,127.1289978,16.12465753,0,58.39808219,13.31506849,19717.38835,4.83052131,0.999984467,0,0,0,49,1,20677.01594,3.356164384
1259,14.01818182,42.00909091,26.70909091,259.0863636,239.9636364,4.740909091,4.6,37.50898361,127.1265945,15.71818182,0,59.81805769,14.01818182,20275.97678,1.703364,0.972401501,0,0,0.026761005,18,1,20458.89151,9.340909091
126,14.015625,121.3541667,112.6979167,307.4114583,291.0677083,2.8125,2.75,37.55041122,126.9438477,14.84427083,0,58.52604167,14.15625,18750.51281,23.13656388,0.881805779,0,0,0,86,1,24858.72693,5.5625
1260,13.77678571,66.49107143,62,0,0,3.767857143,3.785714286,37.50630188,127.1213989,15.54375,0,61.02510188,14.29910714,24226.19307,2.845561091,0.996919261,0,0,0,13,0,18444.31819,7.553571429
1262,13.13821138,166.6463415,146.5487805,496.2886179,435.3536585,5.81300813,6.256097561,37.50580215,127.1097183,15.44715447,0,61.67999792,14.42276423,23571.24488,2.375237111,0.999977995,0,0,0,50,2,29757.03197,12.06910569
1263,14.2,128.52,75.02666667,0,0,1.72,1.853333333,37.48054123,127.1370163,15.768,0,60.02613333,12.58666667,14766.25278,7.283477498,0.606534014,0.016861219,0,0.267881876,42,0,11762.27308,3.573333333
1264,12.82692308,123.8307692,88.34615385,903.0769231,815.4846154,8.365384615,8.326923077,37.53858185,127.1228027,15.27038462,0,62.39657101,14.44230769,20048.21314,3.598525476,0.748109488,0.230399124,0,0.02066166,87,2,28737.36885,16.69230769
1265,13.61650485,161.1116505,135.7281553,768.6504854,745.4757282,3.475728155,3.330097087,37.48598862,127.1247635,15.58058252,0,60.32724483,13.91747573,16277.56974,2.852153648,0.77582578,0.011530765,0,0.007439078,52,1,24822.16545,6.805825243
1266,14.12230216,34.07194245,26.91366906,0,0,2.949640288,2.467625899,37.47880936,127.1200028,15.82446043,0,58.59546301,13.27338129,10793.1036,10.83378972,0.098657419,0.357224591,0,0.347480137,16,0,18030.2514,5.417266187
1267,14.53846154,51.97252747,45.88461538,0,0,4.379120879,4.340659341,37.51424026,127.1230698,15.89945055,0,58.21031558,14.08791209,10796.39129,7.235645581,0.484248106,0,0,0.514894983,23,0,17902.3005,8.71978022
1268,14.56185567,74.96907216,62.16494845,233.8917526,228.9639175,7.716494845,7.582474227,37.51728821,127.1141968,16.19536082,0,59.06386466,14.34020619,13562.29596,6.128565928,0.576861841,0.117101724,0,0.305939353,55,1,20134.0895,15.29896907
1269,14,87.97727273,74.78181818,640.3181818,601.7818182,3.886363636,3.668181818,37.51194382,127.091217,15.56909091,0,60.5899697,13.9,22949.92791,2.547419089,0.923886339,0.076113661,0,0,37,1,30956.19257,7.554545455
127,15.72881356,304.9152542,333.7457627,1355.186441,1689.135593,1.576271186,1.474576271,37.5535202,126.9369507,16.18983051,0,57.98305085,15.18644068,14339.05554,11.3028427,0.844435642,0.153869951,0,5.70E-05,229,3,30200.1158,3.050847458
1271,13.86713287,116.1048951,55.15384615,245.5384615,244.5174825,3.125874126,3.104895105,37.49998474,127.1353912,16.18111888,0,58.42917249,14.81118881,19656.75987,7.838650783,0.999453751,0,0,0,30,1,18027.10388,6.230769231
1274,14.44162437,87.48730964,64.19796954,322.4720812,277.8020305,3.883248731,3.54822335,37.53284836,127.121048,15.86142132,0,59.9182624,14.29949239,19206.64656,3.618571913,0.97017379,0.010484867,0,0,78,1,27234.6277,7.431472081
1275,14.08181818,83.00909091,37.29090909,0,0,2.463636364,2.572727273,37.50458908,127.1393662,15.81636364,0,60.82267599,14.54545455,11821.1693,5.561656396,0.641470626,0,0,0.161312912,24,0,14087.15324,5.036363636
1277,13.96335079,90.2513089,36.44502618,0,0,3.356020942,3.534031414,37.50375748,127.1370926,15.60314136,0,60.58258491,14.09947644,15269.82326,11.20903059,0.867719813,0,0,0.078863026,28,0,17351.27095,6.890052356
1278,13.34210526,107.3157895,117.377193,2406.5,2360.017544,5.210526316,5.153508772,37.51579666,127.1068192,15.4245614,0,60.79812922,14.24122807,19056.25162,2.270098863,0.627824766,0.372172646,0,0,56,2,36526.50181,10.36403509
1279,13.625,76.21875,52.984375,274.59375,365.859375,1.875,1.515625,37.49751663,127.1546783,15.18125,0,60.52752003,14.609375,14591.12074,15.91056165,0.806042908,0,0,0.178128827,27,1,13249.15022,3.390625
128,13.94711538,331.7355769,328.6586538,1332.278846,1410.129808,3.475961538,3.576923077,37.55549622,126.9363403,14.08028846,0,63.51442308,11.53365385,12723.90971,8.619703423,0.827432036,0.162679828,0,0.008184668,213,3,35128.20004,7.052884615
1280,15.9122807,77.5877193,20.63157895,329.5614035,182.8333333,1.938596491,1.929824561,37.49565887,127.1571732,16.27192982,0,56.90726608,13.64035088,11725.54826,25.29297629,0.676693306,0,0,0.109795972,25,1,10182.08536,3.868421053
1282,14.23502304,116.3410138,63.62211982,0,0,4.944700461,5.299539171,37.49987411,127.1414795,15.65023041,0,59.6181295,14.2764977,18689.90146,4.812324159,0.965097043,0,0,0.034928845,19,0,20695.90758,10.24423963
1283,13.39473684,57.94736842,23.55263158,392.3157895,361.3421053,1.605263158,1.342105263,37.50541306,127.131691,15.08947368,0,64.78801282,15.57894737,18016.79643,4.121389788,0.97001587,0,0,0.009137367,20,2,17616.0692,2.947368421
1285,13.71578947,143.8736842,135.0526316,0,0,1.947368421,2.031578947,37.4774704,127.1445923,15.78631579,0,62.74553711,14.45263158,9195.56258,5.825959033,0.528583559,0.031710897,0,0.028772546,20,0,18044.8758,3.978947368
1286,14.32065217,123.8478261,76.94565217,0,0,3.032608696,3.217391304,37.47437668,127.1406708,16.05923913,0,60.10204501,14.61956522,6134.663807,8.303502502,0.439468663,0.007533571,0,0.013921573,15,0,13612.08689,6.25
1287,14.90990991,191.2432432,145.6306306,0,0,1.900900901,2.117117117,37.47746658,127.14151,15.95315315,0,61.00401594,13.20720721,9841.774438,8.746303139,0.717529921,0.032935426,0,0.039505943,31,0,22009.67337,4.018018018
1288,13.71204188,97.35602094,58.78534031,0,0,2.984293194,2.560209424,37.48799896,127.1310883,15.31570681,0,60.78672909,14.29319372,19474.37422,4.518544478,0.92175571,0,0,0.077888322,43,0,16521.36035,5.544502618
1289,14.96899225,36.00775194,19.87596899,0,0,2.503875969,2.496124031,37.53147125,127.1110916,15.90077519,0,58.92512324,13.95348837,8066.264355,3.283738115,0.561490508,0,0,0.428763744,66,0,11471.65291,5
129,13.84242424,308.8969697,325.230303,1317.709091,1408.727273,2.472727273,2.460606061,37.55505371,126.9375687,14.73090909,0,59.78787879,14.73333333,12802.08923,9.154434429,0.815075426,0.172296134,0,0.008218323,196,3,33475.0758,4.933333333
1290,13.60204082,142.8061224,74.85714286,0,0,1.704081633,1.653061224,37.47458267,127.1375427,15.67346939,0,61.41602041,13.91836735,6332.337068,3.024369148,0.505046975,0.005387409,0,0.011478988,16,0,10454.41249,3.357142857
1291,14.55921053,66.30921053,70.72368421,0,0,5.282894737,5.407894737,37.52193832,127.1318665,16.21513158,0,55.65543185,13.48026316,13991.63998,1.103527771,0.507168542,0,0,0.373737609,23,0,15032.6447,10.69078947
1293,13.6473029,89.22821577,90.50207469,0,0,7.01659751,7.390041494,37.50656128,127.0965576,15.30912863,0,60.78944409,14.1120332,20254.37489,1.962008276,0.953132645,0.046864766,0,0,33,0,31157.30936,14.406639
1295,13.12204724,228.6299213,249.484252,2321.625984,2227.523622,10.92913386,11.0984252,37.51396179,127.1003037,15.31456693,0,61.68855845,14.37007874,18483.9765,2.270098863,0.53398003,0.466018676,0,0,66,2,42312.98795,22.02755906
1296,15.35526316,89.73026316,86.76973684,617.1907895,526.9342105,3.394736842,3.059210526,37.50867844,127.1034317,15.91776316,0,58.99951754,14.10526316,20814.02914,2.722276606,0.898967305,0.099924664,0,0,18,2,37650.04306,6.453947368
1297,13.55785124,66.9214876,65.40082645,517.9834711,467.607438,9.016528926,8.975206612,37.50920105,127.1041184,15.48636364,0,60.75821202,14.33471074,20992.41528,2.722276606,0.877747747,0.121144223,0,0,11,2,35833.33376,17.99173554
1299,14.775,20.06666667,19.575,0,0,2.216666667,2,37.51987839,127.1367111,16.18583333,0,58.59777244,13.80833333,8200.630982,3.406451053,0.517679298,0,0,0.136611343,8,0,7416.181862,4.216666667
130,13.43829787,296.7106383,306.7021277,1262.204255,1323.914894,4.642553191,4.582978723,37.55485916,126.9361572,14.89404255,0,60.0212766,15.40425532,13342.71661,8.619703423,0.83755058,0.158370678,0,0.003017312,218,3,33368.80622,9.225531915
1300,15.16083916,58.88811189,29.21678322,0,0,3.041958042,3.006993007,37.50693893,127.1392212,15.86993007,0,59.04493007,13.77622378,8501.935858,4.862575484,0.38644242,0,0,0.303870858,22,0,9784.767738,6.048951049
1302,13.67692308,202.6384615,147.7,370.8615385,399.9769231,2.323076923,2.276923077,37.58876419,127.0063095,13.72384615,0,61.49230769,14.70769231,24261.61446,14.68338649,0.940904184,0.056833156,0,0,142,1,20530.59734,4.6
1303,14.0875,254.1625,173.35,599.375,606.66875,2.3875,2.45,37.59169388,127.012497,13.711875,0,62.9125,14.63125,20453.56261,12.49790322,0.801729874,0.197914159,0,0,179,2,29722.94348,4.8375
1304,17.38461538,65.46153846,20.38461538,0,0,1.538461538,1.153846154,37.59440231,126.9923096,13.14615385,0,72.53846154,13.46153846,4492.065367,13.43116215,0.788309244,0,0,0.211843498,78,0,3942.089186,2.692307692
1305,13.78857143,259.4914286,216.8628571,633.7314286,635.6057143,3,2.891428571,37.58932877,127.0164337,13.632,0,62.15428571,14.08571429,18658.29557,7.192652006,0.818015072,0.181803708,0,0,140,2,30085.56909,5.891428571
1306,13.44843049,135.2376682,98.74439462,333.6098655,354.0493274,4.269058296,4.269058296,37.58844757,127.0067062,13.70896861,0,62.01793722,14.00896861,24383.0407,14.68338649,0.939901002,0.057778088,0,0,138,1,20717.21532,8.538116592
1308,12.14760148,127.5166052,127.6752768,430.3136531,425.6125461,10.06273063,11.58302583,37.58259201,127.0289764,13.1804428,0,63.9298893,14.34317343,13585.96899,6.397299156,0.996602126,0.00192352,0,0,68,1,23891.30983,21.64575646
131,13.6,106.7617021,97.82978723,282.9617021,272.5489362,5.536170213,6.004255319,37.5841713,126.9111023,13.73191489,0,64.2,11.84680851,21476.95781,11.102647,0.998115313,0,0,0,69,1,22868.89094,11.54042553
1314,13.59701493,175.119403,103.4776119,114.0298507,134.5373134,1.582089552,1.492537313,37.60243988,127.0116882,13.8119403,0,61.07462687,14.28358209,19035.37954,8.273810883,0.912472073,0,0,0.087178432,155,1,19314.16994,3.074626866
1315,14.14102564,135.1794872,101.4102564,0,0,1.871794872,1.833333333,37.60776138,127.0032806,13.63717949,0,60.23076923,13.53846154,12106.77528,8.714364116,0.767782205,0,0,0.231666369,71,0,8750.010035,3.705128205
1316,14.43243243,129.2702703,96.40540541,0,0,1.621621622,1.621621622,37.60726166,127.0028381,13.85945946,0,63.83783784,15.62162162,11270.98221,8.714364116,0.715262083,0,0,0.284191669,61,0,7729.557815,3.243243243
1318,13.05853659,177.3902439,95.45853659,438.4439024,402.7170732,3.336585366,3.453658537,37.60308456,127.0247879,13.55317073,0,62.69756098,14.29268293,23834.20666,9.39654322,0.903804583,0.052514944,0,0,124,1,26186.68232,6.790243902
1319,13.86666667,226.2974359,206.4358974,0,0,3.246153846,3.502564103,37.6030426,127.0332718,13.67948718,0,62.62051282,14.71282051,19284.19614,5.969251139,0.931542881,0.06838722,0,0,95,0,29045.48645,6.748717949
1321,12.42248062,111.4379845,91.74806202,253.8914729,260.8488372,5.604651163,5.546511628,37.59328842,127.0366669,13.23372093,0,63.09689922,14.14728682,13199.6061,5.346650464,0.999486112,0,0,0,69,1,18142.59102,11.15116279
1322,14.48128342,216.1497326,194.6363636,435.4224599,425.5240642,3.438502674,3.839572193,37.59806824,127.0392761,13.77807487,0,61.04278075,13.53475936,15676.70714,2.870138353,0.99824605,0,0,0,38,1,19644.87675,7.278074866
1323,14.89,67.12,51.78,506.44,516.24,2.33,2.23,37.60043335,127.0402069,13.456,0,57.73,12.96,16486.78329,5.903582605,0.999480934,0,0,0,66,1,20363.03358,4.56
1325,14.5047619,47.07619048,33.19047619,265.1714286,230.9333333,2.095238095,1.847619048,37.60580826,127.0477371,13.8247619,0,58.52380952,12.82857143,15388.4041,13.637785,0.998128257,0,0,0,70,1,14430.04601,3.942857143
1326,13.6746988,37.45180723,19.36746988,228.1927711,209.0180723,2.572289157,2.469879518,37.60606766,127.0473175,13.64819277,0,62.62048193,13.91566265,15917.31982,13.637785,0.998499758,0,0,0,74,1,14994.58788,5.042168675
1327,14.06842105,43.14736842,33.98421053,230.9578947,216.6684211,3.410526316,3.447368421,37.60734177,127.0506821,13.81052632,0,60.21578947,13.8,13903.96927,8.385966858,0.997879727,1.04E-05,0,0,57,1,12618.21176,6.857894737
1328,13.25104603,64.56066946,44.29288703,392.1757322,397.041841,6.757322176,6.732217573,37.6026268,127.0416336,13.52845188,0,62.39330544,13.85355649,17743.13451,9.500649948,1.000005178,0,0,0,93,1,19362.83878,13.48953975
133,13.99107143,113.9419643,94.375,294.1919643,278.8258929,5.013392857,5.857142857,37.58203125,126.9089966,13.82455357,0,63.84375,12.08928571,19706.0522,8.625048076,0.998073891,0,0,0,66,1,21325.39609,10.87053571
1332,12.8875,56.94166667,48.84166667,507.675,438.3833333,4.0625,4.2875,37.61355591,127.0660934,13.46541667,0,62.97083333,14.29166667,21446.0245,2.680430302,0.89045903,0.037230338,0,0.067088909,158,2,17004.13383,8.35
1333,13.9015544,83.07253886,58.59585492,251.1917098,230.8445596,3.155440415,3.367875648,37.61052322,127.0597992,13.68601036,0,61.7253886,13.5492228,18198.94388,3.521571971,0.913753556,0.085131941,0,0,63,1,15041.74979,6.523316062
1334,13.54314721,74.41116751,62.49746193,546.4365482,434.8883249,3.07106599,3.101522843,37.61299896,127.0613098,13.49187817,0,61.03553299,13.63451777,20228.1929,2.072451284,0.924809266,0.070837573,0,0,141,2,13275.84894,6.172588832
1336,13.5245098,337.745098,279.7205882,575.9754902,580.877451,3.495098039,3.642156863,37.59125137,127.0140076,13.43676471,0,62.13235294,14.08333333,20438.41301,8.974321742,0.790472233,0.209138144,0,0,167,2,30967.73269,7.137254902
1337,13.37004405,265.8986784,232.4317181,568.277533,559.0044053,4.370044053,4.36123348,37.59038162,127.0171356,13.67268722,0,61.94713656,14.37004405,18989.73342,7.192652006,0.809394182,0.190353405,0,0,144,2,30035.81885,8.731277533
1338,13.51834862,150.1788991,131.0917431,224.2201835,219.2201835,3.348623853,3.394495413,37.5868988,127.020752,13.65688073,0,61.69724771,14.00458716,16904.38239,12.20838955,0.98816375,0.011792239,0,0,113,2,22654.62159,6.743119266
1339,12.83823529,258.6078431,197.5980392,563.4803922,443,2.784313725,2.87745098,37.610569,127.0335083,13.2995098,0,63.48529412,13.91176471,20534.63302,9.20821963,0.892281585,0.100640483,0,0,196,1,24026.85903,5.661764706
134,14,533.5085714,582.12,1183.617143,1333.708571,2.742857143,2.628571429,37.55789185,126.9380798,14.06114286,0,62.20571429,11,9336.128504,7.440817202,0.798962387,0.185987299,0,0.008218323,270,2,36453.61122,5.371428571
1340,14.96638655,204.487395,174.9159664,0,0,2.159663866,2,37.61784363,127.0550003,13.78067227,0,62.84033613,14.61344538,15472.82473,7.136147573,0.94375322,0,0,0.016119512,142,0,12367.47833,4.159663866
1342,15.90909091,130.5454545,15.90909091,0,0,1.363636364,1.181818182,37.59261703,126.9979324,15.09090909,0,55.81818182,11.81818182,9407.366823,21.62397303,0.975673814,0,0,0.022547641,133,0,11435.68279,2.545454545
1343,14.24242424,162.9015152,108.6666667,355.6742424,377.4393939,2.007575758,2.03030303,37.58924866,127.0073776,13.79318182,0,63.21212121,14.39393939,24607.12788,13.78985011,0.932738932,0.064497464,0,0,156,1,21713.04045,4.037878788
1344,15.69491525,306.5254237,68.59322034,174.8644068,95.27118644,1.915254237,1.627118644,37.60028839,127.0137024,14.18813559,0,58.01694915,13.08474576,20941.1678,6.923647522,0.999616849,0,0,0,159,1,25427.91859,3.542372881
1346,15.21259843,209.0393701,42.71653543,0,0,1.937007874,2.338582677,37.60897827,127.0202484,13.87637795,0,62.2519685,14.57480315,30388.0563,9.502755014,0.957274815,0,0,0,126,0,30664.00215,4.275590551
1347,14.84810127,218.3417722,59.48101266,0,0,1.772151899,1.797468354,37.60710526,127.0214996,13.87721519,0,61.59493671,12.94936709,29212.87892,8.503935813,0.898419762,0.002029663,0,0,122,0,30994.63708,3.569620253
1348,14.16923077,292.6384615,161.4230769,506.1153846,458.2,2.4,2.1,37.60475159,127.0227585,13.55230769,0,64.04615385,13.81538462,26912.20775,11.30117149,0.887111639,0.02915958,0,0,137,1,28764.80978,4.5
1349,14.37313433,180.2462687,122.4179104,0,0,2.23880597,2.201492537,37.62382889,127.0502014,13.93358209,0,61.70895522,14.17164179,15752.57633,7.103528835,0.740902113,0,0,0.228826394,121,0,14607.74191,4.440298507
135,14.94964029,435.9568345,534.2877698,0,0,2.151079137,2.223021583,37.55922699,126.9398422,14.05755396,0,63.92086331,10.78417266,7042.390391,9.100030094,0.806507607,0.178407129,0,0.008218323,209,0,32256.80056,4.374100719
1351,12.61382114,172.3170732,153.2926829,467.9796748,482.6463415,4.837398374,5.028455285,37.5794487,127.0241928,13.42357724,0,63.11788618,14.23170732,19162.73466,8.211083848,0.921503297,0.076706509,0,0,50,3,22614.96565,9.865853659
1352,13.05,161.75,79.8,293.1,308.9,1.2,1.35,37.58388138,127.0170975,12.6,0,52,11.6,20083.14512,10.03904865,1.000849145,0.00024853,0,0,118,3,19196.14606,2.55
1353,16.28846154,316.1153846,183.5384615,666.4615385,388.3846154,1.557692308,1.730769231,37.60083008,127.0235519,13.82115385,0,59.90384615,14.88461538,24023.7822,16.67437861,0.989467239,0.008651957,0,0,140,1,24901.21044,3.288461538
1354,12.97881356,174.1228814,153.2584746,272.1822034,278.8516949,5.457627119,5.355932203,37.5907135,127.0361939,13.58432203,0,62.54237288,14.36440678,10660.74161,4.669817067,0.998046708,0,0,0,71,1,17223.31731,10.81355932
1355,12.84773663,158.6954733,144.3703704,760.691358,750.6049383,6.518518519,6.967078189,37.58869934,127.0189133,13.48230453,0,62.70781893,14.29218107,17541.0443,12.20838955,0.906476282,0.09346288,0,0,145,4,26790.22131,13.48559671
1357,14.87301587,181.1746032,65.07936508,159.2539683,144.3015873,1.761904762,1.571428571,37.61207199,127.0081329,13.51746032,0,60.28571429,12.95238095,19929.43892,15.31742376,0.921646978,0,0,0.077954338,137,1,14403.66171,3.333333333
1358,13.91719745,204.2292994,90.68152866,123.7070064,105.6815287,2.414012739,2.414012739,37.60478973,127.010582,13.6133758,0,63.22929936,14.84076433,18897.89565,8.300507514,0.843361267,0,0,0.156624494,146,1,14917.05838,4.828025478
1359,13.31336406,97.1797235,73.68663594,0,0,3.483870968,3.419354839,37.61980057,127.0450974,13.62580645,0,62.43778802,14.37327189,16485.40821,11.16656355,0.891563177,0,0,0.011952748,111,0,13312.39405,6.903225806
1360,14.51724138,265.5258621,103.362069,144.6982759,126.4137931,2.24137931,2.198275862,37.60309601,127.013504,13.69051724,0,62.4137931,13.27586207,22728.05048,6.920304115,0.99839232,0,0,0.001202524,161,1,22125.48876,4.439655172
1361,15.79844961,56.62790698,2.984496124,0,0,2.341085271,2.333333333,37.59296799,127.0022354,14.30775194,0,59.78294574,14.47286822,13877.81262,19.02881735,0.996070117,0,0,0.002902108,76,0,11699.57444,4.674418605
1362,14.47179487,158.8666667,130.4923077,245.2820513,230.8974359,3.579487179,3.687179487,37.58519745,127.0196686,13.81179487,0,62.02564103,13.85641026,19003.10549,8.627191017,0.994610002,0.005708428,0,0,114,2,21003.55144,7.266666667
1363,13.18376068,115.8290598,99.44871795,217.5299145,220.4444444,5.363247863,5.799145299,37.58375168,127.0219498,13.41495726,0,62.38461538,14.08974359,18353.76082,6.988096022,0.999721698,0,0,0,69,2,20041.95824,11.16239316
1364,14.27272727,217.2167832,143.4335664,363.4825175,381.6993007,2.58041958,2.734265734,37.59017181,127.0040894,13.86433566,0,61.15384615,14.1048951,20569.9457,13.0606455,0.954776569,0.042278608,0,0,146,1,18926.1243,5.314685315
1365,12.79069767,67.48837209,3.209302326,0,0,1.697674419,1.395348837,37.5933609,126.9990921,13.8372093,0,62.53488372,18.3255814,9559.316668,21.62397303,0.98460019,0,0,0.01385038,92,0,10197.4161,3.093023256
1366,15.31081081,43.91891892,39.86486486,482.7162162,428.2972973,1.621621622,1.648648649,37.59972,127.0403824,14.51756757,0,60.45945946,13.93243243,16027.95278,4.238689255,0.999386441,0,0,0,37,1,19410.15023,3.27027027
1367,14.11650485,280.4951456,187.0776699,533.6796117,539.7281553,2.174757282,2.058252427,37.60404587,127.0226593,14.01650485,0,60.63106796,13,26661.94114,8.469227819,0.92314722,0.023398081,0,0,129,1,28327.7083,4.233009709
1368,13.84180791,258.9548023,224.0169492,611.6158192,605.3954802,2.559322034,2.587570621,37.59139633,127.0201569,13.7440678,0,60.23163842,12.8079096,18524.5849,12.14993415,0.848074279,0.15190501,0,0,106,2,25128.99341,5.146892655
137,15.04819277,179.3975904,176.939759,534.5060241,572.2048193,2.289156627,1.674698795,37.55681229,126.9431839,14.44819277,0,64.12048193,11.87951807,13074.90295,7.564995117,0.780439122,0.185597676,0,0.008218323,135,1,26492.88864,3.963855422
1370,15.35135135,69.40540541,21.89189189,0,0,1.891891892,1.297297297,37.59453964,126.9952087,14.71621622,0,62.62162162,15.02702703,5646.869398,15.19378059,0.940654359,0,0,0.057173591,96,0,5532.3146,3.189189189
1372,13.53061224,146.8214286,150.2142857,508.872449,511.0816327,3.862244898,3.505102041,37.58644485,127.031601,13.93163265,0,60.84183673,13.69387755,8507.510634,10.20291898,0.999738526,0,0,0,55,1,23853.37614,7.367346939
1373,14.93150685,133.6712329,106.9109589,490.4657534,484.3013699,2.678082192,2.575342466,37.60229111,127.0389786,14.16369863,0,59.47260274,13.18493151,17872.98705,8.551241531,0.999471873,0,0,0,83,1,26798.89924,5.253424658
1375,13.395,183.3,159.12,418.59,423.195,3.395,3.15,37.60390854,127.0373764,13.5365,0,62.52,13.87,19033.87004,10.5223239,0.999805836,0.000142387,0,0,115,1,28657.90604,6.545
1376,15.6,2.4,0.266666667,0,0,1.866666667,1.8,37.59732056,127.043808,14.22666667,0,52.93333333,8.133333333,13332.40905,12.15774569,0.99889197,0,0,0,16,0,9828.532079,3.666666667
1377,12.35,85.7,58.9,809.45,983.75,1.65,1.75,37.60418701,127.0454941,13.425,0,54.6,10.25,16101.61298,13.27066778,0.999053773,0,0,0,82,2,14862.28629,3.4
1379,9,139.5,114.5,0,0,1,1,37.60935974,127.0181732,12.2,0,62.5,10.5,31358.07329,12.11893546,1.000142387,0,0,0,142,0,26921.15753,2
138,13.79032258,504.2150538,471.8333333,0,0,2.623655914,2.516129032,37.5591774,126.9345245,13.40107527,0,64.91397849,11.59139785,11023.43645,7.66616733,0.925202772,0.072792159,0,0.001167574,193,0,30403.74077,5.139784946
1380,14,63.91346154,43.38461538,421.2163462,399.1057692,5.052884615,5.423076923,37.60108566,127.0412369,13.60625,0,61.22596154,13.67788462,16768.74234,5.224318134,0.999557306,0,0,0,76,1,18441.48229,10.47596154
1381,12.92888889,53.64444444,46.58666667,523.2177778,456.0977778,4.364444444,4.333333333,37.61478424,127.0670013,13.49955556,0,61.77777778,14.32888889,21672.48776,2.680430302,0.778990657,0.072799925,0,0.145744827,151,2,18217.22815,8.697777778
1382,14.31736527,155.3173653,106.7964072,0,0,3.431137725,3.598802395,37.60866547,127.0362701,13.90778443,0,61.37125749,14.36526946,20273.45815,12.67404504,0.994901248,0.004473543,0,0,138,0,21826.48201,7.02994012
1384,13.58095238,263.1428571,210.9333333,587.1904762,577.5428571,3.880952381,4.252380952,37.59282684,127.0162888,13.5547619,0,62.52857143,13.88095238,20910.9009,9.598647811,0.79458722,0.205032218,0,0,141,2,30941.06066,8.133333333
1385,13.615,285.395,248.41,598.33,588.82,3.445,3.51,37.59236526,127.0162888,13.735,0,62.075,14.02,20646.42228,8.008805955,0.79445001,0.205179783,0,0,142,2,30619.99527,6.955
1386,14.19565217,282.1956522,173.8152174,699.8478261,625.6521739,1.891304348,1.782608696,37.59415817,127.0189667,14.01630435,0,60.63043478,13.16304348,22633.07687,11.27360033,0.857183169,0.142757287,0,0,95,2,26775.02986,3.673913043
1388,14.88311688,254.6753247,173.6493506,636.4285714,634.4935065,2.337662338,2.448051948,37.59088135,127.0117035,13.59935065,0,60.63636364,13.62987013,21049.11285,12.49790322,0.824796581,0.174705065,0,0,165,2,29407.55942,4.785714286
139,13.89285714,639.3392857,522.1071429,0,0,1.571428571,1.5,37.55986404,126.9344177,13.89642857,0,59.78571429,9.571428571,10737.0872,8.454237756,0.948939993,0.050030937,0,0,172,0,29481.07247,3.071428571
1390,13.66820276,93.91705069,83.37788018,0,0,3.926267281,4.391705069,37.60646057,127.0616226,13.64009217,0,62.91705069,14.40092166,18360.3176,1.893220981,0.985467457,0.013937106,0,0,25,0,16222.51066,8.31797235
1391,14.63157895,167.7982456,142.0350877,0,0,1.903508772,1.745614035,37.61701202,127.0561676,13.74561404,0,59.24561404,14.12280702,16313.26804,9.862738151,0.991606929,0.000692519,0,0,143,0,12210.58174,3.649122807
1392,14.91304348,120.8695652,86.95652174,0,0,1.739130435,1,37.5970993,127.0226288,14.53913043,0,58.86956522,11.08695652,23321.87026,14.55647565,0.970819709,0.028261247,0,0,55,0,18818.45063,2.739130435
1393,16.47058824,177.5294118,84.82352941,0,0,1.529411765,1.235294118,37.59802628,127.0214081,15.18235294,0,53,10.47058824,24653.4148,30.39894083,0.97195104,0.02748459,0,0,43,0,22437.34492,2.764705882
1394,14.18934911,241.8402367,170.8698225,482.8047337,361.4497041,2.467455621,2.550295858,37.60241699,127.0197144,13.66745562,0,63.52071006,14.64497041,28321.29046,4.590748636,0.999783831,0,0,0,144,1,30763.03699,5.017751479
1395,14,190.4,145.3793103,0,0,2.710344828,2.634482759,37.61817932,127.0518341,14.02344828,0,61.73793103,15.26896552,14249.22042,9.862738151,0.877245509,0,0,0.007804106,132,0,15302.75015,5.344827586
1396,14.43877551,182.4387755,138.6734694,0,0,3.576530612,3.836734694,37.61844254,127.0514526,13.77397959,0,61.19387755,14.62755102,14457.69775,15.70727845,0.874263147,0,0,0.01040979,122,0,15610.23107,7.413265306
140,13.71014493,546.6521739,494.7898551,0,0,2.775362319,2.724637681,37.560009,126.9407349,13.83550725,0,63.67391304,10.75362319,6735.420813,10.05276122,0.819626635,0.165307517,0,0.008218323,179,0,28129.57792,5.5
1401,13.34955752,83.12831858,60.51769912,695.7433628,605.1150442,3.646017699,4.221238938,37.61473846,127.0763626,15.37300885,0,53.82743363,15.38053097,19759.19786,2.282072147,0.792217122,0.10508296,0,0.104298537,129,3,21489.34331,7.867256637
1402,13.79144385,140.3903743,96.88235294,0,0,3.026737968,2.930481283,37.60007095,127.1023331,15.63315508,0,53.55080214,15.88235294,16846.32215,6.078782605,0.891204621,0.00232997,0,0.106430459,100,0,19939.85315,5.957219251
1403,13.36607143,135.7142857,96.56696429,209.2678571,175.8839286,3.09375,3.299107143,37.59424973,127.0765762,15.21517857,0,53.91071429,14.98660714,18990.78065,2.165489914,0.995340059,0.000178631,0,0.004188769,55,1,24490.90336,6.392857143
1404,13.63181818,179.0181818,148.5772727,897.2090909,858.4954545,4.131818182,4.113636364,37.59529877,127.0800324,15.10363636,0,53.23636364,14.88636364,22336.24751,1.82324355,0.978992728,0.020502445,0,0,56,3,24462.47398,8.245454545
1405,15.1509434,189.4716981,105.0503145,349.7610063,288.8301887,2.836477987,2.660377358,37.59909821,127.0929489,15.70691824,0,51.71069182,14.70440252,24403.54481,4.051919188,0.758916667,0.240764903,0,0,90,1,28932.82819,5.496855346
1407,13.45575221,83.73451327,59.84513274,299.199115,280.7079646,3.398230088,3.721238938,37.61151123,127.0778885,15.14690265,0,54.02654867,15.25221239,18167.20623,5.125924304,0.859678827,0.049980454,0,0.08998734,90,1,23005.39818,7.119469027
1408,13.745,76.17,58.305,313.295,257.335,3.11,3.685,37.61072159,127.0774765,15.5825,0,53.845,15.795,18187.32985,5.125924304,0.871032255,0.030993784,0,0.097621877,63,1,22877.4312,6.795
141,14.08653846,394.2115385,330.0384615,0,0,2.375,2.134615385,37.56238174,126.9326477,13.1375,0,62.97115385,9.048076923,12094.17499,10.53775022,0.998762527,0,0,0,85,0,22121.90985,4.509615385
1410,14.47058824,147.2941176,96.76470588,604.2352941,505.2941176,1.558823529,1.235294118,37.57778168,127.0901871,15.30294118,0,50.26470588,16.35294118,20860.73649,9.430882734,0.683012704,0.047189667,0,0.26982999,47,1,20418.74855,2.794117647
1411,13.12719298,132.2061404,76.32894737,1022.372807,886.4605263,3.385964912,3.592105263,37.59254074,127.0867386,15.01929825,0,54.46929825,15.12719298,28407.30202,2.548836084,0.911859808,0.087533105,0,0,60,3,26248.92971,6.978070175
1414,12.60447761,140.2014925,112.238806,436.891791,415.0820896,6.421641791,6.552238806,37.58098984,127.0882416,14.76716418,0,55.3880597,15.34701493,26883.96453,3.038036707,0.934921338,0.051753821,0,0.013335197,57,1,28039.09104,12.9738806
1416,12.83333333,135.3455285,65.38211382,623.7317073,599.9512195,4.329268293,4.508130081,37.59521866,127.0859985,14.83252033,0,55.13414634,15.35365854,27851.38541,2.165424961,0.853978166,0.145580434,0,0,47,2,23704.93894,8.837398374
1418,16.35714286,127.5714286,28.92857143,0,0,2.5,1.357142857,37.61743927,127.1090164,16.68571429,0,42.85714286,16.5,6952.32535,17.0924599,0.269177598,0,0,0.42710817,23,0,5588.974199,3.857142857
142,14.015625,154.2421875,130.1796875,506.9453125,547.65625,2.03125,2.0546875,37.55720139,126.9556656,15.2671875,0,58.109375,14.6953125,20740.3273,10.49762515,0.989284725,0.010584538,0,0,147,2,34495.94533,4.0859375
1420,13.90751445,100.0809249,90.56069364,0,0,2.554913295,2.647398844,37.61394501,127.097702,15.23815029,0,52.15028902,14.79190751,11398.7375,6.118409676,0.563626314,0,0,0.41914226,101,0,12890.29611,5.202312139
1421,14.34065934,60.79120879,33.51648352,77.27472527,105.8681319,2.428571429,2,37.61246109,127.1033783,15.21868132,0,52.21978022,13.7032967,10108.86667,6.918985373,0.209262409,0,0,0.573282747,102,2,6387.857415,4.428571429
1422,15.27272727,58.54545455,14.27272727,0,0,1.454545455,1.227272727,37.62009811,127.1064606,15.07727273,0,48.22727273,12.77272727,4550.671414,12.24765709,0.147483244,0,0,0.411710949,16,0,2733.013175,2.681818182
1424,10.53846154,56.76923077,87.53846154,136.2307692,221.9230769,1.384615385,1.384615385,37.6063118,127.1077423,13.36153846,0,63.53846154,15.92307692,3860.388964,21.99440172,0.306213772,0,0,0.393165679,63,1,6133.114816,2.769230769
1425,13.91970803,255.0072993,155.2189781,0,0,2.467153285,2.072992701,37.58745956,127.0959702,15.53284672,0,51.32846715,14.6350365,19832.79723,6.353366548,0.820126284,0,0,0.162124519,111,0,14116.02175,4.540145985
1426,12.63265306,56.63265306,44.79591837,212.6530612,180.2244898,2.244897959,1.306122449,37.57358932,127.0868225,15.64897959,0,56.85714286,17.83673469,20239.98443,9.177795355,0.726557262,0,0,0.272556055,40,1,18477.67996,3.551020408
1427,15.41176471,73.64705882,54.41176471,233.5294118,176.8823529,1.676470588,1.470588235,37.57429886,127.0869141,16.27058824,0,53.26470588,19,21199.91021,8.076456192,0.740498251,0.001299606,0,0.257705083,43,1,19501.94886,3.147058824
1428,14.40229885,34.63218391,22.38505747,334.637931,379.0747126,3.522988506,2.482758621,37.61602402,127.085968,15.42241379,0,51.88505747,14.72413793,16372.15142,4.29428621,0.709848785,0.005496141,0,0.284737917,99,1,12759.99041,6.005747126
1429,13.94444444,113.7979798,78.20707071,274.7121212,262.5353535,2.873737374,3.060606061,37.59995651,127.0800018,15.38636364,0,52.53030303,14.85858586,21439.77902,3.384645914,0.999473168,0,0,0,117,1,25757.20079,5.934343434
143,13.65024631,208.546798,210.9605911,1277.394089,1279.64532,3.280788177,3.310344828,37.54457855,126.9502182,14.89852217,0,59.10837438,14.86206897,23444.89958,7.807723875,0.844106858,0.15405376,0,0,140,4,35936.37368,6.591133005
1430,14.55555556,218.0208333,212.6527778,0,0,3.173611111,1.993055556,37.60615158,127.092598,15.44375,0,51.11805556,13.75694444,17987.88197,8.70549847,0.622577154,0.007143948,0,0.370155927,90,0,17577.18425,5.166666667
1431,14.35751295,249.388601,222.880829,0,0,3.67357513,3.21761658,37.60649872,127.0954514,15.44093264,0,53.02590674,15.38860104,22397.24505,7.738853792,0.835454901,0.007143948,0,0.157261353,132,0,22014.87081,6.89119171
1433,13.44155844,126.1818182,74.05627706,253.5454545,209.6753247,3.770562771,4.121212121,37.60207748,127.0795822,15.25411255,0,53.53246753,15.56277056,19242.2895,3.604779655,0.988785076,0,0,0.011172208,128,1,24516.3292,7.891774892
1435,13.9122807,116.8947368,125.1052632,0,0,1.614035088,1.438596491,37.60868073,127.1007919,15.19824561,0,54.21052632,15.0877193,18602.29084,8.344914868,0.552050245,1.29E-06,0,0.238213586,90,0,13276.5112,3.052631579
1436,14.98611111,109.8472222,83.61111111,0,0,1.902777778,1.638888889,37.60810089,127.101181,15.44722222,0,53.48611111,16.79166667,18492.09641,8.344914868,0.548297698,0,0,0.224868033,93,0,13058.09748,3.541666667
1437,13.46728972,123.8457944,118.6074766,0,0,3.093457944,3.710280374,37.5834198,127.0799255,15.04626168,0,55.19626168,16.02336449,22033.73436,1.497376725,0.731448905,0.001268539,0,0.267220423,47,0,14995.14272,6.803738318
1438,13.45416667,57.64583333,43.76666667,213.4541667,218.3333333,5.445833333,5.916666667,37.61616898,127.093483,15.13208333,0,53.77083333,15.20416667,10891.07202,3.990435444,0.589204212,0,0,0.411321326,98,1,12665.68348,11.3625
144,13.14342629,174.0239044,174.1394422,1131.701195,1134.111554,6.239043825,6.61752988,37.5435791,126.9513245,14.72988048,0,61.03187251,15.5936255,23443.84641,6.115329539,0.840820305,0.15756166,0,0,132,4,35715.89734,12.85657371
1440,13.39013453,110.3766816,103.2331839,0,0,3.542600897,3.775784753,37.58637238,127.0800705,15.08699552,0,54.26457399,15.29147982,22221.83786,1.520302068,0.972326424,0,0,0.02767746,52,0,17717.63254,7.31838565
1441,16.58208955,103.9402985,25.01492537,0,0,1.537313433,1.447761194,37.61670685,127.11026,16.32537313,0,49.79104478,14.94029851,6983.688676,17.0924599,0.288244523,0,0,0.505814571,24,0,5674.725901,2.985074627
1442,12.54365079,135.8293651,91.9047619,233.5833333,226.8650794,4.416666667,5.194444444,37.59859085,127.0798187,14.8015873,0,55.46428571,14.95238095,22143.76882,2.500275219,0.997385255,0.001858799,0,0,124,1,25251.33576,9.611111111
1444,13.47474747,70.14141414,61.96464646,0,0,3.161616162,3.621212121,37.57402802,127.0805435,15.4520202,0,53.21717172,15.44949495,22038.03698,2.723601054,0.725878981,0.008171724,0,0.265186877,56,0,16729.65615,6.782828283
1445,13.43243243,149.8648649,119.1621622,0,0,1.432432432,1.432432432,37.5799408,127.0793991,14.95945946,0,53.05405405,14.48648649,21414.96886,7.926695371,0.572085401,0.042071499,0,0.385756373,33,0,13046.04088,2.864864865
1446,12.28787879,102.5113636,94.84848485,0,0,4.15530303,4.848484848,37.59130096,127.0803299,14.71401515,0,55.625,15.30681818,22595.3643,1.578579074,0.992412063,0.007121943,0,0,54,0,21540.25834,9.003787879
1447,13.19762846,114.5375494,66.7944664,391.8418972,387.2490119,6.138339921,6.280632411,37.58890152,127.0872803,14.98814229,0,54.24110672,15.03952569,28627.84574,2.132981646,0.996079178,0.003269725,0,0,62,1,20581.10963,12.41897233
1448,13.40084388,130.3333333,73.0464135,940.4135021,844.1434599,4.869198312,4.801687764,37.59732056,127.089798,15.11603376,0,53.44303797,14.73839662,26479.00714,4.20177217,0.717233497,0.282664243,0,0,66,3,26764.51715,9.670886076
1449,13.24590164,120.295082,75.21721311,647.9303279,626.5163934,5.946721311,5.799180328,37.59655762,127.0858383,15.11393443,0,54.56147541,15.43852459,27593.74284,2.445105954,0.848302099,0.151710845,0,0,51,2,23875.89347,11.74590164
145,13.18811881,194.4405941,190.3910891,1207.945545,1228.282178,3.153465347,3.178217822,37.54425049,126.9516373,14.49257426,0,60.9009901,14.7970297,23377.57186,5.98201305,0.857756601,0.14105382,0,0,132,4,34944.34855,6.331683168
1450,14.28855721,83.2039801,44.26865672,321.0696517,355.5124378,4.263681592,4.502487562,37.61963654,127.0850449,15.53233831,0,52.02985075,14.88557214,17116.44818,5.284631127,0.909391334,0.005496141,0,0.08721597,94,1,16770.63961,8.766169154
1451,12.98,143.86,113.376,202.744,190.364,6.492,6.648,37.59275818,127.07267,15.092,0,54.288,15.548,18002.19003,1.496947297,0.767726544,0,0,0.227768846,64,1,19587.64759,13.14
1452,13.00793651,91.99603175,94.41269841,0,0,6.46031746,7.277777778,37.58565521,127.0750504,15.02619048,0,54.42857143,15.36507937,17767.51242,2.479279927,0.704391476,0,0,0.295451898,65,0,14957.26513,13.73809524
1453,13.61538462,48.96153846,47.26923077,117.6153846,127.8846154,1.615384615,1.346153846,37.60460281,127.1092529,14.31538462,0,53.15384615,13.15384615,3299.447981,7.182606495,0.408333786,0,0,0.428054397,61,1,4975.174369,2.961538462
1454,14.18390805,64.13793103,44.74137931,325.1206897,277.1609195,2.517241379,2.637931034,37.6073494,127.0785904,15.46551724,0,52.57471264,14.98850575,16368.47578,5.428678922,0.884771313,0,0,0.114903785,38,1,19296.71714,5.155172414
1455,13.7887931,132.7887931,78.07758621,666.387931,611.6810345,5.357758621,5.137931034,37.59632874,127.0858994,15.21508621,0,53.68965517,15.45689655,27650.49698,2.381761781,0.84643165,0.153574822,0,0,45,2,24074.35828,10.49568966
1456,14.17874396,101.0821256,68.65700483,0,0,3.198067633,3.719806763,37.59511185,127.1003265,15.26280193,0,52.93719807,15.08695652,19329.28118,5.017643862,0.827274116,0.003008251,0,0.1697254,25,0,19575.32359,6.917874396
1457,13.921875,220.1796875,143.7421875,0,0,2.1015625,1.890625,37.58975983,127.0932388,15.44765625,0,54.9375,15.8984375,23871.61661,4.624812614,0.992478079,0,0,0.003562266,91,0,21217.76331,3.9921875
1458,13.18145161,140.2943548,103.7096774,280.8064516,262.7943548,5.068548387,5.129032258,37.59733963,127.0930862,14.98870968,0,54.78629032,15.30645161,24515.7347,3.866534686,0.737809724,0.262018117,0,0,93,1,30997.7695,10.19758065
1459,11.86206897,100,91.79310345,459.8103448,614.4482759,1.603448276,1.431034483,37.58034897,127.0926514,14.59310345,0,57.72413793,13.70689655,17037.56887,6.692581181,0.7283138,0.037908619,0,0.233627427,44,1,18562.85001,3.034482759
146,12.54924242,82.0530303,79.24242424,439.5719697,425.405303,6.022727273,6.212121212,37.53993607,126.9458237,14.5875,0,60.98863636,15.18560606,19058.25711,2.039330133,0.858499603,0.133183697,0,0,113,1,22527.65256,12.23484848
1461,13.6,128.9302326,96.90697674,213.7116279,180.1534884,3.293023256,3.279069767,37.593853,127.0750732,15.26046512,0,54.42325581,15.69767442,18295.15822,2.373289133,0.894764298,0,0,0.104944456,54,1,23987.7243,6.572093023
1462,13.16803279,136.5327869,99.66393443,204.0245902,179.4344262,4.602459016,4.93442623,37.59386826,127.0765228,15.22663934,0,54.20491803,15.58196721,18907.36535,2.165489914,0.992114345,0,0,0.007600881,58,1,24141.87815,9.536885246
1463,14.77358491,125.8113208,67.64150943,240.8113208,139.3962264,1.452830189,1.509433962,37.57407761,127.0850067,15.59622642,0,51.56603774,15.96226415,21329.46531,6.525519313,0.885343451,0.000784423,0,0.113800933,62,1,20736.90717,2.962264151
1464,14.39037433,141.5026738,99.5828877,272.0909091,252.7005348,2.887700535,3.085561497,37.60305405,127.0790024,15.73636364,0,53.81818182,15.43850267,18334.86779,3.604779655,0.968272275,0,0,0.031714781,129,1,23757.32789,5.973262032
1465,14.16363636,50.51515152,22.17575758,66.13333333,76.88484848,2.993939394,3.16969697,37.61314774,127.1051483,15.11818182,0,52.18787879,14.11515152,7936.001197,6.705820668,0.195348602,0,0,0.59356514,94,2,6281.196457,6.163636364
1466,14.72897196,68.06542056,44.39252336,579.6915888,650.2616822,1.813084112,1.859813084,37.61882401,127.0875702,15.6588785,0,50.71962617,14.19626168,16210.35255,5.885780961,0.824179138,0.005496141,0,0.170416625,112,2,14071.27592,3.672897196
1467,14.58064516,93.61290323,56.41935484,78.03225806,84.4516129,1.451612903,1.419354839,37.61362076,127.1011505,15.97096774,0,53.03225806,16.51612903,10873.29243,6.972676611,0.330762599,0,0,0.540910397,104,2,7559.502332,2.870967742
1468,14.00540541,87.68648649,54.12432432,312.5459459,236.2324324,2.378378378,2.513513514,37.6114769,127.0773926,15.27621622,0,52.94594595,15.6972973,18495.94019,4.126509079,0.860821806,0.048447851,0,0.090380847,88,1,23178.04224,4.891891892
1469,14.8245614,101.122807,68.31578947,374.7368421,293.0526316,2.631578947,2.666666667,37.60982132,127.0781326,13.90526316,0,49.07017544,12.94736842,17356.56633,6.945687082,0.871733835,0.01472153,0,0.11318349,47,1,19628.68409,5.298245614
147,12.99183673,84.23265306,80.37959184,458.0612245,444.4163265,5.791836735,6.865306122,37.53927231,126.9459152,14.68081633,0,60.73469388,15.13469388,18153.47168,3.408343749,0.864786639,0.12682935,0,0,107,1,21112.50424,12.65714286
1470,13.09952607,115.3649289,79.59241706,252.6255924,234.1895735,3.033175355,3.322274882,37.60520172,127.0785828,15.05545024,0,54.65876777,15.38862559,16894.81983,4.410619855,0.920096254,0,0,0.079572373,85,1,21185.88411,6.355450237
1471,13.6146789,94.94954128,70.3440367,413.1009174,383.6376147,3.527522936,4.004587156,37.61535263,127.0784912,15.21513761,0,54.33027523,15.29816514,19087.27156,3.460625769,0.852699271,0.106051192,0,0.043927709,128,2,21589.07769,7.532110092
1472,14.7483871,111.8064516,67.24516129,290.2645161,251.3225806,3.064516129,3.129032258,37.60408401,127.0792313,15.45290323,0,50.78709677,15.52258065,17344.74261,4.127783783,0.941926782,0,0,0.058011085,94,1,22280.7689,6.193548387
1473,14.22797927,110.9585492,88.24352332,231.8290155,215.0103627,3.18134715,3.248704663,37.59489059,127.0749512,15.3015544,0,53.33160622,15.23834197,18443.49806,9.745589224,0.885695535,0,0,0.113939436,42,1,23046.85172,6.430051813
1474,14.45405405,123.3783784,85.57837838,732.9891892,646.5027027,2.578378378,2.508108108,37.59581375,127.08284,15.49135135,0,51.98378378,14.78378378,25302.8765,2.576898342,0.952735256,0.046986442,0,0,59,2,21200.85182,5.086486486
1477,13.96825397,44.79365079,61.84126984,0,0,1.476190476,1.507936508,37.57598495,127.0796051,15.58253968,0,49.66666667,14.3968254,22064.49051,2.355751044,0.635852808,0.018435244,0,0.344933997,23,0,14819.64762,2.984126984
1478,14.11111111,143.5603865,102.8357488,314.9806763,285.5072464,3.980676329,3.942028986,37.59832764,127.0922699,15.35458937,0,52.92753623,14.9178744,25019.52476,3.706267385,0.735302417,0.264451641,0,0,92,1,29011.66087,7.922705314
1479,14.16883117,138.2727273,100.038961,0,0,1.649350649,1.636363636,37.58105469,127.0820923,16.13896104,0,50.28571429,15.72727273,24689.95607,1.245170725,0.718955086,0.041270248,0,0.239959769,38,0,17343.42281,3.285714286
148,13.53669725,106.7201835,106.2201835,455.8623853,472.9449541,3.995412844,4.339449541,37.54234695,126.9430237,14.69449541,0,60.26146789,15.14678899,21145.21795,2.588110439,0.895625092,0.102512226,0,0,118,1,28894.87423,8.334862385
1480,15.02097902,106.1118881,76.84615385,0,0,2.503496503,2.629370629,37.58111191,127.080101,15.35944056,0,52.00699301,14.76223776,22239.16298,2.498520826,0.617710105,0.032095342,0,0.350213969,32,0,14324.12443,5.132867133
150,14.07100592,282.7810651,295.8994083,1346.112426,1432.218935,2.74556213,2.881656805,37.55295563,126.9343414,14.83668639,0,60.0887574,15.52071006,14820.02298,5.042435871,0.879100424,0.119224586,0,0,258,3,26890.52171,5.627218935
1501,12.54852321,90.33755274,69.22362869,370.257384,361.2278481,3.675105485,3.620253165,37.62607956,127.0264816,13.24388186,0,64.20253165,13.45991561,19284.72904,15.90031707,0.99992104,0,0,0,73,1,24022.78366,7.29535865
1503,12.03802281,237.1444867,191.0114068,693.2547529,625.608365,5.498098859,5.661596958,37.63926315,127.0267258,13.04676806,0,64.75285171,13.30418251,21161.52547,10.49301575,0.873247021,0.112915544,0,0,161,1,32332.77909,11.15969582
1504,15.59459459,117.7567568,46.39189189,131.6756757,81.2027027,1.716216216,1.743243243,37.62415695,127.0186234,13.93378378,0,59.62162162,13.10810811,24041.29877,5.762780225,1.000178631,0,0,0,108,2,19192.63892,3.459459459
1506,14.3622449,117.4744898,49.83673469,132.5306122,127.1071429,3.158163265,2.984693878,37.64032745,127.0133591,13.5372449,0,61.02040816,13.14795918,19042.2091,4.894953659,0.988420047,0,0,0.010944389,93,1,17893.30003,6.142857143
1509,14.15267176,146.5343511,104.5419847,0,0,2.061068702,2.083969466,37.63437653,127.0357513,13.9129771,0,60.88549618,12.63358779,16315.20511,3.113630577,0.830121857,0,0.061478858,0.103809243,194,0,13956.77031,4.145038168
1510,13.51351351,123.972973,112.4189189,0,0,1.594594595,1.648648649,37.63371658,127.0355148,14.30405405,0,60.64864865,12.94594595,16182.1856,2.528775175,0.842807252,0,0.033031214,0.120352033,198,0,11814.62969,3.243243243
1511,14.27058824,172.8235294,102.7058824,0,0,2.023529412,1.752941176,37.63112259,127.0360336,13.29176471,0,61.22352941,12.8,16098.6284,8.444340749,0.838904551,0,0,0.159465764,240,0,9804.256178,3.776470588
1512,12.72244898,164.9102041,99.54693878,0,0,4.542857143,4.33877551,37.64473724,127.0265656,13.20530612,0,63.68163265,13.30612245,23709.81501,4.49878516,0.973268767,0.0039027,0.009397547,0,162,0,22952.67815,8.881632653
1513,13.33898305,285.2711864,213.8813559,834.0677966,754.0338983,1.508474576,1.644067797,37.63967133,127.0251999,13.5440678,0,62.83050847,14.3559322,22501.08282,10.49301575,0.867137321,0.119052427,0,0,170,1,31913.75465,3.152542373
1514,14.24210526,283.7105263,214.6,837.6526316,655.7578947,2.915789474,2.763157895,37.63880539,127.0283585,13.62894737,0,61.16842105,13.21578947,19799.20732,1.812603899,0.883427697,0.099269684,0.00575891,0,130,1,31190.41527,5.678947368
1515,14.17241379,231.5862069,144.1724138,71.05172414,52.76724138,1.818965517,1.896551724,37.61828613,127.0240479,13.35344828,0,63.23275862,13.25,25168.07423,2.58777674,0.999857613,0,0,0,195,1,22922.81759,3.715517241
1516,15.2016129,130.8387097,36.58870968,244.9677419,184.9193548,1.870967742,1.991935484,37.63858795,127.0159073,13.91370968,0,62.02419355,13.37903226,22901.22441,3.20268153,0.99942398,0.000517771,0,0,94,2,19007.37246,3.862903226
1518,15.15447154,184.6666667,99.14634146,156.7317073,89.2601626,2.406504065,2.414634146,37.64308548,127.0161667,13.7601626,0,61.12195122,13.41463415,24991.8065,2.451728121,0.999888679,0,0,0,81,1,22957.74411,4.821138211
1519,14.97520661,186.0909091,113.2809917,284.9504132,242.231405,2.198347107,2.280991736,37.64545059,127.0156174,14.23636364,0,59.66942149,13.52892562,21223.86927,2.517993721,0.998117902,0,0,0,63,2,24431.82248,4.479338843
1520,13.78494624,263.5322581,152.5698925,829.2096774,622.983871,2.607526882,2.693548387,37.63986206,127.022789,13.53709677,0,62.67204301,13.40860215,24202.91562,1.144397041,0.859665882,0.126644247,0,0,159,1,29684.05754,5.301075269
1525,13.98823529,212.6470588,123.3764706,482.0588235,498.0705882,1.905882353,1.705882353,37.62714005,127.0266953,13.81882353,0,56.94117647,11.88235294,18836.33764,14.21134545,0.999342431,0.000578609,0,0,75,1,23996.44427,3.611764706
1526,13.07594937,297.8227848,169.9177215,800.9746835,586.3544304,2.316455696,2.310126582,37.64173889,127.0246277,13.47911392,0,61.14556962,13.41772152,24465.22587,5.936475374,0.914055158,0.076246987,0,0,180,1,31104.20172,4.626582278
1527,13.36723164,203.6384181,197.6610169,419.6553672,424.7570621,2.288135593,2.163841808,37.62733459,127.0260544,13.49265537,0,61.02824859,13.02259887,19193.99523,14.21134545,0.998328893,0.001599913,0,0,66,1,22870.95127,4.451977401
1528,12.67605634,253.6619718,138.1971831,0,0,2.253521127,1.436619718,37.61503601,127.0206986,13.03098592,0,68.08450704,13.71830986,29579.75752,6.841202944,0.998793593,0,0,0,238,0,26692.27737,3.690140845
1529,12.52653061,99.52653061,101.477551,370.1183673,369.1061224,3.726530612,3.640816327,37.63018036,127.02491,13.13836735,0,63.50612245,13.2,19237.05074,13.51524939,0.916267336,0.08360581,0,0,35,1,20713.41903,7.367346939
153,13.5387931,102.2241379,82.51724138,183.8017241,183.2543103,4.771551724,4.74137931,37.56469727,126.9126129,14.85215517,0,59.30603448,14.72844828,20514.79533,5.192140331,0.998955397,0,0,0,78,1,15743.09915,9.512931034
1530,13.65137615,142.0321101,74.96330275,0,0,3.660550459,3.472477064,37.64355087,127.0223465,13.40458716,0,61.92201835,13.27522936,25666.35326,2.342472577,0.981531101,0.00960595,0,0,120,0,23566.40972,7.133027523
1531,12.27203065,191.7241379,149.3563218,501.6781609,473.1570881,5.141762452,5.252873563,37.61395645,127.0302506,13.1348659,0,64.08429119,13.45210728,21266.31323,6.931854281,0.934149859,0.065624911,0,0,255,1,28607.58657,10.39463602
1532,14.78709677,207.3419355,146.6258065,0,0,2.419354839,2.522580645,37.62635422,127.0474472,13.81354839,0,59.50322581,13.1483871,14769.09726,8.662024898,0.720869545,0,0,0.265997189,178,0,13470.9011,4.941935484
1533,14.19895288,172.7905759,105.7382199,0,0,2.921465969,3.09947644,37.62991714,127.0409164,13.68429319,0,61.79057592,13.60732984,15772.55222,12.83159978,0.779661171,0,0,0.208628139,245,0,12741.70528,6.020942408
1535,12.6440678,205.7966102,135.0847458,750.0423729,665.6567797,3.508474576,3.627118644,37.6362915,127.0233765,13.18050847,0,62.95762712,12.92372881,21078.68212,1.378585287,0.735007288,0.258071406,0,0,165,1,31106.33781,7.13559322
1536,13.90728477,122.5364238,90.28476821,0,0,2.38410596,2.17218543,37.63626099,127.0321732,12.97880795,0,60.36423841,12.16556291,16730.83141,2.345003368,0.882014182,0.00121029,0.099445726,0.016229538,150,0,16746.40354,4.556291391
1537,14.61386139,60.84158416,30.66336634,149.2574257,170.8613861,2.217821782,1.99009901,37.66366577,127.0124283,14.6980198,0,60.35643564,14.47524752,4599.910956,13.4746206,0.374704547,0,0,0.627639662,77,1,5581.746705,4.207920792
1538,14.85915493,62.01408451,25.52112676,92.15492958,89.87323944,1.957746479,1.549295775,37.65615845,127.0131378,14.28591549,0,55.95774648,11.95774648,7626.570627,8.092016593,0.818752896,0,0,0.158702051,101,1,9341.560661,3.507042254
1539,14.1,115.0133333,67.87333333,142.2466667,132.3,2.373333333,2.266666667,37.64967346,127.0134506,14.078,0,59.60666667,13.10666667,11245.42148,6.945155844,0.850711029,0,0,0.138255266,68,1,11170.25354,4.64
154,12.92217899,100.0272374,69.65758755,353.151751,384.4046693,5.517509728,6.26848249,37.56090927,126.9054947,14.6614786,0,60.53696498,15.39688716,25242.67965,6.839523104,0.959580191,0.033370354,0,0.006287037,80,1,23702.98981,11.78599222
1540,13.49162011,123.877095,86.4301676,131.2681564,123.6145251,2.491620112,2.446927374,37.64167023,127.0168839,13.62458101,0,63.4972067,13.51396648,25708.52446,2.196618154,0.999869263,0,0,0,71,1,22403.4176,4.938547486
1541,16.04444444,98.86666667,36.77777778,65.06666667,33.53333333,1.311111111,1.511111111,37.62652969,127.0180588,14.33111111,0,60.37777778,11.86666667,23684.7888,5.186766956,0.999908096,0,0,0,107,1,17361.46515,2.822222222
1542,13.9,140.25,109.5125,69.6,61.2125,1.775,1.8375,37.62155151,127.0203705,14.5475,0,58.2375,13.5625,25472.40947,4.194056076,0.999712637,0,0,0,152,1,17228.271,3.6125
1543,14.43902439,114.0650407,50.32520325,61.6097561,50.60162602,1.772357724,1.886178862,37.63018799,127.0177383,13.6203252,0,61.7804878,13.09756098,23580.78067,3.629113743,0.975905517,0.022260278,0,0.001851032,106,1,19824.33147,3.658536585
1546,14.34444444,302.6333333,244.7,665.5555556,533.2222222,1.844444444,1.688888889,37.61545944,127.0297012,13.86333333,0,61,12.88888889,21476.0712,8.905060943,0.967494324,0.032715373,0,0,230,1,27606.59956,3.533333333
1547,16.36956522,92.95652174,11.54347826,0,0,2.086956522,1.52173913,37.61775208,127.0357056,14.69130435,0,60.43478261,14.10869565,19941.61191,22.49683239,0.99685454,0,0,0,159,0,13174.80281,3.608695652
1548,16.74285714,58.12857143,9.357142857,0,0,3.828571429,2.871428571,37.62268829,127.0378113,15.76285714,0,55.75714286,14.51428571,15845.62216,9.01121999,0.99931007,0,0,0,109,0,6790.916619,6.7
155,14.03468208,206.132948,141.5028902,203.2890173,204.0462428,3.150289017,3.069364162,37.56829453,126.9150467,14.65375723,0,59.26589595,14.49132948,20379.96505,10.07759298,0.950264193,0.034251859,0,0.013359791,138,1,15401.74177,6.219653179
1550,12.4,146.8,145,0,0,1,1,37.61522293,127.0185089,16.12,0,47,10.2,30863.08871,9.933016437,0.997105659,0,0,0,200,0,21316.08636,2
1551,14.44230769,88.68269231,25.50961538,0,0,2.048076923,1.990384615,37.64686203,127.008812,14.26442308,0,60.72115385,13.875,8602.049877,6.820965516,0.64179941,0,0,0.358209651,94,0,9821.835389,4.038461538
1552,13.18894009,282.7465438,223.1382488,789.3133641,692.4285714,3.935483871,3.792626728,37.63920212,127.0272369,13.48479263,0,61.30875576,13.08294931,20804.91211,2.000694479,0.877323175,0.108836801,0,0,158,1,32329.83668,7.728110599
1553,13.890625,129.2578125,85.234375,0,0,2.25,2.28125,37.63520432,127.0339661,13.55,0,61.0390625,13.40625,16227.92306,2.33746688,0.848957079,0,0.087987449,0.061104768,171,0,14078.38764,4.53125
1554,14.12857143,119.7642857,87.75,0,0,1.971428571,2.15,37.63539124,127.0345535,13.57571429,0,62.22857143,12.95,16483.50643,2.26832844,0.827724577,0,0.106066725,0.064272234,169,0,15020.19362,4.121428571
1557,13.88819876,166.0807453,100.7142857,0,0,2.913043478,2.838509317,37.63238144,127.0393066,13.88322981,0,60.1242236,13.04347826,16801.68011,10.61120814,0.785508102,0,0,0.203380528,201,0,12524.20148,5.751552795
1558,13.9047619,173.2857143,63.07936508,0,0,1.698412698,1.396825397,37.62552643,127.037323,13.75873016,0,59.77777778,12.71428571,14971.70633,10.22137513,0.957872841,0,0,0.042527138,187,0,10854.15225,3.095238095
156,13.73964497,125.5739645,133.8934911,0,0,2.674556213,2.591715976,37.54933167,126.9549179,15.01597633,0,57.27810651,14.66863905,23549.20711,10.34261022,0.969615891,0.022160607,0,0,63,0,28477.31865,5.266272189
1560,13.15591398,142.5483871,90.89247312,0,0,2.822580645,2.76344086,37.6198082,127.0285263,13.42795699,0,62.40860215,13.01612903,20627.77911,14.08428939,1.000007767,0,0,0,171,0,21220.21995,5.586021505
1564,14.50632911,123.1518987,74.81012658,154.1202532,144.4113924,2.620253165,2.53164557,37.64959717,127.0138474,14.37658228,0,58.5,13.37974684,11878.44783,5.046948718,0.877645487,0,0,0.111293625,61,1,11457.86992,5.151898734
1565,13.05581395,199.7116279,123.055814,856.855814,701.8186047,3.041860465,3.11627907,37.63561249,127.022995,13.39674419,0,62.77674419,13.28372093,20997.94871,1.650779152,0.7423221,0.250783776,0,0,138,2,28668.75664,6.158139535
1568,13.86577181,116.3758389,89.16778523,128.4362416,133.9530201,2.020134228,1.959731544,37.64793396,127.0145721,13.51744966,0,61.10738255,12.81879195,15507.91583,4.058142392,0.952157941,0,0,0.040650217,54,1,16358.7647,3.979865772
1569,12.12915129,258.0922509,195.7749077,688.0221402,626.2841328,6.018450185,6,37.63796997,127.0259018,12.89483395,0,64.98154982,13.25830258,20400.23982,0.740117771,0.828866262,0.158861266,0,0,178,1,31594.50709,12.01845018
157,13.59030837,97.76211454,87.39647577,468.7400881,474.3612335,3.748898678,3.894273128,37.5530014,126.9566879,14.77797357,0,60.34801762,15.28193833,24597.98754,11.39356239,0.985347075,0.011823305,0,0,83,2,22471.27851,7.643171806
1571,15.58974359,181.4358974,86.70512821,0,0,2.102564103,1.858974359,37.62673187,127.0387726,14.43846154,0,61.05128205,14.23076923,14701.07147,7.395440685,0.937000189,0,0,0.063389434,203,0,11650.65289,3.961538462
1572,12.73684211,55.89473684,35.26315789,137.0526316,182,1.263157895,1.105263158,37.66446304,127.0118408,15.13157895,0,58.42105263,15.36842105,3755.537292,15.1186657,0.307860285,0,0,0.693809528,75,1,4622.902188,2.368421053
1573,13.98461538,169.8923077,123.6769231,0,0,1.476923077,1.446153846,37.61666489,127.02211,14.09846154,0,62.58461538,14.27692308,28002.59762,4.102120819,1.000071194,0,0,0,203,0,23127.2101,2.923076923
1574,14.20300752,313.5413534,229.0827068,628.7518797,512.1804511,2.030075188,2.082706767,37.61669922,127.0304947,13.28496241,0,60.71428571,12.36842105,21350.49135,10.42332199,0.992127289,0.00805652,0,0,238,1,23421.63997,4.112781955
159,16.48529412,197.8235294,185.3970588,634.5735294,718.8823529,1.588235294,1.632352941,37.55695343,126.9463425,14.83529412,0,60.19117647,9.852941176,16546.80968,9.282068594,0.769323868,0.146310492,0,0.000471172,138,1,21227.07259,3.220588235
160,14.77678571,179.5267857,125.8571429,1132.669643,1179.151786,2.160714286,1.8125,37.55754852,126.9593811,13.94464286,0,64.48214286,11.17857143,20914.27391,9.776114031,0.990967481,0.010584538,0,0,162,4,59547.44836,3.973214286
1601,12.16014235,56.25622776,45.91103203,454.5124555,432.8398577,10.19217082,10.14234875,37.61495972,127.0646973,12.09608541,0,71.8683274,15.97864769,22190.59046,2.511936297,0.894140383,0.100202966,0,0.001466587,175,2,19407.40173,20.33451957
1602,13.48523207,59.15611814,57.41350211,273.7341772,249.9746835,4.725738397,4.64978903,37.62266159,127.0618973,12.92995781,0,68.6835443,15.78481013,18980.44893,9.566379201,0.582031786,0.30975015,0,0.105542482,34,1,15255.17067,9.375527426
1605,13.6,73.08,62.19555556,252.0533333,248.9422222,3.64,3.822222222,37.63162231,127.061615,13.02177778,0,68.96444444,16.08,24167.62442,2.053607907,0.658186869,0.064242462,0,0.275218694,111,1,16002.76095,7.462222222
1606,13.17647059,81.32352941,50.61344538,395.8193277,375.1092437,3.348739496,3.285714286,37.61917114,127.0749283,12.68991597,0,69.66386555,15.97478992,21555.71377,2.640304702,0.786283464,0.075338299,0,0.140274574,139,2,19349.88834,6.634453782
1608,12.28623188,93.73913043,51.50362319,347.557971,343.923913,7.547101449,7.68115942,37.62661362,127.0727539,12.21123188,0,70.95652174,15.90217391,22740.38154,2.534657816,0.857664697,0,0,0.142692566,124,1,26764.71065,15.22826087
161,15.13,104.73,56.22,146.94,95.26,1.79,1.8,37.58224487,126.9506455,14.041,0,66.77,13.97,9593.484929,20.26400659,0.796284215,0,0,0.202568922,82,1,11287.63571,3.59
1610,13.74273859,86.60165975,45.18257261,291.3609959,330.3112033,7.489626556,7.900414938,37.62036896,127.0836411,12.94190871,0,67.84232365,15.69709544,17948.65939,5.284631127,0.927581931,0.007114176,0,0.067984653,117,1,18426.68823,15.39004149
1611,13.16733068,121.438247,82.41035857,0,0,6.980079681,6.956175299,37.62994003,127.0765533,12.74422311,0,68.88047809,15.70517928,16291.46433,5.185475116,0.975145688,0,0,0.024843957,117,0,16741.55379,13.93625498
1616,13.02845528,108.004065,78.44715447,428.6829268,452.0691057,4.589430894,4.528455285,37.63510895,127.0683289,12.52926829,0,69.42682927,15.87398374,21513.10881,1.839612291,0.923899283,0.005336927,0,0.070721074,152,1,23593.29959,9.117886179
1617,13.55855856,95.3963964,67.16666667,458.3018018,440.1036036,5.747747748,5.81981982,37.63714981,127.0632706,13.20720721,0,67.84234234,15.94144144,27396.71644,11.71585848,0.740650994,0.021657075,0,0.237691931,111,1,25658.87306,11.56756757
1619,14.22477064,303.1788991,220.233945,0,0,4.573394495,4.504587156,37.64902115,127.0764084,13.08669725,0,66.59174312,15.59633028,24889.41504,3.87263816,0.86952554,0.007828701,0,0.122632815,58,0,27484.48602,9.077981651
162,13.83838384,243.1515152,193.2525253,0,0,2.848484848,1.434343434,37.56526947,126.9462433,13.74343434,0,64.28282828,10.8989899,9065.325151,18.01763955,0.999990939,0,0,0,79,0,12730.34376,4.282828283
1620,14.57526882,126.2741935,96.5483871,0,0,3.02688172,3.096774194,37.64820862,127.070221,13.24247312,0,67.08602151,16.04301075,23798.73273,1.481479266,0.890992334,0,0,0.10900896,60,0,22261.05445,6.123655914
1625,13.41035857,50.12749004,28.00398406,473.1195219,480.7051793,8.972111554,8.760956175,37.65999985,127.0729675,12.72191235,0,69.01195219,15.75298805,27329.39837,4.5172175,0.982104533,0,0,0.017909706,106,1,26450.78783,17.73306773
1627,14.12777778,49.46666667,38.2,394.0833333,326.6722222,3.311111111,3.322222222,37.67694092,127.0550995,13.23277778,0,66.22222222,15.36666667,18529.4147,10.2828315,0.728979136,0.032947076,0,0.238823261,69,1,17758.65839,6.633333333
1628,15.06040268,80.51006711,47.90604027,405.7919463,342.4496644,2.429530201,2.563758389,37.67361832,127.0552521,13.21744966,0,67.06040268,16.04026846,20737.75005,9.304850272,0.962975476,0.003074267,0,0.033800104,115,1,21671.76033,4.993288591
163,12.71568627,308.7156863,414.0196078,0,0,2.058823529,2.225490196,37.58369827,126.9249649,14.10882353,0,61.18627451,10.48039216,17580.5823,26.26323091,0.99904989,0,0,0,58,0,20148.33992,4.284313725
1630,13.81958763,48.75257732,39.57216495,371.3195876,351.9896907,2.922680412,2.902061856,37.67625046,127.0555039,13.13350515,0,67.80927835,16.00515464,18256.30547,10.2828315,0.772972861,0.032325751,0,0.194547351,77,1,18645.33148,5.824742268
1634,14.81188119,25.56435644,1.653465347,240.8019802,215.8712871,1.851485149,1.722772277,37.66846085,127.0771484,13.11584158,0,67.47524752,15.95049505,10685.52985,10.94294542,0.455425077,0,0,0.411063735,28,1,9887.789225,3.574257426
1635,15.27777778,9.925925926,0,265.8518519,188,1.685185185,1.537037037,37.67271042,127.0831604,11.14074074,0,71.94444444,15.81481481,5994.07595,13.58363539,0.229987496,0,0,0.550166852,31,1,7251.187837,3.222222222
1636,13.07377049,90.4057377,87.29918033,0,0,5.327868852,5.245901639,37.64921188,127.0617676,12.64385246,0,68.35655738,15.45901639,20666.81029,1.928815157,0.824959679,0.043875932,0,0.13116439,65,0,24184.03937,10.57377049
1637,12.27338129,120.3201439,104.2517986,941.3273381,827.5539568,9.571942446,9.830935252,37.65470123,127.0634003,12.09532374,0,71.62230216,15.64028777,22053.563,1.983022325,0.810820641,0.136643704,0,0.052542127,124,2,42311.04001,19.4028777
1639,13.68867925,34.85849057,22.97641509,372.0377358,364.1745283,3.471698113,3.429245283,37.68031311,127.055069,12.96273585,0,68.31132075,15.43867925,16907.52302,8.904959612,0.547389009,0.02987281,0.012597373,0.399812567,52,1,14898.01685,6.900943396
164,13.71428571,189.4285714,212.3506494,0,0,1.909090909,1.623376623,37.57447815,126.9100494,13.07792208,0,69.16883117,12.7012987,22738.02084,8.156398646,0.998274527,0,0,0,86,0,22023.4529,3.532467532
1640,13.41545894,70.85990338,30.94202899,393.8115942,348.0144928,3.289855072,3.570048309,37.62386322,127.0684891,13.27584541,0,67.73913043,16.19323671,21151.961,8.204875907,0.637158886,0.111059334,0,0.252119626,92,1,18085.6213,6.859903382
1641,14.1686747,64.57228916,27.65662651,0,0,2.662650602,2.710843373,37.62155533,127.0695114,13.28253012,0,66.06626506,15.6746988,21624.10621,2.563856202,0.624165418,0.137685718,0,0.238156631,105,0,16431.48905,5.373493976
1642,14.87078652,102.0280899,66.94382022,0,0,2.662921348,2.443820225,37.62531662,127.0881348,13.85617978,0,64.07303371,15.37640449,15976.74752,6.988839512,0.59103971,0,0,0.409969943,24,0,15192.76857,5.106741573
1643,13.056,79.704,57.18,383.768,373.588,5.696,5.584,37.61736679,127.0752106,12.7028,0,69.476,16.12,20463.58998,2.280381779,0.743955668,0.107002597,0,0.149151761,147,2,20623.57921,11.28
1646,14.39393939,30.87878788,12.51515152,0,0,2.393939394,1.909090909,37.63848877,127.1079025,13.92727273,0,62.56565657,15.25252525,50.09940836,8.821339135,0,0,0,0.889577525,11,0,1060.244764,4.303030303
165,14.49689441,212.3664596,147.863354,0,0,3.180124224,2.807453416,37.57513809,126.9139404,14.19751553,0,62.86956522,12.18012422,25874.7122,6.368524879,0.997899143,0.001941642,0,0,57,0,19922.45978,5.98757764
1650,12.53333333,72.78148148,57.91111111,403.2185185,417.962963,6.951851852,6.959259259,37.63957977,127.0651016,12.41333333,0,70.51851852,15.87407407,25064.53215,1.199881921,0.865480453,0.043312855,0,0.091204103,121,1,29161.46661,13.91111111
1651,14.34951456,74.13106796,47.81553398,0,0,3.121359223,3.04368932,37.67237473,127.0559921,13.21601942,0,67.05825243,16.02427184,20568.8597,9.74238937,0.941021977,0.003074267,0,0.055752309,116,0,20456.74921,6.165048544
1652,14.5443038,36.63291139,22.11392405,377.6202532,324.9240506,1.772151899,1.670886076,37.68000031,127.0555801,14.01518987,0,64.3164557,16.37974684,16169.34506,8.904959612,0.552586138,0.02987281,0,0.413089515,55,1,14372.30149,3.443037975
1653,12.13928571,91.90714286,59.41428571,929.0142857,827.45,9.489285714,9.703571429,37.65620041,127.0636215,12.1175,0,71.78928571,16.08928571,23649.8638,2.775500146,0.826459921,0.115774935,0,0.057719839,126,2,41974.00274,19.19285714
1654,14.52046784,45.70175439,9.140350877,558.8888889,498.1812865,2.538011696,2.356725146,37.66379166,127.0754471,13.03216374,0,68.78362573,15.89473684,22112.82516,16.36087971,0.780553031,0,0,0.213712653,82,1,19117.53324,4.894736842
1655,13.61410788,64.19087137,43.76763485,0,0,5.958506224,6.124481328,37.63111115,127.0701599,12.84522822,0,68.55186722,15.90041494,19180.10973,2.783571595,0.901805986,0,0,0.098503382,110,0,19881.74141,12.08298755
1656,14.41509434,82.3254717,57.25943396,0,0,4.580188679,4.509433962,37.65501785,127.0675049,13.28632075,0,66.71698113,16.1745283,24787.08293,2.318634337,0.980280684,0.015716945,0,0.003970011,115,0,37698.96538,9.089622642
1657,13.68983957,104.0427807,101.1604278,1190.213904,1020.320856,5.818181818,5.235294118,37.65404892,127.0573273,13.94919786,0,63.52941176,15.63101604,18298.96052,10.06608233,0.486576782,0.189712663,0,0.324362947,87,2,26987.11965,11.05347594
1659,15.04477612,319.6343284,213.0970149,0,0,2.126865672,2.194029851,37.65032959,127.0716019,13.29552239,0,66.64925373,15.60447761,26744.95987,1.598734684,0.922656632,0.001326789,0,0.076010107,78,0,28579.17701,4.320895522
166,13.88717949,202.5692308,177.0871795,0,0,4.184615385,4.374358974,37.57381821,126.9192352,14.04461538,0,64.35384615,12.20512821,22855.01892,5.278016379,0.995187317,0.00022523,0,0.004337628,99,0,12830.80137,8.558974359
1660,14.14492754,88.79710145,97.28985507,0,0,1.942028986,1.594202899,37.64207077,127.076622,13.5173913,0,63.71014493,14.08695652,15690.06068,7.094822334,0.465865934,0,0,0.532035799,28,0,10251.96721,3.536231884
1661,13.37168142,106.2699115,106.0442478,0,0,4.066371681,4.252212389,37.64963913,127.0656052,12.82035398,0,68.07079646,15.92477876,22147.55826,2.196192366,0.846052383,0.019266266,0,0.134680056,79,0,24288.01514,8.318584071
1662,13.25764192,125.8427948,110.9825328,1076.58952,930.2227074,6.323144105,6.668122271,37.65421677,127.0592117,12.92358079,0,67.70305677,15.98689956,19658.98197,7.903254834,0.609886582,0.156778531,0,0.233376308,96,2,33503.46309,12.99126638
1663,13.116,119.468,119.472,0,0,6.96,7.268,37.61938095,127.0578537,12.5784,0,69.096,15.404,17693.06656,10.34561285,0.915948906,0.007286335,0,0.076395846,117,0,17360.91318,14.228
1664,15.33684211,129.2,109.6,0,0,1.778947368,1.726315789,37.64936066,127.0704422,13.32631579,0,67.65263158,15.53684211,24972.32951,1.481479266,0.904199383,0,0,0.095800617,67,0,23688.42133,3.505263158
1665,14.58282209,304.4785276,176.9141104,0,0,2.748466258,2.576687117,37.64733505,127.0764237,13.36809816,0,66.66871166,15.47239264,22028.80942,2.902583277,0.764987535,0.007677252,0,0.227023256,59,0,23686.34299,5.325153374
1666,15.79136691,85.49640288,47.74820144,0,0,2.633093525,2.697841727,37.65578079,127.0717773,13.28848921,0,68.05755396,16.30215827,27986.96261,2.091053532,0.988026541,0,0,0.011943687,68,0,29087.91483,5.330935252
1667,14.50490196,146.6029412,115.9509804,0,0,3.426470588,3.784313725,37.65449905,127.0743866,13.30980392,0,66.75980392,15.62254902,29987.37804,3.958562737,0.937831212,0.007661719,0,0.054500597,42,0,26356.96316,7.210784314
1668,13.73913043,80.37826087,64.80869565,402.1,417.1,4.565217391,4.330434783,37.64550781,127.0632553,13.06956522,0,68.00869565,15.90434783,23073.54889,1.463650691,0.809228495,0.002931879,0,0.187835742,118,1,21798.61391,8.895652174
1669,13.406639,73.64315353,52.59751037,391.7136929,398.2116183,4.614107884,4.560165975,37.64352798,127.0652237,12.72116183,0,68.63070539,15.77178423,23302.47411,1.318828906,0.833653057,0.02963334,0,0.136714897,110,1,26121.74433,9.174273859
167,15.33928571,256.5892857,170.7678571,0,0,2.428571429,1.142857143,37.57946014,126.9171295,13.88928571,0,65.41071429,12.91071429,33143.0792,6.592645452,0.999034357,0,0,0,81,0,23223.9382,3.571428571
1670,14.1255814,122.0744186,96.51627907,0,0,4.013953488,3.972093023,37.64340973,127.0718384,13.1372093,0,67.57674419,15.92093023,18812.18579,4.169146749,0.890947029,0.018332984,0,0.090719987,59,0,20204.70544,7.986046512
1671,13.11731844,168.1340782,108.7709497,0,0,2.832402235,2.927374302,37.62934875,127.0548248,12.93184358,0,66.7150838,14.80446927,13436.81862,14.51398439,0.573466556,0.000788307,0,0.41654046,162,0,11569.98441,5.759776536
1674,13.33744856,103.7572016,96.27983539,1052.341564,917.127572,7.95473251,8.341563786,37.65354919,127.0580826,12.96378601,0,68.38271605,15.6255144,18497.15395,10.06608233,0.545191071,0.164410479,0,0.290982238,92,2,29232.07859,16.2962963
1675,13.60869565,132.5217391,110.6521739,0,0,1.608695652,1.260869565,37.62694168,127.05513,13.22173913,0,60.30434783,14.47826087,15523.21402,13.66887527,0.484319299,0.015170696,0,0.487410393,132,0,10475.13141,2.869565217
1677,14.18604651,101.1860465,91.46976744,0,0,4.888372093,4.762790698,37.62316513,127.0904999,13.29488372,0,66.31627907,15.78139535,12168.14931,5.07590368,0.538967461,0,0,0.46093028,22,0,8923.891141,9.651162791
1678,14.33035714,117.5,123.5446429,442.5267857,469.4910714,2.669642857,2.375,37.6484375,127.0644455,13.93839286,0,61.67857143,14.45535714,21917.19942,1.128020577,0.859922179,0.014938994,0,0.1251453,82,1,23625.11188,5.044642857
1679,12.86666667,4.316666667,12.38333333,0,0,2.216666667,1.683333333,37.6428299,127.1066666,15.11666667,0,54.26666667,13.33333333,61.04329262,3.545974616,0,0,0,0.683464459,4,0,1059.68815,3.9
1680,15.33333333,11.33333333,35.66666667,0,0,4.222222222,1.555555556,37.64265442,127.1083832,16.05555556,0,47.55555556,13,69.51041147,3.214796351,0,0,0,0.579875269,7,0,802.3524933,5.777777778
1681,14.64457831,80.26506024,20.89156627,0,0,2.969879518,2.801204819,37.64580154,127.0822601,13.25301205,0,67.20481928,15.87349398,10035.62886,5.001084217,0.508988508,0,0,0.490052321,27,0,9933.610723,5.771084337
1682,14.58125,86.5,68.375,546.04375,539.45,2.3125,2.35,37.65745544,127.0755463,12.969375,0,67.24375,15.125,27880.71586,5.177672496,0.889251329,0,0,0.110761616,68,1,23498.83858,4.6625
1683,13.86602871,217.0861244,161.4066986,0,0,3.837320574,3.880382775,37.65045929,127.0808868,12.81626794,0,68.5645933,15.25358852,16701.64808,5.481543987,0.73289737,0.007828701,0,0.256824872,39,0,22603.89904,7.717703349
1684,12.20640569,74.80427046,54.57295374,354.5373665,350.5729537,8.316725979,8.352313167,37.61832047,127.0756302,12.06156584,0,71.54092527,15.85765125,20937.60521,1.911003543,0.786739103,0.099399127,0,0.116462276,130,2,20208.77946,16.66903915
1685,14.46568627,187.6764706,143.6470588,0,0,3.656862745,3.666666667,37.64818954,127.0804825,12.9372549,0,68.56372549,15.79901961,15560.9988,5.065366482,0.757289571,0.007828701,0,0.23392644,47,0,23420.21171,7.323529412
1686,13.28215768,65.63900415,45.02074689,372.1908714,326.9834025,4.709543568,4.892116183,37.66114044,127.0580521,12.96099585,0,68.15767635,15.76763485,23527.29637,2.273818066,0.786388313,0.00272736,0,0.210877855,78,1,15629.63006,9.601659751
1688,14.07555556,80.09777778,53.13777778,396.4933333,407.96,4.857777778,4.848888889,37.66566086,127.0572968,13.09333333,0,67.29333333,15.51555556,21345.09165,3.188905737,0.974537307,0,0,0.025461399,86,1,20612.74207,9.706666667
1689,13.54201681,68.10084034,43.20168067,378.1092437,404.7352941,4.525210084,4.62605042,37.66524887,127.0578919,12.86386555,0,68.23109244,15.71428571,21532.81508,3.992679879,0.9741904,0,0,0.025805717,89,1,20327.60595,9.151260504
169,13.75280899,111.741573,129.5505618,0,0,2.292134831,2.112359551,37.57300186,126.9077988,13.27078652,0,66.48314607,10.65168539,22324.65079,7.201381793,0.997716629,0,0,0,63,0,19989.7269,4.404494382
1690,13.27111111,102.8177778,86.28444444,1084.906667,952.4622222,4.484444444,4.404444444,37.6577301,127.0593109,13.04133333,0,67.28888889,15.71111111,22651.65748,4.212510237,0.602905732,0.119396745,0,0.277692346,116,2,27503.43993,8.888888889
1691,13.42477876,96.78318584,44.00442478,0,0,3.615044248,3.663716814,37.66070938,127.0653305,12.85973451,0,69.13716814,16.04867257,27802.31299,2.824702494,0.972589193,0.003743486,0,0.023229805,157,0,27999.62498,7.278761062
1692,14.21198157,119.6635945,48.70967742,0,0,6.01843318,3.889400922,37.66418839,127.0660095,13.26589862,0,66.68202765,15.51612903,23584.20233,8.99648006,0.922589322,0,0,0.076978339,151,0,19494.96951,9.907834101
1693,14.06666667,138.1866667,109.0533333,0,0,2.226666667,1.493333333,37.62818909,127.0821075,14.608,0,62.17333333,15.61333333,15386.90611,5.510024241,0.8070901,0,0,0.193919554,61,0,18496.98243,3.72
1696,15.96363636,51.18181818,17.47272727,0,0,2.327272727,2.554545455,37.68645096,127.0528336,14.11,0,64.15454545,15.96363636,10884.34203,4.233604422,0.288389499,0,0.114889546,0.327813892,63,0,7819.93308,4.881818182
1697,14.06796117,83.87378641,76.39320388,0,0,3.22815534,3.495145631,37.65024948,127.0571518,12.9723301,0,68.45145631,15.88834951,17042.69784,5.20613824,0.745551698,0.077432683,0,0.178646598,82,0,22647.29398,6.723300971
170,13.74863388,217.3387978,146.5628415,0,0,2.879781421,2.945355191,37.57311249,126.9224472,14.00054645,0,63.25136612,11.98360656,17129.8571,25.16422759,0.861724023,0,0,0.138211256,118,0,11347.78213,5.825136612
1702,14.45033113,41.12582781,28.1986755,146.6556291,153.6423841,2.390728477,2.350993377,37.64582062,127.0504227,14.79602649,0,64.02649007,12.78145695,11622.92209,3.107680706,0.558877058,0,0,0.438927592,76,1,14538.0037,4.741721854
1703,14.74418605,75,39.02325581,526.4883721,550,1.697674419,1.534883721,37.68972015,127.0451965,14.46046512,0,61.06976744,11.58139535,5726.080171,3.040312805,0.233934207,0,0.066936167,0.575717566,35,2,6186.010862,3.23255814
1705,13.7294686,161.4251208,114.1690821,345.0966184,302.0531401,3.671497585,4.019323671,37.66922379,127.0465164,14.76570048,0,64.05797101,12.87922705,22052.82228,1.509941398,0.675253902,0.023686738,0.103628023,0.191127473,110,1,18793.44746,7.690821256
1706,13.41935484,158.3354839,106.9354839,337.5032258,292.3290323,2,2.167741935,37.66566467,127.0426712,14.77483871,0,64.61290323,12.2516129,22045.97643,0.943554185,0.715558507,0.023686738,0.253408876,0,101,1,18299.3649,4.167741935
1707,13.3196347,182.5936073,77.35159817,0,0,3.310502283,3.369863014,37.65446091,127.0385132,14.4803653,0,65.02283105,12.50684932,22721.12169,3.527083372,0.929827763,0.013033596,0.029217829,0.023522346,124,0,23403.49576,6.680365297
1708,13.47142857,241.4809524,150.147619,0,0,4.204761905,4.276190476,37.65682983,127.0398483,14.43428571,0,64.56190476,12.75714286,23882.61177,2.526959024,0.789633444,0,0.203199308,0,90,0,25211.14966,8.480952381
1709,13.45303867,133.7845304,60.06077348,632.3756906,576.4585635,2.845303867,2.651933702,37.65012741,127.035347,14.58895028,0,64.51933702,12.30939227,21463.51651,4.125584106,0.822311279,0.076714276,0.025704751,0.073250386,127,1,24403.62728,5.497237569
171,12.7816092,518.4252874,362.2758621,1166.206897,876.4712644,2.126436782,1.83908046,37.56472397,126.9672775,14.18045977,0,62.36781609,10.31034483,11635.79886,5.776773512,0.72447841,0.262025883,0,0.013528067,217,1,29405.10768,3.965517241
1713,15.55319149,85.68085106,64.9787234,0,0,2.085106383,1.29787234,37.65165329,127.0284882,15.49361702,0,60.42553191,12.40425532,20118.03749,7.514456572,1.00298754,0,0,0,124,0,16446.03609,3.382978723
1714,14.94444444,75.77777778,41.44444444,0,0,2.277777778,1.277777778,37.64463043,127.0446091,16.50555556,0,53.77777778,10.38888889,17477.91209,4.361346994,0.33175672,0,0.058232433,0.597843224,77,0,8512.964291,3.555555556
1715,14.10285714,111.8971429,59.24571429,237.6114286,235.84,3.291428571,3.154285714,37.65317917,127.0127869,15.192,0,61.37142857,12.65142857,8033.963737,6.152901412,0.780059854,0,0,0.19891734,85,2,9086.322437,6.445714286
1716,14.8908046,55.45977011,42.75862069,825.1724138,657.1954023,4.212643678,4.120689655,37.65420151,127.0507278,15.61781609,0,61.66091954,12.44827586,16424.83991,10.06608233,0.566221642,0.222556185,0.021967738,0.188664176,195,2,17175.47899,8.333333333
1717,15.37837838,65.7972973,40.83783784,910.8783784,641.1756757,1.797297297,1.513513514,37.65570831,127.0501022,15.46081081,0,62.37837838,12.48648649,17373.39509,13.02853702,0.471718043,0.222695983,0.117985818,0.184246293,190,2,17588.13132,3.310810811
1719,14.15116279,132.1569767,85.24418605,0,0,2.441860465,2.436046512,37.67328262,127.0439911,15.06802326,0,61.72674419,12.3372093,17571.25239,3.985072009,0.751995361,0,0.002100857,0.242825633,131,0,14304.56938,4.877906977
1720,14.31606218,93.85492228,77.09326425,372.8549223,353.2072539,4.419689119,4.331606218,37.66867065,127.0479813,14.9,0,64.19689119,13.10880829,22681.48384,1.725696765,0.654763107,0.023686738,0.105312074,0.210263002,110,1,18823.75089,8.751295337
1721,13.5625,51.725,37.00416667,699.8333333,654.5083333,9.129166667,10.54583333,37.65301514,127.0469971,14.33583333,0,64.92083333,12.875,18634.44833,3.367882297,0.710947754,0.193416021,0.072601878,0.017020434,224,2,19482.08766,19.675
1722,13.92857143,91.94155844,60.92207792,0,0,2.5,2.409090909,37.65779877,127.0500488,14.95519481,0,61.31168831,12.09090909,18295.96028,3.222477619,0.299240689,0.171538894,0.279219771,0.237690637,186,0,18365.10514,4.909090909
1723,14.32173913,149.5913043,106.2782609,0,0,2.086956522,2.12173913,37.66207886,127.0277176,16.07826087,0,57.64347826,12.32173913,25565.17574,10.67121684,0.719163489,0,0,0.270158775,122,0,12728.98189,4.208695652
1725,14.33561644,35.2260274,7.753424658,0,0,2.280821918,2.315068493,37.6475029,127.0433121,14.47191781,0,64.09589041,12.02739726,19909.38032,5.179330118,0.526175923,0.008747744,0.048598005,0.407233523,97,0,12649.32517,4.595890411
1726,13.72988506,277.8448276,134.4310345,0,0,2.804597701,2.75862069,37.65858841,127.0352097,15.01264368,0,64.53448276,12.79885057,25728.14142,3.614566644,0.988347559,0,0.000774068,0,122,0,24016.48391,5.563218391
1727,14.95402299,39.81609195,35.42528736,233.3563218,190.5517241,2.08045977,1.965517241,37.67867661,127.0407639,16.30574713,0,60.03448276,12.94252874,8282.348524,11.60733906,0.419361019,0,0,0.574051637,82,1,5856.265843,4.045977011
1728,13.81818182,72.18181818,59.84090909,238.3409091,264.7727273,1.522727273,1.568181818,37.67771912,127.046814,16.54545455,0,57.38636364,10.47727273,16421.25548,3.670531691,0.63264651,0,0.072049157,0.293884345,129,1,13696.28882,3.090909091
1729,13.74242424,65.44444444,40.12121212,194.8282828,174.959596,2.873737374,2.737373737,37.68400955,127.0457916,14.80050505,0,64.13131313,12.52525253,10093.21315,2.704185674,0.494414543,0,0.319948948,0.178008445,76,1,13595.72413,5.611111111
173,13.94680851,503.5957447,359.2978723,1079.56383,869.4574468,1.968085106,1.893617021,37.56477737,126.9661484,13.85212766,0,63.41489362,10.22340426,13533.18611,5.776773512,0.77367703,0.218931786,0,0.007386006,254,1,28325.35885,3.861702128
1730,16.64705882,78.82352941,65.94117647,519.4117647,558.1176471,1.794117647,1.470588235,37.68759155,127.0455017,17.21470588,0,62.47058824,13.82352941,6716.44814,2.864596704,0.375746561,0,0.160400341,0.415810403,52,2,10266.59066,3.264705882
1731,14.28571429,63.95238095,37.02380952,467.5952381,669.8809524,1.642857143,1.261904762,37.6876297,127.0422134,15.69761905,0,62.85714286,12.97619048,5032.486561,4.783573354,0.331663521,0,0.051066479,0.61182693,29,2,5542.801705,2.904761905
1732,15.04424779,151.0442478,98.31858407,395.3628319,282.6283186,1.831858407,2.017699115,37.66759872,127.0429993,15.4460177,0,63.27433628,11.57522124,21024.29068,1.273745195,0.779709064,0.023686738,0.176666123,0.01339733,108,1,18904.93528,3.849557522
1733,13.13609467,165.8461538,149.4201183,0,0,2.207100592,2.230769231,37.66297913,127.0419388,14.75266272,0,62.63905325,12.89349112,23938.35472,0.882452588,0.587206909,0.000810312,0.405968866,0,93,0,19200.33627,4.437869822
1734,15.5234375,347.09375,108.078125,0,0,2.2890625,2.21875,37.65814972,127.0326691,15.509375,0,61.921875,12.6484375,25945.9404,5.260063806,0.986570309,0,0,0,161,0,20687.52734,4.5078125
1735,13.87951807,86.02409639,43.8373494,200.4879518,177.9337349,2.403614458,2.421686747,37.67911911,127.0449829,14.92951807,0,62.74698795,12.72289157,12917.01886,5.851197023,0.592360027,0,0.105943755,0.296351525,132,1,11089.33606,4.825301205
1736,14.68,115.0533333,107.2133333,826.9866667,629.9333333,2.52,1.56,37.65224075,127.0370636,15.84266667,0,58.12,11.16,21759.78586,4.351260206,0.883880747,0.047703555,0,0.067840972,108,1,20751.44883,4.08
1737,14.29383886,163.9099526,135.1374408,0,0,4.369668246,4.582938389,37.63970184,127.0388336,14.82985782,0,64.26540284,12.71563981,19620.2754,9.516652951,0.414781332,0,0.447553661,0.135200416,95,0,18538.73817,8.952606635
1738,14.40654206,38.51401869,25.69158879,138.9626168,142.6168224,5.08411215,5.280373832,37.6463089,127.052742,14.80420561,0,62.8271028,12.78504673,11132.9348,18.10534743,0.587780341,0,0,0.411611278,66,1,17308.47818,10.36448598
1741,13.445,165.705,109.035,616.725,506.17,3.055,2.9,37.64519882,127.0329819,14.5355,0,64.015,11.995,22333.09869,4.868533726,0.581098503,0.040718822,0.374088399,0,129,1,33551.59938,5.955
1742,13.73755656,122.4751131,46.74660633,0,0,4.814479638,5.022624434,37.64889145,127.0230179,14.54705882,0,64.09502262,12.64253394,18980.30601,9.715518109,0.991551268,0,0,0,185,0,16550.26708,9.837104072
1743,14.51912568,51.06557377,36.97814208,0,0,3.333333333,3.617486339,37.65039062,127.0521927,14.88251366,0,63.09289617,12.77595628,14522.13759,5.20613824,0.694899436,0.10964323,0,0.196488993,166,0,19153.81643,6.950819672
1744,15.08421053,163.3421053,78.38947368,378.4842105,286.0210526,4.815789474,4.805263158,37.66480255,127.0430298,15.42631579,0,61.63684211,12.87894737,22487.26988,0.735957002,0.654887372,0.023686738,0.314102016,0,87,1,18585.97273,9.621052632
1748,14.23837209,172.8313953,138.7209302,358.3837209,322.7790698,2.505813953,2.372093023,37.66898346,127.0437622,14.61337209,0,63.66860465,12.06976744,20679.4929,1.49045014,0.784538575,0.023686738,0.117214339,0.068486891,121,1,19048.56533,4.877906977
1749,14.20100503,140.5678392,97.94974874,354.2663317,284.638191,2.748743719,3.341708543,37.66627121,127.04599,14.80603015,0,63.58291457,12.90452261,21912.06392,1.295976547,0.562260693,0.023686738,0.267953069,0.138789865,93,1,16840.97549,6.090452261
175,13.91666667,136.4114583,83.22916667,0,0,3.984375,3.604166667,37.57806778,126.9308853,13.82291667,0,64.07291667,11.52604167,14530.61225,16.36737096,1.000022005,0,0,0,126,0,11267.66674,7.588541667
1750,13.74615385,88.9,57.22307692,551.9538462,630.1538462,3.076923077,3.146153846,37.68826675,127.0488968,15.51538462,0,61.07692308,12,8401.953065,4.233604422,0.217190781,0,0.153130833,0.350269629,60,2,8419.762216,6.223076923
1751,13.13855422,82.86144578,69.60843373,0,0,2.487951807,2.415662651,37.6521225,127.0417023,14.81626506,0,64.80120482,13.13855422,22102.70423,7.685595582,0.842163921,0.026691105,0.020204727,0.103230633,129,0,18085.70142,4.903614458
1752,14.01234568,46.22222222,24.87037037,146.2962963,152.8888889,2.679012346,2.654320988,37.64548111,127.0485764,14.79382716,0,62.7962963,12.7345679,13234.97932,3.987187311,0.495277927,0,0,0.495397014,82,1,12310.97251,5.333333333
1754,13.96987952,158.4759036,94.94578313,671.373494,470.9698795,2.662650602,2.614457831,37.64689636,127.033432,15.52048193,0,60.62048193,13.06626506,21907.16453,5.627287498,0.660308436,0.07185111,0.265259365,0,123,1,31598.45116,5.277108434
1756,14.6031746,18.11111111,6.587301587,823.8888889,821.047619,1.761904762,1.492063492,37.65148544,127.0443192,14.26507937,0,65.85714286,9.666666667,20494.03649,6.446248447,0.781872054,0.053325256,0.021043516,0.137377644,114,2,16679.72536,3.253968254
1757,14.97894737,83.06315789,56.42105263,97.64210526,64.98947368,2.389473684,2.210526316,37.65568542,127.013382,16.84105263,0,59.28421053,12.70526316,7980.46003,8.092016593,0.846060149,0,0,0.129849251,121,1,8979.481867,4.6
1758,14.31451613,67.16935484,26.79032258,86.47580645,76.87903226,1.959677419,1.846774194,37.65727997,127.0137558,15.36129032,0,63.33870968,12.36290323,7778.605077,6.717458377,0.778097501,0,0,0.202575394,127,1,10539.01322,3.806451613
1759,13.70535714,76.26785714,50.47321429,227.2053571,216.4732143,2.151785714,2.223214286,37.67721939,127.0486374,14.46428571,0,64.49107143,12.02678571,19253.5003,3.670531691,0.65846776,0,0.049438089,0.29109097,110,1,16257.11144,4.375
176,12.71764706,401.9607843,393.172549,0,0,5.02745098,5.08627451,37.58109665,126.9240265,13.53333333,0,65.54901961,12.21176471,21356.45665,12.21119626,0.999214282,0,0,0,51,0,22843.29503,10.11372549
1761,14.22727273,158.4242424,92.60606061,0,0,1.742424242,1.787878788,37.66562271,127.0310898,15.20606061,0,62.84848485,13.51515152,17921.01759,4.178952728,0.774117135,0,0,0.220965333,86,0,13561.93399,3.53030303
1762,13.75909091,183.85,135.8409091,0,0,4.154545455,4.145454545,37.65533829,127.0424194,14.68272727,0,65.05454545,13.48636364,22672.42045,2.929501839,0.727864634,0.020362647,0.236300421,0.008530281,102,0,23312.54101,8.3
1765,13.52173913,81.7826087,47.28985507,601.8888889,508.0241546,3.111111111,2.913043478,37.64966965,127.035614,14.45410628,0,66.23671498,13.42512077,21510.357,4.10642904,0.765725359,0.077443039,0.062510517,0.092312133,125,1,25997.26423,6.024154589
1767,13.8173516,212.5388128,105.0593607,0,0,3.356164384,3.99086758,37.66250992,127.0332794,14.62968037,0,63.90410959,12.44748858,25858.40036,3.08398145,0.964609044,0,0,0.021523749,105,0,17392.20059,7.347031963
1768,14.72972973,175.990991,119.1891892,0,0,1.882882883,1.963963964,37.66208267,127.0287476,15.02432432,0,64.92792793,13.51351351,27014.19582,10.42693482,0.7817219,0,0,0.206727919,132,0,14565.90479,3.846846847
177,14.55629139,160.7748344,149.0993377,0,0,2.430463576,2.556291391,37.57767487,126.9098053,13.57880795,0,63.79470199,11.22516556,22333.9884,8.43317839,0.999893857,0,0,0,72,0,22258.83143,4.986754967
1770,14.5248227,76.03546099,67.41134752,0,0,2.567375887,2.19858156,37.68473816,127.0500412,14.93404255,0,63.70212766,12.02836879,13071.51407,4.231279314,0.378291407,0,0.316148507,0.179552697,71,0,12636.17181,4.765957447
1771,14.5826087,333.1217391,175.8521739,0,0,2.113043478,2.043478261,37.65796661,127.0300903,14.63130435,0,63.46086957,11.82608696,26225.47897,2.377570949,0.989732597,0,0,2.20E-05,181,0,20563.25534,4.156521739
1772,15.21276596,340.7304965,154.5815603,0,0,2.453900709,2.468085106,37.65805054,127.035759,15.13120567,0,62.56737589,12.26241135,25218.73553,3.259515344,0.982899312,0,0.007594409,0,118,0,24248.71492,4.921985816
1774,15.24074074,157.3240741,93.2037037,706.4907407,454.2222222,1.824074074,1.666666667,37.65134811,127.034729,15.31111111,0,65.74074074,11.92592593,21295.9598,4.179121348,0.90279234,0.067895338,0,0.028333735,126,1,21413.33546,3.490740741
1775,15.31333333,33.12666667,30.32666667,847.4,603.4066667,2.633333333,2.54,37.65128708,127.0455475,15.63733333,0,60.18666667,12.58,19491.53064,3.872791448,0.775696338,0.092860971,0.013603144,0.112480616,141,2,17036.70291,5.173333333
178,13.77669903,103.9854369,70.44174757,0,0,3.796116505,3.90776699,37.57987595,126.9063492,13.60485437,0,66.00485437,12.24757282,16415.1246,10.88581771,0.999488701,0,0,0,65,0,16643.28962,7.703883495
179,13.53170732,193.804878,124.5658537,190.4097561,193.3121951,4.448780488,4.624390244,37.56877518,126.9152985,13.91414634,0,63.32195122,11.21463415,20489.00107,10.07759298,0.947516122,0.034251859,0,0.017332391,117,1,13973.69577,9.073170732
180,14.85294118,138.0441176,90.95588235,508.2573529,504.3161765,2.485294118,2.227941176,37.55996704,126.9624634,13.95661765,0,63.27205882,10.89705882,18419.90238,11.89007364,0.987411688,0.013254943,0,0,154,2,64177.55634,4.713235294
1804,13.92857143,60.68367347,28.61734694,686.0714286,663.5,4.545918367,4.540816327,37.46652985,126.8887177,15.01428571,0,54.20408163,15.67857143,10091.78194,1.969317883,0.015415343,0,0.833189652,0.118768947,152,1,14134.8751,9.086734694
1805,14.15333333,153.04,85.10666667,2756.706667,2431.593333,3.36,3.473333333,37.48228836,126.8777695,15.08333333,0,52.68666667,15.15333333,4370.439316,16.17525803,0.038523472,0,0.842579433,0.031674653,152,2,18717.42458,6.833333333
1806,13.81395349,122.7674419,59.24806202,0,0,3.751937984,4.007751938,37.48621368,126.8786392,14.74263566,0,53.53488372,15.34108527,10587.42101,16.17525803,0.215831631,0,0.677086812,0,108,0,13057.21394,7.759689922
1808,14.25,147.5078125,139.7890625,0,0,4.828125,3.71875,37.47320938,126.8849411,16.24375,0,50.4453125,15.1640625,3329.860599,3.551399129,0,0,0.97183713,0.02493845,188,0,19113.05484,8.546875
1809,13.81521739,122.9021739,75.95652174,0,0,3.815217391,4.119565217,37.47077942,126.8851547,15.00108696,0,52.5,14.22826087,3331.961461,6.160032057,0,0,0.844527547,0.075668378,140,0,16902.89024,7.934782609
181,15.84459459,68.64189189,10.66216216,0,0,3.932432432,4.243243243,37.55134201,126.9026718,15.53175676,0,58.45945946,15.52027027,15543.39152,4.943447071,0.525972698,0,0,0.474002708,48,0,10323.56662,8.175675676
1812,14.40145985,226.6131387,205.4817518,2669.554745,2526.992701,2.861313869,2.948905109,37.47903061,126.8872986,15.77372263,0,52.12408759,16.30656934,7460.268239,4.13475333,0.263721584,0.040528541,0.695942745,0,154,2,26335.50647,5.810218978
1814,13.82941176,379.0764706,378.1058824,0,0,3.5,3.358823529,37.47422028,126.8941269,15.27235294,0,53.58823529,16.66470588,18233.33553,4.91609194,0.31743258,0,0.682650264,0,245,0,21577.07842,6.858823529
1816,13.75,108.9642857,118.8571429,0,0,1.357142857,1.178571429,37.44686127,126.9038315,13.91785714,0,60.5,17.39285714,12949.98652,4.363710129,0.535731391,0,0.4011057,0.062113128,70,0,12370.14434,2.535714286
1819,13.98947368,133.0842105,125.8631579,474.3894737,399.4736842,1.684210526,1.673684211,37.45647812,126.8959274,15.58736842,0,51.63157895,15.11578947,12905.61518,5.987007936,0.437590448,0.036246573,0.355219522,0.16527904,102,1,14615.50213,3.357894737
182,14.8,72.21333333,13.37333333,0,0,3.446666667,3.613333333,37.5513649,126.9030609,15.82333333,0,57.81333333,15.42,16259.56413,4.943447071,0.558422714,0,0,0.441537159,55,0,11071.9922,7.06
1820,15.01587302,75.07936508,70.80952381,0,0,1.746031746,1.587301587,37.4433403,126.9033585,15.87936508,0,50.68253968,14.15873016,9785.976471,9.068307786,0.441926782,0,0.401351642,0.128888785,66,0,9115.682803,3.333333333
1821,13.55,274.675,209.81875,0,0,2.34375,2.65625,37.45145798,126.9021149,15.615625,0,55.325,16.81875,16251.18063,1.707720266,0.593695877,0.070145054,0.335069161,0,161,0,14281.32096,5
1822,14.19642857,236.9642857,177.7410714,0,0,2.125,2.026785714,37.45299149,126.9009094,15.10535714,0,55.20535714,15.44642857,15528.19465,7.364149371,0.581991659,0.081271957,0.335616704,0,148,0,13782.34182,4.151785714
1823,14.33333333,114.8518519,99.96296296,0,0,1.703703704,1.185185185,37.4589119,126.8985901,15.65925926,0,53.96296296,16.25925926,18199.39297,5.095686364,0.744412602,0.02670405,0.228891115,0,78,0,16516.29247,2.888888889
1824,14.28061224,22.83163265,3.530612245,0,0,4.382653061,4.571428571,37.46455002,126.883728,15.64285714,0,54.53571429,16.78061224,3190.625764,1.562100099,0.035818117,0,0.234224159,0.158514359,46,0,4682.662991,8.954081633
1825,15.44660194,49.31067961,25.51456311,490.7184466,360.5825243,2.563106796,2.766990291,37.45470047,126.8910523,15.69417476,0,51.55339806,15.55339806,7361.416755,3.539261892,0.255395823,0,0.218115002,0.201800032,94,1,6781.573006,5.330097087
1826,15.50561798,42.16853933,21.51685393,0,0,2.033707865,1.91011236,37.45684052,126.8883438,15.17865169,0,52.85393258,16.53932584,6337.491615,7.829438426,0.325810118,0,0.104059067,0.191685371,83,0,6650.534615,3.943820225
1827,14.47979798,66.16161616,41.26262626,438.8737374,385.9090909,5.151515152,5.555555556,37.45672607,126.8930664,15.53434343,0,54.48989899,16.10606061,11763.06097,5.088620624,0.386624934,0,0.370478239,0.216999205,127,1,11074.7361,10.70707071
1828,14.0137931,346.8689655,266.6896552,0,0,2.620689655,1.806896552,37.47531891,126.8988876,15.64137931,0,53.14482759,16.97931034,18863.33434,5.926337073,0.711196284,0,0.30666035,0,165,0,18436.57336,4.427586207
1829,14.87769784,354.3453237,262.4460432,0,0,2.755395683,2.942446043,37.4691391,126.8972015,16.20215827,0,54.85611511,16.76258993,19013.48073,2.596301364,0.431050998,0.0765693,0.492364169,0,223,0,18864.95531,5.697841727
183,13.12765957,101.012766,60.79574468,0,0,5.365957447,5.204255319,37.56516647,126.9193955,14.89744681,0,60.64680851,15.33191489,17619.45844,15.07809835,0.940906773,0.001779839,0,0.050062003,109,0,15404.22216,10.57021277
1830,13.75728155,270.4514563,262.0679612,0,0,5.111650485,4.776699029,37.4702301,126.8950729,15.64708738,0,55.17475728,16.35436893,19246.18663,3.03782147,0.23154987,0.050770055,0.717689135,0,239,0,18552.60764,9.888349515
1831,14.07462687,437.4701493,372.2164179,0,0,2.410447761,2.395522388,37.47249985,126.8979569,15.73283582,0,53.82089552,16.04477612,18435.31819,2.575278799,0.602230041,0.009937324,0.387852052,0,205,0,17878.53881,4.805970149
1833,13.96178344,80.69426752,54.24203822,754.4840764,693.6815287,3.171974522,3.464968153,37.46654129,126.8902817,15.41656051,0,54.74522293,15.85987261,13108.81833,2.057738882,0,0.000823256,0.941099642,0.057789738,170,1,15928.8309,6.636942675
1834,14.35294118,157.2287582,111.6601307,2777.196078,2467.542484,5.117647059,5.346405229,37.47908401,126.8790436,15.55751634,0,52.56862745,15.94117647,2697.812861,1.496028083,0.002579795,0,0.871759723,0.015962886,151,2,19272.29462,10.46405229
1835,13.83333333,300.5925926,247.1944444,3469.796296,2918.064815,3.287037037,2.990740741,37.47706985,126.8844299,15.14444444,0,50.80555556,13.89814815,3511.861418,2.465311418,0.00080384,0.019569163,0.978889174,0,196,2,26474.35023,6.277777778
1836,13.93103448,20.4137931,4.448275862,0,0,2.137931034,1.137931034,37.46740341,126.9081421,15.0862069,0,61.34482759,16.13793103,18959.71381,7.934671299,0.995838414,0,0,0,42,0,9205.171046,3.275862069
1839,14.62626263,211.040404,267.0505051,0,0,3.636363636,3.080808081,37.47743607,126.8861542,15.85656566,0,50.43434343,14.66666667,5594.953035,3.014290776,0.065297421,0.040491002,0.893132024,0,173,0,27633.1985,6.717171717
184,13.00790514,78.63241107,48.67588933,467.0750988,413.7114625,5.790513834,6.446640316,37.55894852,126.907753,14.67865613,0,60.54940711,15.50197628,23193.59566,7.364984437,0.999395502,0,0,0,101,1,24486.27214,12.23715415
1840,13.71621622,309.8581081,305.2905405,0,0,3.445945946,3.391891892,37.47555161,126.8884583,15.16689189,0,53.59459459,14.97972973,9149.956565,3.120969977,0.089982163,0.0398412,0.86904013,0,201,0,25310.13135,6.837837838
1841,12.76888889,319.0266667,352.1422222,0,0,4.306666667,4.155555556,37.4769516,126.8918686,14.99955556,0,56.67111111,17.09333333,14925.81107,5.34246933,0.282633177,0.040448286,0.680928674,0,157,0,24887.85456,8.462222222
1842,15,212.2142857,167.5,0,0,2.071428571,1.321428571,37.46257401,126.9068604,15.75,0,58.21428571,17.75,23234.65692,13.86141979,1.001495064,0,0,0,67,0,13553.15285,3.392857143
1843,14.59210526,171.4342105,123.4473684,0,0,2.276315789,2.078947368,37.47709656,126.9111328,15.11184211,0,55.86842105,16.60526316,21360.7856,6.585216799,0.986509471,0.013133267,0,0,119,0,14872.15934,4.355263158
1845,14.62376238,46.0990099,34.42574257,0,0,2.514851485,2.138613861,37.460289,126.892189,15.84950495,0,55.00990099,16.07920792,15529.21813,5.079193969,0.26932128,0,0.543802149,0.160021073,85,0,10888.71407,4.653465347
1846,14.49390244,139.5609756,170.3780488,0,0,3.359756098,3.170731707,37.46017075,126.8960419,15.75060976,0,53.17682927,16.20121951,18639.46725,7.300311196,0.490476893,0.000104849,0.485955456,0.022075175,117,0,16174.2298,6.530487805
1847,15.77419355,79.06451613,29.22580645,0,0,1.677419355,1.774193548,37.46093369,126.8871689,16.4,0,46.41935484,15.93548387,7574.881153,7.829438426,0.198356853,0,0.268180889,0.190029798,117,0,8369.018286,3.451612903
1848,13.80272109,289.6870748,270.7891156,0,0,5.850340136,6.346938776,37.4762764,126.8853912,15.7877551,0,49.97959184,15.04081633,4401.198257,2.58976121,0.011293884,0.027028951,0.960507002,0,188,0,25686.10767,12.19727891
1849,13.5625,292.3125,265.25,3907.325,3522.6625,2.1,2.55,37.48135376,126.88694,14.82125,0,55.95,16.4125,8046.547894,4.13475333,0.437196942,0.040528541,0.522621424,0,135,2,27179.59292,4.65
185,15.90322581,37.61290323,24.36290323,0,0,2.475806452,2.85483871,37.54254532,126.9342957,15.19274194,0,57.95967742,15.60483871,16355.52449,4.250843965,0.833514553,0,0,0.166151484,49,0,12475.02113,5.330645161
1850,14.92307692,206.3589744,276.1538462,1510.435897,3801.487179,2.153846154,1.666666667,37.48015976,126.8863678,16.31538462,0,50.02564103,14.23076923,6205.399197,4.13475333,0.325179731,0.040528541,0.634610157,0,172,2,28619.88308,3.820512821
1851,14.02314815,103.1435185,57.65740741,2231.865741,2035.361111,8.138888889,8.027777778,37.48123169,126.881485,15.35601852,0,53.83796296,15.73148148,4273.408922,16.17525803,0.135769965,0,0.864394428,0,151,2,24023.35303,16.16666667
1853,13.55,495.3,461.81,0,0,2.06,1.88,37.47248077,126.8958664,15.067,0,53.36,15.14,18935.99905,7.013021376,0.393315833,0.006523917,0.60018355,0,265,0,19133.07152,3.94
1854,13.9047619,376.7142857,290.7142857,0,0,2.5,1.55952381,37.47817993,126.8974075,14.70833333,0,57.19047619,16.83333333,18875.69919,4.589791803,0.563169381,0,0.45459276,0,102,0,27136.30387,4.05952381
1855,13.78947368,132.4210526,108.6315789,0,0,1.236842105,1.5,37.45132065,126.8976212,15.68684211,0,47.21052632,13.89473684,9997.569297,5.892180572,0.183725933,0.055652638,0.49498668,0.116558064,84,0,10193.17906,2.736842105
1856,14.3984375,203.9453125,211.3203125,0,0,2.703125,2.453125,37.47840881,126.9073715,15.7515625,0,54.59375,17.34375,23011.90938,2.697196808,0.996059761,0,0,0,79,0,18881.93868,5.15625
1857,14.76470588,97.26470588,69.29411765,0,0,2,1.705882353,37.46055984,126.8870926,14.80588235,0,52.23529412,15.55882353,7286.196924,7.829438426,0.214924237,0,0.234828657,0.184748531,112,0,8054.077899,3.705882353
1858,15.41666667,58.125,52.14583333,0,0,1.854166667,1.9375,37.43727112,126.9026871,17.5,0,51.20833333,17.47916667,2912.885818,4.177649655,0.296433074,0,0.139074639,0.204689195,41,0,4630.688872,3.791666667
1859,14.64556962,75.62025316,36.03797468,817.8987342,862.1772152,3.974683544,3.291139241,37.4679985,126.8868408,15.85443038,0,49.72151899,14.67088608,6347.430451,1.241618963,0.013526773,0,0.780467599,0.124565396,150,1,14103.83465,7.265822785
186,14.39411765,109.1823529,89.19411765,402.1647059,435.2705882,9.141176471,9.029411765,37.56396484,126.8982086,16.02352941,0,57.74705882,15.40588235,10449.85657,7.574302494,0.413749673,0.032947076,0,0.551985523,61,1,11683.06019,18.17058824
1861,14.53846154,51.03846154,47.53846154,0,0,1.538461538,1.230769231,37.4369812,126.9032974,15.31923077,0,52.42307692,16.23076923,2832.152409,4.177649655,0.296479674,0,0.1224969,0.249128203,40,0,4171.039942,2.769230769
1862,13.66225166,165.5960265,152.8278146,0,0,3.112582781,2.867549669,37.46134567,126.897583,15.06953642,0,54.82119205,15.31788079,20431.45577,3.312343396,0.656823836,0.017262492,0.325922733,0,52,0,16633.03315,5.98013245
1863,12.66233766,190.1298701,202.3896104,0,0,2.038961039,1.701298701,37.46053696,126.8986054,14.87272727,0,59.75324675,16.66233766,20026.82341,5.095686364,0.761896441,0.005201012,0.232906431,0,46,0,16299.87992,3.74025974
1864,13.61842105,203.6842105,113.6184211,0,0,1.723684211,1.342105263,37.45652008,126.8995514,15.37763158,0,54.35526316,16.64473684,16278.34883,3.497256357,0.679755923,0.079914102,0.240254899,0,128,0,17897.2994,3.065789474
1865,14.56410256,170.5897436,146.9102564,538.2307692,438.9487179,1.782051282,1.769230769,37.45633316,126.8964539,14.7025641,0,52.37179487,13.65384615,13060.19202,5.987007936,0.454491795,0.043985958,0.354094664,0.142680916,103,1,15236.94409,3.551282051
1866,13.64912281,57.54385965,41.10526316,481.7017544,400.5964912,1.631578947,1.473684211,37.45777893,126.8894272,16.25087719,0,46.63157895,13.92982456,8644.498831,7.829438426,0.355053835,0,0.203688602,0.200811089,128,1,8502.822635,3.105263158
1867,13.56170213,156.4468085,120.2808511,2071.119149,1902.982979,11.13617021,11.81276596,37.48088837,126.8838043,15.30595745,0,54.93617021,16.16595745,4122.36336,4.128295906,0.24482423,0.009305643,0.745836472,0,164,2,25982.83592,22.94893617
1868,13.50769231,120.5076923,106.9692308,0,0,1.784615385,1.430769231,37.44785309,126.9028854,15.34923077,0,52.10769231,15.16923077,13165.9179,3.543349225,0.492900062,0,0.481263155,0.024807713,71,0,11921.28516,3.215384615
1869,13.92592593,101.4444444,100.4506173,415.3765432,352.5246914,2.679012346,2.641975309,37.45901871,126.8967133,15.4962963,0,53.05555556,15.38271605,17216.50401,5.313562419,0.553654041,0.012313894,0.406846489,0.025816072,94,1,17282.77602,5.320987654
1870,14.72380952,292.4857143,154.9904762,0,0,2.352380952,1.59047619,37.47507095,126.9033585,15.50666667,0,55.40952381,16.19047619,19286.65186,5.566362053,0.980608174,0,0.015903342,0,111,0,18082.39874,3.942857143
188,14.54304636,130.2847682,104.2384106,0,0,2.503311258,2.324503311,37.58638763,126.9351273,13.78410596,0,62.86754967,11.98675497,13051.55274,10.93914095,0.999966345,0,0,0,174,0,11661.252,4.82781457
1901,14.06046512,108.4093023,111.0325581,0,0,5.11627907,5.227906977,37.50733185,126.8797302,15.40186047,0,64.06511628,13.36744186,20792.37014,2.748808023,0.364253335,0,0.537605722,0.098227669,190,0,19036.8564,10.34418605
1904,13.8853211,37.89908257,7.766055046,45.85779817,43.36238532,6.45412844,6.463302752,37.51424026,126.8828735,15.13440367,0,63.93577982,12.99541284,16732.72889,3.915973691,0.048244626,0,0.526749355,0.422327848,80,1,12284.22651,12.91743119
1906,12.85546875,105.0742188,78.4765625,1266.207031,1180.136719,13.140625,12.81640625,37.50971985,126.8900986,14.84101563,0,66.96484375,13.83203125,20410.90761,7.626512312,0.361731789,0.091342607,0.263744884,0.286533289,118,2,23163.02645,25.95703125
1907,13.98469388,83.65306122,52.94387755,0,0,3.882653061,4.076530612,37.48963165,126.8762589,15.14438776,0,64.63265306,12.83673469,10900.8094,2.3369581,0.090389908,0,0.66074207,0.028953766,106,0,9187.370306,7.959183673
1908,14.6127451,30.13235294,27.8627451,394.504902,370.1715686,4.68627451,4.259803922,37.49528503,126.8721619,15.3745098,0,62.76470588,12.89215686,8672.10677,6.005254092,0.044309565,0,0.558904241,0.314435979,67,1,13403.44007,8.946078431
191,14.23350254,175.0304569,134.5888325,0,0,2.685279188,3.304568528,37.57889175,126.9107361,14.01522843,0,63.54822335,11.87817259,23863.59723,4.417129611,0.99993269,0,0,0,85,0,22159.79862,5.989847716
1910,14.05813953,248.8023256,231.8953488,0,0,1.953488372,1.604651163,37.49750519,126.8843765,15.49302326,0,64.63953488,12.89534884,16025.03131,6.607755729,0.831144456,0.041438524,0.124762149,0,115,0,17166.80684,3.558139535
1911,11.97887324,159.2887324,126.5669014,1283.496479,1182.017606,16.86267606,16.86971831,37.48493958,126.9013214,14.36971831,0,68.82394366,14.14788732,20680.79897,3.502346887,0.634186879,0.082540496,0.27893888,0,98,1,32099.30726,33.73239437
1912,14.31775701,77.57009346,58.77570093,543.546729,460.3271028,4.85046729,4.696261682,37.48880005,126.8906632,15.24766355,0,63.92056075,12.86448598,19385.14411,2.929987624,0.658164864,0,0.341486935,0,109,1,29605.68946,9.546728972
1913,13.93103448,76.96059113,61.22167488,1032.463054,901.679803,3.517241379,3.866995074,37.49103165,126.8921509,15.15960591,0,65.4729064,13.28078818,19483.8006,3.494829859,0.7689912,0.006470846,0.224140565,0,133,2,29330.66403,7.384236453
1914,13.1504065,102.495935,71.5203252,951.0284553,869.2682927,6.426829268,6.085365854,37.49440384,126.8944473,14.77845528,0,66.06097561,13.70731707,18959.18343,2.74169818,0.874307157,0.094200704,0.029547908,0,163,2,27066.94603,12.51219512
1916,14.44444444,171.2296296,162.4814815,0,0,2.540740741,2.214814815,37.49414062,126.8899841,15.31703704,0,63.45185185,12.82962963,18131.31556,2.74169818,0.899566626,0.095869221,0.004131814,0,161,0,22690.48775,4.755555556
192,15,101.6111111,64.03703704,0,0,2.287037037,2.398148148,37.57222748,126.9230652,13.35092593,0,64.00925926,11.94444444,15085.68249,25.16422759,0.807075861,0,0,0.190165713,92,0,9618.131829,4.685185185
1920,13.84259259,118.0092593,108.2037037,0,0,4.12037037,3.773148148,37.50437927,126.888298,15.09953704,0,66.14351852,14.15740741,21721.20813,3.774444785,0.717845761,0.213183231,0.000718408,0.066874034,112,0,26800.64135,7.893518519
1924,13.93377483,282.5099338,278.4768212,0,0,3.966887417,2.42384106,37.47874069,126.8950958,14.94966887,0,65.26490066,14.09271523,17831.77836,4.711341791,0.391978689,0.022335355,0.60348693,0,127,0,25681.0468,6.390728477
1925,12.82745098,128.0980392,118.972549,327.8941176,308.7372549,9.647058824,9.607843137,37.49988937,126.8676987,14.78039216,0,66.67058824,13.66666667,13110.14451,7.459904655,0.279305203,0,0.333315211,0.38772002,40,1,12859.19551,19.25490196
1928,14.53896104,155.5649351,140.4935065,430.3961039,392.6883117,3.863636364,3.519480519,37.49946976,126.8684006,15.50194805,0,64.85064935,13.90909091,12188.58568,13.44781792,0.246922497,0,0.347410238,0.40535013,38,1,13918.46732,7.383116883
1929,15.05263158,181.9210526,85.05921053,0,0,3.006578947,2.407894737,37.5038147,126.8519592,15.49868421,0,64.49342105,13.07236842,19805.5645,12.1068397,0.994102586,0,0.000242058,0.003753841,164,0,13776.11561,5.414473684
1930,14.28089888,133.0224719,71.83707865,0,0,2.876404494,2.97752809,37.49768448,126.8537293,15.14719101,0,64.57303371,12.95505618,22618.97185,8.235218701,0.671620443,0.015061964,0.313124723,0,138,0,20302.7407,5.853932584
1931,13.6969697,161.6111111,128.7020202,569.7272727,541.5151515,3.863636364,4.813131313,37.49499512,126.8582535,15.0520202,0,65.18181818,13.51515152,18834.22843,3.67065855,0.613485092,0,0.386435948,0,197,1,21789.85951,8.676767677
1933,13.1460177,178.3628319,121.300885,0,0,3.721238938,4.247787611,37.50170517,126.8472824,15.0619469,0,66.15486726,13.2699115,19967.06907,5.675664678,0.954973322,0.04296336,0,0,175,0,15541.64132,7.969026549
1936,14.35507246,194.6666667,192.2318841,658.5144928,674.673913,2.768115942,3.304347826,37.49428177,126.8592148,15.31231884,0,62.7826087,12.63043478,17797.38024,1.481109907,0.657012823,0,0.341727699,0,192,1,21389.24544,6.072463768
1937,14.57865169,104.3426966,32.24157303,0,0,2.842696629,3.117977528,37.4860611,126.8520126,15.35449438,0,65.25842697,13.66292135,13061.82807,12.15778711,0.583818097,0,0,0.295176185,91,0,12183.02203,5.960674157
194,13.61818182,85.13636364,79.6,749.9954545,777.3772727,4.55,4.5,37.57731628,126.9029694,13.71136364,0,64.68181818,11.75454545,15760.92292,8.32962747,0.781030675,0.056257136,0,0.129651203,90,3,15764.90491,9.05
1941,14.26256983,97.12849162,76.44692737,446.1955307,443.2178771,3.357541899,3.865921788,37.49367142,126.8437042,15.13463687,0,65.1396648,13.47486034,17491.42932,6.069396596,0.510779996,0.154565059,0.1841984,0.14717517,99,1,20028.21542,7.223463687
1943,14.22988506,38.14942529,26.1954023,359.2988506,354.6206897,2.218390805,1.804597701,37.49279022,126.8245239,15.06896552,0,64.40229885,13.3908046,7233.350659,7.660581684,0.93501842,0,0.011656324,0.001417399,117,2,8909.666592,4.022988506
1946,13.71428571,133.5454545,124.8831169,563.2987013,529.5930736,6.415584416,6.393939394,37.50311661,126.8803864,15.03463203,0,65.15151515,12.72727273,18717.07534,2.864132289,0.416921022,0.026386915,0.556672647,0,157,1,18292.57919,12.80952381
195,13.30718954,126.2352941,93.54901961,183.3202614,189.2352941,2.071895425,2.098039216,37.56765747,126.9178085,13.42875817,0,65.13071895,11.92156863,19222.67346,15.07809835,0.895896922,0.032431894,0,0.067107031,112,1,13565.51611,4.169934641
1951,15.14893617,79.31914894,27.44680851,0,0,1.744680851,1.446808511,37.48070526,126.8389587,16.00212766,0,58.63829787,12.25531915,8623.838582,14.82853773,0.365162024,0,0,0.562065234,80,0,9981.257938,3.191489362
1952,14.62694301,16.68393782,9.409326425,0,0,3.756476684,4.823834197,37.48210526,126.845726,15.39585492,0,62.92227979,12.84974093,7953.510673,16.74998752,0.16650098,0,0,0.415701671,47,0,10368.0018,8.580310881
1953,14.48170732,49.90243902,13.57317073,260.9817073,270.445122,4.457317073,3.243902439,37.48638535,126.8392105,15.21097561,0,61.24390244,11.63414634,12107.94815,14.94461429,0.472872672,0,0,0.273541115,138,1,11253.42332,7.701219512
1955,12.27238806,154.8843284,140.6529851,1338.309701,1203.216418,7.958955224,7.955223881,37.48288345,126.9010391,14.49402985,0,68.05223881,14.02985075,21019.43522,6.547276144,0.567075965,0.078315483,0.354075248,0,80,1,36376.1379,15.9141791
1956,14.33333333,64.88888889,34.01010101,46.79292929,43.58080808,4.095959596,4.323232323,37.51000977,126.8820496,15.46010101,0,64.01515152,13.34848485,22098.24612,8.154272702,0.384997838,0.008680434,0.492634705,0.114918024,166,1,17974.58354,8.419191919
1957,14.03296703,66.20879121,49.6043956,379.2637363,366.4945055,4.796703297,4.857142857,37.49340057,126.8743286,15.47472527,0,62.68131868,13.1043956,9404.31294,13.20394712,6.34E-05,0,0.748382612,0.175187886,92,1,12834.96025,9.653846154
1958,13.50909091,147.2318182,136.0454545,0,0,4.622727273,4.790909091,37.49578094,126.8901215,15.34954545,0,64.95909091,13.83636364,17720.98808,2.74169818,0.842521183,0.156219338,0,0,183,0,22045.2381,9.413636364
1959,14.1319797,177.213198,165.3451777,0,0,4.482233503,4.812182741,37.49645615,126.8895874,15.38629442,0,63.86294416,13.45685279,17422.28357,2.700415591,0.819712067,0.178949494,0,0,190,0,20619.56052,9.294416244
196,14.55670103,270.8453608,219.257732,0,0,1.907216495,1.587628866,37.56612015,126.9258957,13.93814433,0,62.21649485,11,13301.86684,17.48971,0.915994211,0,0,0.080549666,94,0,16333.07363,3.494845361
1960,13.79255319,80.84042553,68.33510638,0,0,3.319148936,3.228723404,37.50284958,126.8894806,15.29042553,0,66.0212766,13.4893617,20050.44266,3.774444785,0.699506305,0.246869426,0.000286069,0.051863847,116,0,23687.76677,6.54787234
1961,13.56066946,128.2803347,91.40585774,1346.443515,1264.213389,11.61506276,11.45606695,37.50818253,126.8913345,14.87656904,0,65.47280335,13.43514644,21044.44607,5.429561508,0.376663016,0.095449827,0.264493063,0.264560373,113,2,24620.29481,23.07112971
1962,13.075,212.245,194.17,0,0,4.74,4.535,37.48160172,126.8927994,14.8765,0,64.695,12.395,16177.94186,3.631157491,0.347309273,0.04044052,0.615865545,0,80,0,29004.34083,9.275
1964,14.34951456,204.3640777,177.2135922,0,0,4.194174757,4.388349515,37.49789047,126.864502,15.33349515,0,62.80582524,13.12621359,17207.12951,13.44781792,0.252907933,0,0.633323496,0.103405381,80,0,16035.27099,8.582524272
1965,13.93103448,174.0862069,121.7758621,616.5402299,545.6954023,3.396551724,3.183908046,37.49724197,126.8591232,15.26264368,0,63.63793103,12.83333333,20431.55282,6.740797663,0.386094219,0,0.613834588,0,198,1,20747.74516,6.58045977
1966,13.93034826,133.0547264,159.6716418,562.920398,536.5323383,3.960199005,3.975124378,37.49649811,126.8630981,15.01542289,0,65.24875622,13.10945274,18003.90432,4.195173664,0.363575055,0,0.597458779,0.029347272,100,1,18513.18102,7.935323383
1967,14.19480519,150.987013,116.6753247,0,0,1.987012987,1.753246753,37.5051384,126.8443375,15.52727273,0,65.68831169,14.49350649,13615.91586,10.64776339,0.866343836,0.006199016,0,0.131397387,125,0,10993.52484,3.74025974
1968,13.82291667,193.53125,142.4479167,467.3229167,463.0208333,1.822916667,1.708333333,37.49848175,126.8475037,14.99270833,0,64.375,12.90625,22784.55987,5.162567048,0.703867233,0.142692566,0.151907599,0,154,1,17345.89335,3.53125
1969,13.67346939,93.26530612,68.12244898,0,0,2.183673469,2.265306122,37.50190353,126.8289642,15.9244898,0,65.12244898,13.20408163,7217.007401,7.726926458,0.257131651,0,0,0.733969156,85,0,3381.133829,4.448979592
1971,15.77192982,70.92982456,48.35087719,439.8070175,359.9649123,2.122807018,2.01754386,37.49072266,126.8263931,16.18070175,0,63.56140351,12.1754386,7042.203379,7.144794484,0.882336494,0,0.017851457,0.040009475,142,2,7074.946531,4.140350877
1973,14.87654321,47.32098765,13.77777778,288.8641975,281.5061728,2.518518519,1.802469136,37.48859787,126.8364945,15.80740741,0,61.74074074,13.50617284,12316.20342,9.220975462,0.680703444,0,0.088431438,0.130092603,157,1,10918.99707,4.320987654
1974,14.05164319,110.0422535,109.0892019,573.6197183,525.9671362,3.920187793,3.666666667,37.50518036,126.8825378,14.99295775,0,64.52112676,12.78403756,23857.06387,3.613552709,0.674548439,0.017344041,0.308066099,0,144,1,24575.26969,7.58685446
1975,13.78037383,74.3317757,55.35046729,1012.308411,898.3130841,3.602803738,3.551401869,37.49256516,126.8947525,15.04299065,0,65.18224299,13.52803738,19488.12455,2.171862003,0.855512063,0.01801326,0.125476673,0,113,2,29090.59825,7.154205607
1976,14.14563107,148.2815534,117.7378641,586.1359223,598.3106796,2.067961165,1.902912621,37.48567963,126.8867035,15.11553398,0,61.66019417,12.30097087,14214.49339,3.109298005,0.83112245,0,0.1692607,0,75,1,23292.32482,3.970873786
1977,14.43069307,38.52475248,9.995049505,240.549505,252.7425743,6.346534653,5.623762376,37.48620987,126.8388214,15.36336634,0,63.69306931,13.01980198,11928.4272,14.94461429,0.47864841,0,0,0.273064765,132,1,11362.70331,11.97029703
1979,14.16949153,77.69491525,54.03389831,0,0,2.033898305,1.491525424,37.4920311,126.8737717,15.47966102,0,63.84745763,12.18644068,8779.540424,2.918563244,0,0,0.618644682,0.155393493,88,0,9536.268545,3.525423729
198,14.76404494,277.7640449,336.5505618,1128.573034,1592.089888,1.91011236,1.842696629,37.5621376,126.9637756,13.67865169,0,62.79775281,11.08988764,16240.69184,11.89007364,0.87248978,0.116980048,0,0.010897789,247,3,55609.69469,3.752808989
1981,14.27516779,53.34899329,27.93288591,0,0,2.530201342,3.476510067,37.47943115,126.8426971,15.28389262,0,64.20805369,12.73154362,7125.734534,22.0016534,0.271062285,0,0,0.472683686,75,0,10563.18861,6.006711409
1983,13.78756477,142.9740933,105.4974093,542.2331606,517.7253886,3.414507772,2.844559585,37.50254822,126.8838806,15.15233161,0,65.75647668,13.42487047,20795.90025,3.683121307,0.690886709,0.070284852,0.238819378,0,121,1,22847.66682,6.259067358
1984,13.6763285,157.1884058,178.3671498,0,0,4.323671498,4.777777778,37.49526596,126.8884735,15.152657,0,64.66183575,12.73913043,17428.61994,2.700415591,0.88583145,0.113768572,0,0,147,0,20702.53678,9.101449275
1985,13.00396825,107.75,112.5873016,0,0,8.277777778,7.753968254,37.49851608,126.8919907,14.84484127,0,66.21428571,14.11111111,17770.46329,4.426937015,0.718076169,0.279588683,0,0.000489294,150,0,22779.67081,16.03174603
1986,13.48858447,111.1369863,84.7716895,0,0,8.547945205,8.584474886,37.48485947,126.8951874,15.07625571,0,64.456621,12.91324201,18986.57156,2.207919714,0.196826839,0.000623914,0.802571252,0,82,0,34148.38095,17.13242009
1987,14.50595238,79.0297619,60.30357143,0,0,3.422619048,3.517857143,37.49034119,126.8609314,15.2452381,0,65.17261905,13.68452381,13590.44104,3.27480645,0.605115321,0,0.034523689,0,97,0,13332.5239,6.94047619
1988,13.78773585,180.004717,137.9433962,0,0,4.712264151,4.95754717,37.50605011,126.8607864,15.28632075,0,63.83490566,13.10377358,23921.08683,7.005555025,0.669189507,0,0.261348898,0.070919122,131,0,18623.94604,9.669811321
199,14.93233083,107.7218045,105.1804511,456.9849624,436.3684211,4.210526316,3.278195489,37.56684494,126.8964462,15.53157895,0,57.57894737,15.28571429,6507.510135,10.46499588,0.381144326,0.000117793,0,0.618736586,68,1,7711.22055,7.488721805
1991,13.1719457,153.7828054,112.0950226,396.9954751,354.2895928,3.837104072,4.452488688,37.49676132,126.8449631,15.08054299,0,66.93665158,14.54751131,20444.32741,8.461435004,0.633701469,0.203393472,0.154334651,0.007871417,142,1,20840.9509,8.28959276
1992,15.38383838,100.4343434,82.90909091,0,0,2.04040404,2.181818182,37.4917984,126.8324204,15.36969697,0,65.5959596,14.13131313,10595.66749,10.75831923,0.888051394,0,0.110784915,0,132,0,10552.10826,4.222222222
1993,13.8372093,68.06976744,50.04651163,0,0,2.217054264,2.372093023,37.48937988,126.834198,15.42945736,0,64.31782946,13.03875969,10971.36061,6.759023235,0.762371496,0,0.113983447,0.11434977,135,0,8324.640474,4.589147287
1994,14.29608939,144.9385475,63.46927374,406.877095,383.4469274,3.726256983,3.340782123,37.49699783,126.8717804,15.17988827,0,64.88268156,13.40782123,9068.853196,11.89101848,0.105075193,0,0.513474996,0.341062363,55,1,14076.26997,7.067039106
1996,14.7020202,13.94444444,9.131313131,397.6464646,365.1616162,6.782828283,6.696969697,37.49539948,126.8710098,15.42777778,0,63.06565657,12.8989899,9238.928997,5.160060667,0.10253682,0,0.468902662,0.326635963,47,1,13510.03125,13.47979798
1998,14.648,176.616,158.304,482.352,407.304,2.776,2.184,37.49856949,126.871521,15.8424,0,63.968,13.912,9254.862175,13.44781792,0.151577519,0,0.463295199,0.383255538,58,1,15386.06771,4.96
1999,14.66917293,163.6090226,135.9849624,0,0,2.736842105,2.383458647,37.49525833,126.830658,15.05864662,0,63.46616541,12.15789474,11109.32188,12.11307972,0.925127695,0,0.068134807,0.00557769,186,0,8547.572518,5.120300752
200,12.95652174,106.4347826,116.4782609,1284.173913,711.6521739,1.652173913,1.391304348,37.52841568,126.9139175,15.34347826,0,56.69565217,9.826086957,6241.230527,6.10356727,0.124491613,0.611918834,0,0.263589552,26,1,10466.67911,3.043478261
2000,14.24378109,94.92039801,67.53233831,45.90049751,42.16915423,4.741293532,4.278606965,37.5123291,126.8868332,15.13532338,0,64.19900498,12.93532338,18638.64661,2.113559509,0.219811997,0.050600485,0.470036581,0.269673364,115,1,17857.66796,9.019900498
2002,12.86259542,87.67938931,52.97328244,98.80534351,113.2099237,8.396946565,8.958015267,37.51284409,126.9524689,14.24026718,0,63.23282443,16.21374046,10937.65779,10.87370793,0.763198635,0.022230507,0,0.215241372,127,1,11879.26712,17.35496183
2003,14.01470588,115.872549,115.25,114.5637255,120.9362745,3.725490196,3.647058824,37.51335907,126.9480591,14.57009804,0,60.64215686,15.07843137,10252.259,5.418072623,0.789326664,0.067989831,0,0.140820823,154,1,17005.88764,7.37254902
2007,13.59663866,97.90756303,95.59663866,0,0,4.268907563,4.411764706,37.51293945,126.9342423,14.24852941,0,62.07773109,15.50840336,13730.85043,5.215600813,0.614775637,0.174332269,0,0.211090141,104,0,23208.76863,8.680672269
2008,14.91397849,166.2903226,106.1290323,316.9784946,345.7634409,1.634408602,1.64516129,37.5093689,126.9280701,15.41666667,0,59.06989247,15.3655914,17572.84143,6.655197669,0.96156196,0.037627728,0,0,155,1,19285.08678,3.279569892
2009,14.06,171.95,151.96,232.17,226.325,3.395,3.27,37.50007629,126.9210815,14.48075,0,60.38,14.95,23765.85743,3.33979879,1.000468583,0.000278302,0,0,121,1,18406.77998,6.665
201,13.83684211,242.9736842,228.6473684,687.5947368,648.5789474,4.405263158,4.336842105,37.53123856,126.9213333,15.64052632,0,57.64736842,13.21578947,1436.894258,4.096026595,0,0.578578252,0,0.421420454,55,1,6604.762878,8.742105263
2012,13.61497326,136.026738,121.8449198,0,0,2.737967914,2.839572193,37.48836136,126.9062271,14.32593583,0,63.35026738,16.01604278,19795.75868,3.58557831,0.965490549,0.03012134,0.001223234,0,60,0,19463.56735,5.577540107
2013,12.77959184,147.9102041,121.6326531,217.3469388,216.2285714,3.926530612,3.6,37.50585175,126.9393616,14.19489796,0,62.94285714,15.53469388,23417.97839,11.45060953,0.973457754,0.016154462,0,0,135,1,22569.69691,7.526530612
2015,12.67816092,174.2298851,160.789272,390.7624521,365.1034483,6.022988506,6.961685824,37.49985504,126.9295654,14.32203065,0,63.51915709,16.18390805,28531.85324,10.14531886,0.973677807,0.02626265,0,0,115,1,23149.27438,12.98467433
2016,19,553,113,1122,252,1,1,37.49964523,126.9270935,17.7,0,66.5,18,28196.55684,9.016208753,0.973712756,0.02626265,0,0,122,1,25696.11762,2
202,14.22368421,333.2149123,342.3947368,0,0,12.36842105,12.60087719,37.52881622,126.92453,15.36973684,0,58.79824561,14.15789474,3922.125225,3.557888007,0,0.603927036,0,0.396074259,52,0,14013.44207,24.96929825
2020,13.86549708,204.5497076,147.7017544,249.9298246,226.994152,2.391812865,2.456140351,37.50449753,126.9389877,14.5380117,0,60.89473684,16.16374269,23879.75523,9.871708623,0.981525924,0.016154462,0,0,147,1,22172.15768,4.847953216
2024,13.20967742,173.2580645,149.1854839,258.1129032,256.2822581,2.064516129,1.709677419,37.50217819,126.948204,14.68346774,0,65.22177419,17.25,24271.24747,12.34532868,0.936373686,0,0,0,131,1,18907.52465,3.774193548
2025,13.79385965,144.5263158,185.4649123,327.0921053,342.2631579,5.671052632,6.421052632,37.50938034,126.9636154,14.53421053,0,60.64473684,15.18859649,11149.63541,9.06082981,0.571570219,0,0,0.429334586,93,1,13972.42541,12.09210526
2026,14.54609929,175.822695,240.0070922,363.3829787,392.8297872,2.397163121,2.212765957,37.50858688,126.9634934,15.12730496,0,58.66312057,14.85815603,12243.76204,9.06082981,0.667265987,0,0,0.33353397,106,1,16867.81636,4.609929078
2027,14.40298507,145.5074627,147.5447761,342.8880597,337.6940299,2.276119403,2.28358209,37.50704193,126.9591522,14.45335821,0,60.91044776,14.69402985,16083.24354,27.24904563,0.992744731,0,0,0.007239736,95,1,20191.40404,4.559701493
203,14.32307692,130.574359,138.2666667,698.6461538,657.7230769,6.041025641,5.902564103,37.5280571,126.9187012,15.25897436,0,57.08205128,12.90769231,2180.639972,6.04691757,0,0.845366336,0,0.154631075,48,1,8462.238525,11.94358974
2032,12.8625,129.8125,106.3875,966.4375,933.1291667,4.179166667,4.533333333,37.48550797,126.9816208,14.19166667,0,62.27291667,15.39583333,20419.46768,7.39387329,0.878449327,0.115242925,0,0,171,2,29985.93742,8.7125
2033,13.77941176,105.9117647,79.75980392,0,0,2.882352941,3.18627451,37.48149109,126.9815826,14.46691176,0,62.70833333,16.19607843,18218.18131,7.39387329,0.895542249,0.103743227,0,0,121,0,26122.4423,6.068627451
2034,12.92941176,137.5705882,106.2882353,1453.358824,1415.170588,2.317647059,2.335294118,37.47689056,126.9805756,14.07117647,0,65.47058824,16.24705882,15847.79401,10.92582203,0.832125632,0.120588913,0,0.044634466,71,2,31052.52735,4.652941176
2036,14.98657718,176.2013423,163.7315436,0,0,2.348993289,2.422818792,37.49466324,126.9824448,15.2614094,0,60.61073826,16.17449664,14171.68587,13.9413856,0.945521409,0,0,0.054197701,92,0,19345.25257,4.771812081
2037,15.3655914,10.60215054,4.731182796,98.65591398,115.7634409,2.430107527,2.709677419,37.50318909,126.97715,16.33333333,0,56.88172043,15.59139785,2902.269248,7.456124452,0.25033461,0,0,0.748856373,21,2,1735.948257,5.139784946
2038,15.87719298,29.40350877,7.385964912,100.4736842,118.3684211,1.824561404,1.596491228,37.50318146,126.9760895,15.48333333,0,58.61403509,15.64912281,2579.740009,9.6337924,0.241422473,0,0,0.757399598,27,2,1771.608676,3.421052632
204,13.93220339,134.0282486,141.1016949,751.9774011,686.3050847,4.361581921,4.248587571,37.52816391,126.9170227,15.4079096,0,57.31638418,13.14124294,1799.294023,7.338631824,0,0.828475345,0,0.171515594,38,1,7854.039898,8.610169492
2040,15.57894737,79.68421053,63.26315789,0,0,1.526315789,1.736842105,37.5063591,126.9690781,18,0,56.94736842,19.89473684,7133.068963,22.28309893,0.497003399,0,0,0.500245941,46,0,8889.412962,3.263157895
2041,13.07692308,172.75,102.2884615,397.1730769,419.25,1.75,1.615384615,37.48683548,126.9680481,14.49038462,0,60.03846154,13.69230769,26477.37356,12.8847828,1.000015533,0,0,0,131,1,16883.04038,3.365384615
2048,16.79411765,127.3088235,26.95588235,0,0,1.441176471,1.735294118,37.48907852,126.9735642,14.60514706,0,60.38970588,15.55882353,29755.93968,14.17884402,0.997787823,0,0,0.001681462,136,0,22280.96807,3.176470588
205,14.15183246,237.6858639,279.6544503,663.1413613,648.9895288,6.989528796,6.853403141,37.52626419,126.9205093,15.5513089,0,58.08376963,13.82198953,3465.960607,9.57067679,0.000572137,0.776355201,0,0.223067484,65,1,15665.93192,13.84293194
2050,12.03082192,129.8561644,121.7945205,713.2739726,697.6369863,7.106164384,7.77739726,37.51324844,126.9399719,13.7885274,0,64.40924658,15.88013699,12415.8047,4.142460992,0.624530446,0.19802548,0,0.166346943,142,2,23369.2298,14.88356164
2054,13.56950673,176.3452915,156.2959641,801.1838565,790.4125561,3.695067265,3.780269058,37.51054764,126.9448471,14.50134529,0,61.74215247,15.43946188,18321.06288,5.127386896,0.88046734,0.100214616,0,0,193,2,27300.43726,7.475336323
2056,13.90502793,124.4860335,133.3575419,0,0,3.983240223,3.726256983,37.49449921,126.9165268,14.51173184,0,60.6396648,14.79329609,19948.81509,3.931168476,1.000213581,0,0,0,50,0,17199.2915,7.709497207
2057,14.05,222.5,129.775,0,0,1.55,1.425,37.5008812,126.9417496,13.58125,0,65.2375,15,25412.21155,10.21947386,0.937920527,0.013249765,0,0,148,0,19303.45938,2.975
2058,12.44649446,143.1549815,136.6678967,719.1623616,711.7859779,5.697416974,5.84501845,37.5135231,126.9435272,14.07730627,0,63.40774908,15.81918819,11036.04518,5.501651703,0.693370716,0.159225,0,0.134935059,155,2,22119.61085,11.54243542
2059,14.71859296,126.5778894,105.1155779,235.959799,216.8693467,4.683417085,4.577889447,37.49707794,126.9177933,14.86582915,0,59.61055276,15.22613065,21309.90499,4.99243946,1.000860795,0,0,0,81,1,18761.90437,9.261306533
206,14.18181818,137.7799043,134.1674641,665.1339713,625.7942584,6.746411483,6.062200957,37.52466583,126.9180222,15.29904306,0,57.60287081,13.1291866,2903.088496,1.870945629,0.03962503,0.592243529,0,0.368126264,44,1,15849.01203,12.80861244
2060,13.69957082,99.33905579,50.82403433,310.0085837,302.806867,3.78111588,4.386266094,37.48463058,126.97155,14.43626609,0,62.2639485,15.55364807,28035.7068,7.637904327,1.000015533,0,0,0,146,1,23943.5859,8.167381974
2061,14.91666667,85.5,58.58333333,0,0,1.333333333,1.083333333,37.50592804,126.9692307,15.65833333,0,64.08333333,17.66666667,6791.982207,19.29296886,0.496121894,0,0,0.501023893,46,0,9234.270637,2.416666667
2062,14.5754717,153.8773585,79.75471698,354.0660377,332.0660377,1.971698113,1.830188679,37.48665237,126.9678421,14.10283019,0,63.50471698,15.19811321,26278.41077,11.97445251,1.0000233,0,0,0,133,1,17415.56761,3.801886792
2064,11.85714286,108.5714286,139.2857143,426.1428571,395.1428571,1.142857143,1.142857143,37.50535583,126.9661789,15.39285714,0,59,13.28571429,9566.451734,13.93201903,0.755534327,0,0,0.242622408,68,1,13378.12481,2.285714286
2065,13.52671756,216.778626,183.3358779,369.2442748,352.6030534,2.27480916,2.007633588,37.51198959,126.9270859,14.01145038,0,63.82442748,14.32824427,15533.42105,4.980202557,0.828541361,0.077577659,0,0.091087604,171,1,21885.89143,4.282442748
2066,13.38709677,141.6182796,130.5,0,0,2.838709677,3.010752688,37.48939896,126.9071121,14.2155914,0,62.41397849,15.53763441,19481.7366,3.58557831,0.989956533,0.007158187,0,0,62,0,20225.13534,5.849462366
2067,14.0990566,139.1320755,108.8679245,230.4339623,220.7216981,3.646226415,3.688679245,37.49766922,126.9198685,14.59268868,0,61.12735849,15.4009434,22760.17928,2.625866334,0.995201555,0,0,0,90,1,19290.26239,7.33490566
2068,14.24,143.4,61.12,0,0,1.64,1.2,37.48815918,126.9664764,14.246,0,50.42,14.16,25966.72754,14.7047931,0.975236298,0,0,0,102,0,13880.71825,2.84
2069,14.69767442,207.0697674,167.7674419,441.9534884,432.9534884,2.542635659,1.968992248,37.4966011,126.953682,14.90310078,0,58.48062016,15.03875969,22301.44163,11.14408347,0.999979289,0,0,0,40,1,23375.63307,4.511627907
207,13.46666667,164.9607843,193.027451,590.9803922,549.8784314,21.7372549,21.27058824,37.52715683,126.9319,15.14235294,0,60.50196078,14.30196078,5356.502962,4.309383608,0.156035529,0.333574097,0,0.510394257,41,1,18598.63487,43.00784314
2070,13.53361345,158.6512605,152.3109244,800.2857143,793.6722689,4.588235294,4.861344538,37.51391983,126.9430695,14.47815126,0,61.61554622,15.86134454,10258.7853,5.501651703,0.630079659,0.170716932,0,0.18892824,153,2,22257.30333,9.449579832
2071,16.25,159.6590909,59.77272727,343.2727273,244.8636364,2.159090909,1.318181818,37.48886871,126.9719086,15.18181818,0,56.09090909,15.5,29167.11944,16.98834574,0.999254409,0,0,0.000777951,174,1,22062.19697,3.477272727
2077,13.80851064,92.73404255,53.50531915,110.3617021,120.2021277,3.531914894,3.840425532,37.51193619,126.9541626,14.68909574,0,63.01861702,16.68617021,12647.29534,8.799903132,0.809550808,0.012637501,0,0.17866472,117,1,11366.69032,7.372340426
2078,16,160.4166667,173.5,428.1666667,364,1,1.083333333,37.51083755,126.9616318,13.40833333,0,74.91666667,18.25,9612.480915,27.64733814,0.524266642,0,0,0.476473771,75,1,12957.36578,2.083333333
2079,14.75,222.5416667,245.6666667,0,0,1.416666667,1.5,37.50667191,126.9577789,16.02916667,0,60.875,14.41666667,17675.80316,13.92973135,0.999990939,0,0,0,105,0,20283.43871,2.916666667
2080,13.07142857,143,105.0119048,291.5238095,278.6507937,4.428571429,4.571428571,37.51213455,126.9254379,14.21746032,0,62.36507937,15.63095238,15931.94167,4.470805199,0.846231014,0.078756883,0,0.072186367,137,1,21989.70312,9
2082,14.14917127,163.0110497,130.8176796,1099.679558,1076.287293,2.580110497,2.607734807,37.4846077,126.9817963,14.67845304,0,61.28729282,15.01104972,19620.50803,7.39387329,0.876514157,0.117570307,0,0,194,2,27716.01348,5.187845304
2083,16.13846154,200.5230769,189.6615385,0,0,1.446153846,1.815384615,37.50470352,126.9607315,14.41769231,0,63.59230769,16.69230769,12829.85956,11.95861848,1.000001294,0,0,0,121,0,18279.88822,3.261538462
2084,14.10738255,217.7248322,146.7516779,285.704698,259.4765101,2.348993289,2.147651007,37.50456238,126.946785,14.22114094,0,62.48657718,15.22818792,24217.06853,9.927181567,0.951961188,0,0,0,236,1,24020.4744,4.496644295
2085,14.30653266,154.7889447,131.1708543,233.4472362,226.3517588,3.150753769,3.261306533,37.50274277,126.9215775,14.48743719,0,60.82663317,14.73869347,22985.77267,4.598290223,1.000414217,0,0,0,121,1,18133.59501,6.412060302
2086,14.50632911,131.8037975,62.15822785,349.6392405,340.3481013,3.392405063,2.778481013,37.48712158,126.9743576,14.10506329,0,61.9778481,14.47468354,29461.1507,12.27602064,0.994263095,0,0,0,185,1,24746.32971,6.170886076
2088,14.86075949,225.8101266,116.2151899,329.2531646,239.8607595,1.924050633,1.848101266,37.50024796,126.9497299,14.24810127,0,62.99367089,16,23959.52618,12.76232513,0.936378864,0,0,0,91,1,21803.34854,3.772151899
2089,14.15609756,171.2097561,134.0439024,1474.185366,1500.95122,3.185365854,3.292682927,37.4791069,126.9815064,14.56731707,0,61.96097561,15.46341463,17167.54472,4.481864233,0.874738202,0.119242708,0,0.004539559,90,2,30253.10215,6.47804878
209,14.21428571,429.3826531,462.5867347,1929.112245,2010.535714,9.030612245,9.459183673,37.52461243,126.9278336,15.67959184,0,57.31122449,13.49489796,7545.517394,26.14611826,0.119772129,0.766252191,0,0.113971797,70,2,32281.21735,18.48979592
2090,13.42654028,113.2796209,78.12322275,1027.909953,1008.189573,3.274881517,3.331753555,37.48377991,126.9779205,14.40236967,0,62.05924171,15.62559242,24820.30706,5.543987966,0.922792547,0.071262145,0,0,166,2,24984.32269,6.606635071
2091,13.79899497,161.1256281,132.361809,1088.698492,1069.135678,3.170854271,3.16080402,37.48470306,126.9805908,14.80276382,0,60.6281407,15.29145729,21364.08441,7.39387329,0.877461678,0.11647781,0,0,182,2,28143.77774,6.331658291
2092,15.29411765,101.7647059,50.94117647,0,0,1.647058824,1,37.50311279,126.9647141,15.14411765,0,63.29411765,17.29411765,9058.891183,14.27754438,0.746765872,0,0,0.251592794,73,0,11398.0409,2.647058824
2093,15.53846154,258.6923077,142.4615385,0,0,1.384615385,1.230769231,37.50321198,126.9545975,16.8,0,53.26923077,13.15384615,20782.51222,15.87760295,0.999901623,0,0,0,84,0,19714.27893,2.615384615
2094,14.95,317.125,181.75,472.925,418.575,2.65,1.375,37.49550629,126.9563751,14.345,0,61.35,14.675,19776.43362,24.42975965,0.999919745,0,0,0,75,1,26295.56843,4.025
2095,14.01234568,188.8333333,173.4876543,0,0,2.425925926,2.777777778,37.49150085,126.9824066,14.48148148,0,62,15.60493827,19972.10718,18.18996369,0.992348636,0.012585723,0,0,122,0,28192.05143,5.203703704
2096,10.75,179.5,182.75,246.5,297.25,2.75,1,37.50251389,126.9406509,14.4875,0,51.25,13.75,24898.35593,15.66381941,0.972145204,0.016154462,0,0,172,1,20489.3079,3.75
2102,11.47019868,189.5794702,128.9238411,1066.42053,1038.539735,18.74834437,18.88410596,37.48408508,126.9268875,12.42152318,0,70.89889625,15.55298013,28207.61145,2.933120313,0.820009786,0.17996562,0,0,81,1,39863.36163,37.63245033
2103,14.65263158,35.29473684,20.70526316,0,0,3.768421053,3.873684211,37.4891777,126.9192734,13.40842105,0,67.97230263,16.27894737,19058.10488,4.487192654,0.964813564,0.034502978,0,0,40,0,20013.37233,7.642105263
2104,13.07048458,122.9911894,101.4669604,1369.784141,1389.013216,3.149779736,3.555066079,37.47608948,126.9813309,12.95528634,0,69.13816079,15.85462555,13687.21246,6.14302654,0.778489713,0.118609733,0,0.09996738,65,2,30480.59932,6.704845815
2105,12.90222222,225.1022222,168.6844444,0,0,3.8,3.608888889,37.48025131,126.9146042,12.94755556,0,69.59818519,16.27555556,21471.01146,5.478246998,0.926176182,0.072931957,0,0,116,0,19338.94624,7.408888889
2106,13.49361702,299.2212766,106.5574468,0,0,4.021276596,4.829787234,37.47372818,126.9184036,13.02404255,0,68.41448582,15.48085106,20845.86237,12.08183493,0.999977995,0,0,0,125,0,16538.74675,8.85106383
2107,12.43129771,163.1564885,127.5572519,0,0,4.950381679,4.984732824,37.4754715,126.9364548,12.81851145,0,69.79073791,16.09160305,22951.68195,20.14485737,0.998957985,0,0,0.000529421,92,0,20240.85362,9.935114504
2108,13.32407407,133.0694444,107,616.7777778,623.4490741,3.328703704,3.513888889,37.48334122,126.9431992,13.01782407,0,69.01687114,16.24074074,26858.29164,11.24524377,0.998120491,0,0,0,84,1,28999.0404,6.842592593
2109,12.38867925,109.4301887,78.59622642,0,0,6.094339623,6.018867925,37.48620224,126.9358139,12.85490566,0,69.80309748,15.83018868,26487.01713,18.91128836,0.95197931,0.032119937,0,0,77,0,25001.23024,12.11320755
2111,13.59069767,237.9581395,200.4418605,1120.944186,1045.088372,3.465116279,3.506976744,37.48086929,126.9533157,13.3427907,0,67.71966279,16.49302326,29855.32327,5.829229032,0.844246656,0.155568241,0,0,73,1,39653.65337,6.972093023
2112,13.98429319,209.7801047,197.9947644,1138.267016,1097.073298,3.041884817,2.968586387,37.4813385,126.9506455,13.19842932,0,67.50140925,16.27748691,30792.28734,9.050045822,0.856906162,0.143055005,0,0,68,1,40901.81615,6.010471204
2115,13.6875,244.8076923,216.0528846,0,0,3.716346154,3.394230769,37.47991562,126.9028397,13.06418269,0,68.92226763,15.88461538,22672.47117,2.011626426,0.808884177,0.039318251,0.163618289,0,58,0,32466.81498,7.110576923
2116,15.17763158,233.1776316,199.0986842,1254.993421,1071.618421,2.835526316,2.703947368,37.48170471,126.9508286,13.66973684,0,66.00971491,16.43421053,30837.25376,8.606549733,0.848918247,0.151049393,0,0,70,1,40771.82834,5.539473684
2119,13.06849315,212.4840183,200.3287671,1049.091324,1039.579909,2.99543379,3.127853881,37.48425674,126.9546967,13.05388128,0,69.35401446,16.19178082,28939.69233,12.67317436,0.903201379,0.096697655,0,0,81,1,31076.87602,6.123287671
2122,13.48295455,125.3125,88.92045455,668.5795455,585.6931818,2.630681818,2.431818182,37.47805786,126.960495,13.33522727,0,67.98519413,15.91477273,21224.86619,12.99777981,0.95660689,0,0,0.042476655,96,1,27469.35972,5.0625
2127,14.15116279,138.7093023,64.19767442,0,0,1.860465116,1.325581395,37.46488571,126.9194794,13.59360465,0,67.13295543,17.26744186,14611.80128,13.28753572,0.98697676,0,0,0.02781208,78,0,8511.391236,3.186046512
2128,13.9787234,243.0567376,210.7021277,1210.049645,1156.964539,2.070921986,2.085106383,37.47916412,126.9525833,13.43865248,0,64.52150118,15.73049645,27913.85268,4.82990764,0.87378162,0.126213203,0,0,68,1,39107.12984,4.156028369
2129,14.74285714,61.51428571,8.042857143,0,0,1.685714286,1.757142857,37.46905518,126.9581451,13.26285714,0,63.42545238,15.65714286,9011.418325,18.6163602,0.022603302,0,0,0.977344921,54,0,3256.142003,3.442857143
213,13.81463415,78.07317073,54.74634146,1981.643902,1881.341463,8.468292683,6.92195122,37.52190781,126.9189529,15.35073171,0,57.47804878,13.35121951,7099.894211,1.48396645,0.220573121,0.391828535,0,0.387591872,23,2,17776.60836,15.3902439
2130,14.96428571,35.92857143,8.785714286,0,0,2.5,1.464285714,37.47198868,126.9584274,15.225,0,64.05514881,17.85714286,12132.33019,9.139453966,0.294940599,0,0,0.704885948,38,0,6215.049403,3.964285714
2137,13.73737374,114.5454545,84.60606061,0,0,1.98989899,1.848484848,37.48490143,126.9365311,13.5520202,0,67.78368687,16.12121212,26204.09759,16.56962989,0.988338498,0.01862423,0,0,75,0,23829.87273,3.838383838
2139,12.54976303,294.5971564,184.92891,0,0,3.014218009,2.924170616,37.4711647,126.9370194,12.91658768,0,71.10617299,16.08056872,20114.90641,10.72084696,0.995830647,0,0,0.004254785,100,0,26737.38264,5.938388626
214,13.57142857,329.3265306,268.1292517,2257.92517,2197.897959,6.428571429,5.62585034,37.5230217,126.9208374,15.5292517,0,55.72789116,11.99319728,5999.678988,2.118688272,0.125052101,0.571425243,0,0.303521362,49,2,25855.81813,12.05442177
2140,12.69787234,127.8893617,81.90638298,0,0,3.889361702,4.029787234,37.47842789,126.9318619,12.87425532,0,69.64320922,16.29787234,25380.87752,11.9872986,1.001281484,0.004751845,0,0,122,0,20352.32958,7.919148936
2141,13.77777778,283.7037037,149.3333333,0,0,1.148148148,1.148148148,37.47229385,126.9334106,13.98518519,0,68.3132716,19.14814815,18160.25371,17.51374817,0.995409958,0,0,0.004725957,110,0,20501.71889,2.296296296
2143,13.88888889,217.7301587,129.5396825,0,0,1.698412698,1.746031746,37.4706955,126.9421997,13.11507937,0,64.67880952,15.42857143,18859.9438,20.1746443,0.929693143,0,0,0.018329101,60,0,16247.07604,3.444444444
2144,14.25806452,248.5483871,86.43548387,0,0,2.637096774,2.233870968,37.47777557,126.9167557,13.32620968,0,67.29873656,17.09677419,20914.62843,9.691171278,0.965367579,0.034078406,0,0,139,0,16917.48242,4.870967742
2145,13.94630872,250.0402685,192.2818792,650.4765101,710.6241611,2.147651007,2.194630872,37.48635864,126.9429245,12.83187919,0,70.21096756,15.76510067,25491.99049,19.01769472,0.987066075,0,0,0,160,1,27801.67288,4.342281879
2148,14.2173913,125.2228261,89.63586957,716.6684783,714.5543478,2.597826087,2.483695652,37.47702789,126.9633942,13.42961957,0,66.5865942,16.0326087,19903.48904,23.82864685,0.975348913,0,0,0.021270041,100,1,24778.00348,5.081521739
215,14.67525773,135.7010309,141.8092784,698.7525773,682.1907216,5.417525773,5.74742268,37.52483749,126.934906,15.76082474,0,58.60824742,14.14948454,4620.027216,26.14611826,0.358728716,0.176895237,0,0.464376047,35,1,11589.14781,11.16494845
2156,13.91011236,179.9662921,151.9157303,0,0,2.713483146,2.949438202,37.48072052,126.9093247,13.18567416,0,70.30171816,16.7247191,23512.01058,11.72123516,0.959911565,0.039370028,0,0,107,0,18524.16767,5.662921348
2159,15.13095238,90.44047619,59.42857143,789.3571429,588.5595238,1.892857143,1.833333333,37.47509003,126.9592285,13.50595238,0,69.76957341,17.96428571,17068.38511,5.766527503,0.68612192,0,0,0.313670972,75,1,21019.89261,3.726190476
2164,12.3509434,229,179.909434,1184.811321,1113.898113,4.713207547,4.762264151,37.48476791,126.9328766,12.8745283,0,70.01787736,16.45660377,28162.09681,4.850559435,0.83606846,0.170886502,0,0,101,1,35356.26745,9.475471698
2165,14.03278689,116.8688525,75.59016393,731.9508197,624.7213115,1.344262295,1.295081967,37.47648239,126.9653626,13.32704918,0,70.58275956,18,20122.19568,20.62754555,0.994303222,0,0,0.00193517,80,1,26181.82369,2.639344262
2167,13.75,112.2027027,76.70945946,709.2972973,606.5743243,2.148648649,2.033783784,37.47629547,126.9649582,13.01554054,0,69.70112613,16.4527027,19856.70978,27.37807877,0.983554292,0,0,0.012673745,81,1,26146.28164,4.182432432
2169,13.31651376,136.6146789,102.7110092,610.4862385,570.440367,3.637614679,3.724770642,37.48218918,126.942131,13.16261468,0,68.70454893,16.66055046,26812.97355,9.433849145,0.995872069,0,0,0,74,1,26825.5542,7.362385321
217,13.43062201,350.3684211,315.5837321,0,0,8.363636364,8.392344498,37.52207947,126.9303665,15.20956938,0,58.41626794,13.26315789,8522.955973,3.303033968,0.336187547,0.663809864,0,0,83,0,29386.10235,16.75598086
2170,13.87165775,163.2245989,134.9572193,0,0,3.315508021,3.22459893,37.48152924,126.9120331,13.30534759,0,69.74024064,16.63636364,22170.21463,14.56830128,0.926449306,0.072931957,0,0,94,0,24412.07663,6.540106952
2171,13.32882883,242.5900901,213.0225225,1092.513514,1105.234234,4.063063063,3.995495495,37.48154831,126.9520035,12.96779279,0,69.21724099,15.92792793,30742.67899,10.70628758,0.844873159,0.155099658,0,0,74,1,40681.13624,8.058558559
2172,14.70535714,148.0178571,163.6160714,0,0,2.446428571,2.098214286,37.46940613,126.9445114,13.91473214,0,61.3946875,16.05357143,13004.9004,23.13417815,0.813439269,0,0,0.134717595,44,0,9849.574764,4.544642857
2173,12.11827957,160.4802867,165.609319,0,0,7.899641577,8.05734767,37.48974991,126.9274674,12.65824373,0,69.88107826,15.65949821,31461.79138,5.125793105,0.835286625,0.164224081,0,0,66,0,32829.75171,15.95698925
2174,13.57594937,207.7278481,197.4493671,0,0,2.234177215,2.221518987,37.48856354,126.9284821,13.06993671,0,68.48665612,16.74050633,32099.92332,5.595269787,0.826365427,0.173190584,0,0,56,0,35557.22411,4.455696203
2175,12.6473029,254.7883817,220.8298755,1219.46888,1014.427386,3.639004149,3.821576763,37.48730087,126.9287033,13.05954357,0,68.59659405,16.18672199,31492.72041,5.595269787,0.826374488,0.17356079,0,0,72,1,36540.86303,7.460580913
2176,13.96491228,26.60526316,20.03508772,696.1096491,648.9473684,5.157894737,5.263157895,37.48899078,126.9163818,13.18377193,0,67.04124635,15.76315789,17653.71412,10.30289227,0.999372202,0,0,0,44,1,16910.76329,10.42105263
2177,13.388,28.528,21.06,652.008,666.208,15.96,16.48,37.48712921,126.9130173,12.9082,0,68.25711667,15.624,18948.81765,10.311962,0.988036896,0.011270585,0,0,59,1,20851.89308,32.44
2178,15.12328767,148.1506849,98.52054795,0,0,1.890410959,1.753424658,37.46709442,126.9493256,14.38835616,0,61.43050228,17.38356164,2900.869952,17.94609739,0.369880214,0,0,0.630118492,49,0,2138.320201,3.643835616
2179,13.57407407,143.1666667,134.8796296,625.6990741,603.2268519,3.310185185,3.361111111,37.48218918,126.9461594,12.99513889,0,68.2761767,16.40277778,28839.41012,9.27399291,0.970110363,0.029850804,0,0,83,1,34817.04061,6.671296296
2183,12.15162455,252.4909747,162.2743682,0,0,7.664259928,7.59566787,37.47182846,126.9339218,12.73519856,0,69.72573706,16.01444043,18166.73557,17.96871849,0.995268866,0,0,0.004891643,114,0,22218.3056,15.2599278
2184,14.125,215.0833333,112.3333333,0,0,1.916666667,1.25,37.48949051,126.9459229,13.17083333,0,66.39743056,13.58333333,27191.99591,17.72315491,0.970654023,0,0,0,190,0,23873.18233,3.166666667
2185,15,196.25,121.375,0,0,1.625,1.375,37.47046661,126.938652,12.4625,0,56.4375,15.25,20366.49126,17.25681413,0.999958578,0,0,0.000112615,54,0,25660.59546,3
2186,15.3047619,135.5619048,82.93333333,773.2190476,521.4095238,2.238095238,2.171428571,37.4788208,126.95961,13.38857143,0,71.55938095,18.04761905,22434.03452,14.17821486,0.978921534,0,0,0.020941256,87,1,28970.97046,4.40952381
2187,14.75543478,167.576087,139.8097826,0,0,2.739130435,2.804347826,37.4867363,126.9475174,13.26168478,0,66.46188859,15.91847826,28851.6301,14.70669647,0.97403248,0,0,0,103,0,27505.6666,5.543478261
2189,13.27192982,122.2894737,93.89473684,606.995614,649.9298246,3.872807018,3.820175439,37.48275375,126.9414063,13.09100877,0,68.13846857,16.17982456,26313.36203,10.44381657,0.99588113,0,0,0,84,1,25456.0617,7.692982456
219,13.9,239.7409091,192.5409091,2113.831818,2077.2,6.472727273,6.345454545,37.52069473,126.9258347,15.25409091,0,58.55454545,13.69545455,9805.526192,2.124728432,0.153444085,0.734915383,0,0.111640532,59,3,28877.41051,12.81818182
2190,14.54761905,143.6349206,92.47619048,694.8809524,566.0793651,2.111111111,2.214285714,37.48368835,126.9391556,13.0047619,0,68.88142857,15.5,25635.77184,18.20373317,1.003132516,0,0,0,83,1,22852.68006,4.325396825
2191,13.125,325,206.125,0,0,1.666666667,1.625,37.47068787,126.9364853,10.38125,0,67.04166667,12.45833333,19362.78877,10.72084696,0.995755571,0,0,0.004325978,102,0,27149.4901,3.291666667
2195,13.06593407,159.0934066,127.6483516,1343.313187,1114.895604,2.681318681,2.763736264,37.48464584,126.9345093,12.88379121,0,69.77837454,16.23626374,27279.25604,8.809840527,0.921187456,0.08580116,0,0,85,1,27581.36011,5.445054945
2196,13.77124183,126.5751634,94.60130719,648.0130719,614.0522876,2.065359477,2.117647059,37.4833107,126.9390259,13.01830065,0,69.00779956,16.35947712,25826.02582,14.37435974,1.002856803,0,0,0,80,1,22877.72139,4.183006536
2198,13.36312849,203.1452514,159.9050279,1094.865922,956.972067,2.43575419,2.452513966,37.47946548,126.9569321,13.2896648,0,68.68327281,16.80446927,25139.5747,11.30256299,0.907304716,0.083961778,0,0.008570408,72,1,30470.53123,4.888268156
2199,14.45714286,138.3428571,94.42857143,783.3428571,667.2285714,1.285714286,1.4,37.47877121,126.9586945,14.06285714,0,68.15066667,17.08571429,22935.87541,14.17821486,0.959342016,0.011279646,0,0.029156991,87,1,28641.31846,2.685714286
220,14.1758794,230.7487437,220.2864322,2157.733668,2245.678392,4.934673367,4.306532663,37.5193634,126.9260483,15.32261307,0,57.53266332,13.03517588,11008.52886,0.396752153,0.218964147,0.577232047,0,0.204114469,57,3,24711.17348,9.24120603
2201,16.25,3.875,0.25,0,0,1.25,1.125,37.4532814,127.0514832,16.8,0,45.625,9.125,3432.572642,13.58827355,0.147078088,0,0,0.592819549,28,0,3756.543747,2.375
2202,14.39864865,10.66216216,0.628378378,202.7432432,209.6418919,3.655405405,3.398648649,37.44893646,127.0543747,15.1027027,0,57.86486486,11.27027027,2579.407355,11.82716184,0.229291094,0,0,0.549215447,17,1,6886.47556,7.054054054
2203,14.04878049,17.73170732,1.317073171,230.9268293,216.195122,2.024390244,1.512195122,37.44765854,127.0550156,15.4195122,0,57.63414634,10.56097561,2079.353194,5.888296956,0.237341141,0,0,0.618107494,14,1,5808.325858,3.536585366
2205,14.62162162,74.81081081,73.82882883,0,0,2.036036036,2.117117117,37.45375061,127.0593796,15.67027027,0,55.48648649,12.23423423,5123.818693,5.853435521,0.363443023,0,0,0.551762882,36,0,6910.08514,4.153153153
2206,14.21969697,81.1969697,82.96212121,0,0,3.136363636,2.924242424,37.45435715,127.0621033,14.89393939,0,56.64393939,11.12878788,5678.801366,7.938610632,0.376061107,0,0,0.620673051,33,0,4313.086842,6.060606061
2207,12.7826087,75.34782609,73.47826087,0,0,1.869565217,1.434782609,37.45440674,127.0649262,13.88695652,0,59,8.217391304,6030.297116,10.70952225,0.321987672,0,0,0.675468777,27,0,3082.002512,3.304347826
221,15.41916168,140.7305389,172.6586826,0,0,4.215568862,4.730538922,37.52267456,126.9377899,15.83952096,0,56.52095808,13.82634731,4300.67419,3.261100586,0.397986129,0.121514429,0,0.480496853,26,0,9613.929884,8.946107784
2210,15.89583333,113.1041667,102.3125,343.7291667,359.4583333,1.5625,1.479166667,37.50509644,127.0131073,15.23125,0,56.79166667,9.895833333,16486.48807,3.244274164,0.951236308,0.044073979,0,0,87,2,25817.58004,3.041666667
2211,14.45360825,78.85051546,70.52061856,130.5051546,131.2268041,4.18556701,4.283505155,37.50263596,127.0123138,15.17010309,0,57.78865979,11.9742268,15046.2815,3.239417191,0.959116786,0.036158552,0,0,90,1,31322.46092,8.469072165
2212,16.01834862,27.29357798,16.44954128,139.4862385,109.0458716,2.19266055,2.52293578,37.50065231,127.0186157,15.08440367,0,57.88073394,12.52293578,25359.88971,8.138383138,0.989622571,0.005465075,0,0,106,1,23708.60508,4.71559633
2213,14.27350427,241.2136752,192.974359,2994.880342,3038.273504,2.615384615,2.196581197,37.5022316,127.0022583,15.34444444,0,57.33333333,11.85470085,11591.16422,5.908539799,0.876017097,0.123299445,0,0,96,3,27396.76661,4.811965812
2214,15.40178571,96.08035714,107.1071429,140.4375,175.9285714,2.642857143,2.714285714,37.50411606,126.9974899,16.24553571,0,59.04464286,13.33035714,12290.90028,3.078902891,0.974604617,0.024753347,0,0.000640742,91,1,20554.36,5.357142857
2215,14.85606061,120.0833333,113.7272727,137.8712121,161.0757576,2.772727273,2.840909091,37.5017128,126.9954758,15.45833333,0,58.17424242,12.0530303,13608.29529,3.078902891,0.999531417,0,0,0,97,1,16167.33601,5.613636364
2217,14.29533679,46.33678756,48.20207254,163.2694301,167.3419689,5.10880829,5.321243523,37.51304626,127.0059586,15.11502591,0,58.97927461,12,12230.95995,1.900590883,0.611551217,0,0,0.388450078,47,1,12609.93363,10.43005181
2219,13.00843882,219.6877637,249.2151899,2401.168776,2462.637131,8.987341772,9.021097046,37.50619888,127.0039444,14.69831224,0,60.76371308,12.78481013,13394.36182,1.291453654,0.795947664,0.204049747,0,0,110,3,27266.93784,18.00843882
222,14.31221719,162.7239819,168.6696833,0,0,7.538461538,7.479638009,37.51943588,126.9375992,15.42262443,0,58.45701357,14.07239819,6634.631207,5.57458566,0.398977661,0.161565326,0,0.440042095,32,0,12341.91682,15.01809955
2221,13.78680203,73.3857868,51.03553299,442.8629442,445.4619289,2.969543147,3.182741117,37.48561096,126.9946823,15.01319797,0,58.31979695,11.81725888,13583.51574,6.552979467,0.99998835,0,0,0,88,1,23671.9428,6.152284264
2222,13.04273504,162.3974359,133.5470085,1361.303419,1389.880342,4.935897436,5.282051282,37.47806931,126.9820328,14.46538462,0,60.63675214,11.92307692,15274.73273,5.452524835,0.832242131,0.122217303,0,0.043301206,103,2,30564.09862,10.21794872
2223,13.77333333,54.14666667,35.22666667,1766.16,1647.893333,1.786666667,1.866666667,37.47261047,126.9830093,15.10666667,0,57.89333333,11.42666667,7758.155582,15.86957089,0.353013817,0.067384039,0,0.572682132,32,2,15153.92432,3.653333333
2225,12.31578947,37.84210526,32.42105263,0,0,1.736842105,1.473684211,37.4737587,126.9952469,13.79473684,0,63.94736842,11.15789474,4045.59984,10.23492813,0.579230644,0,0,0.402195609,36,0,2973.626152,3.210526316
2226,13.5,21,16,0,0,1.5,1,37.47518158,127.0013886,18.15,0,44.5,16,5304.245559,8.288371086,0.49593679,0,0,0.45806571,38,0,5879.718769,2.5
2227,14.35384615,107.4153846,72.13846154,523.7692308,523.8461538,2.346153846,2.446153846,37.48905182,126.9925232,15.09076923,0,58.07692308,11.75384615,15503.24919,16.18813006,0.99275897,0,0,0,101,1,21349.81009,4.792307692
2228,14.32,212.0742857,171.5314286,0,0,3.011428571,3.417142857,37.48976898,126.986763,15.29485714,0,57.58285714,11.73714286,19107.6159,2.374480085,0.980887771,0.019787921,0,0,153,0,26464.42697,6.428571429
2229,13.85714286,143.984127,123.0396825,1054.103175,1040.928571,2.126984127,2.166666667,37.48701096,126.9849625,15.22698413,0,60.92857143,13.76190476,18226.52551,4.342889222,0.894836786,0.100960207,0,0,170,2,29934.25047,4.293650794
223,14.40106952,228.1550802,231.5508021,220.7754011,224.2887701,3.417112299,2.989304813,37.51913071,126.9333725,15.39465241,0,57.98395722,13.38502674,9020.587687,4.790707966,0.417680851,0.344396809,0,0.23891646,61,1,20370.69104,6.406417112
2230,13.8411215,137.2336449,116.7523364,1047.327103,1016.817757,4.252336449,4.485981308,37.4858284,126.9826279,14.93691589,0,59.20093458,11.92523364,19370.90727,4.769064798,0.879295883,0.114026163,0,0,167,2,30282.63364,8.738317757
2231,13.6443299,374.7938144,482.1185567,3254.283505,2984.845361,4.592783505,4.530927835,37.49691391,127.0249634,14.99175258,0,57.81958763,11.98453608,18031.66659,6.426643237,0.643768235,0.353531588,0,0,164,2,51027.21408,9.12371134
2233,14.568,111.16,107.728,0,0,2.496,2.24,37.49111176,127.0229569,14.6944,0,60.856,12.152,16275.5968,3.422719091,0.999801953,0,0,0,114,0,24621.8523,4.736
2235,16.10204082,98.02040816,112.5714286,435,632.4897959,2.224489796,1.551020408,37.48215866,127.0027008,16.40612245,0,55.30612245,12.48979592,12586.90159,11.25369839,0.999993528,0,0,0,89,1,19698.69387,3.775510204
2237,14.07936508,210.4126984,153.5079365,1210.833333,1191.769841,2.944444444,1.992063492,37.48455811,127.0148697,15.22222222,0,54.49206349,10.21428571,10468.47111,4.749006017,0.704074342,0.220644314,0,0.075188145,117,1,27723.01118,4.936507937
2239,14.18493151,56.61643836,46.66438356,1462.972603,1594.5,2.965753425,2.739726027,37.49421692,127.0137863,15.16917808,0,58.50684932,12.41780822,15016.39767,7.104085359,0.858555263,0.141451209,0,0,110,2,31703.13997,5.705479452
224,14.25806452,276.8986175,246.2580645,216.1428571,213.4516129,5.788018433,5.98156682,37.5200882,126.9323654,15.33364055,0,57.55299539,13.21198157,8924.560721,3.373770832,0.429308698,0.452840104,0,0.118086784,63,1,22471.88606,11.76958525
2241,14.07954545,106.6931818,82.48863636,353.2272727,444.3636364,1.738636364,1.693181818,37.48537827,127.0417023,15.98068182,0,56.72727273,12.5,14233.60471,11.75662915,0.977492486,0.015820499,0,0,134,1,31258.54321,3.431818182
2242,13.87412587,242.3496503,207.1118881,1753.258741,1610.825175,2.454545455,2.524475524,37.48398972,127.0341797,14.78251748,0,56.83916084,10.72027972,9018.73115,6.908038637,0.859843219,0.117395559,0,0,125,2,23399.8849,4.979020979
2243,12.9375,311.2410714,245.8839286,2043.017857,1631.616071,3.008928571,2.383928571,37.48149109,127.0367279,14.44464286,0,58.6875,9.8125,7688.430702,9.599808829,0.930495688,0.053048249,0,0,142,2,19486.50373,5.392857143
2244,14.06417112,143.6470588,135.7272727,0,0,3.877005348,3.754010695,37.47785187,127.0389099,15.14919786,0,58.43850267,12,9855.604403,6.381292341,0.937788496,0.022235684,0,0.040166101,84,0,14680.35364,7.631016043
2245,13.99305556,88.20833333,64.43055556,0,0,3.111111111,2.875,37.47361374,127.03051,14.92638889,0,56.11111111,10.89583333,4715.542001,10.15194555,0.450370336,0,0,0.549630959,49,0,13707.12182,5.986111111
2246,13.62601626,131.1463415,98.34146341,0,0,2.422764228,2.341463415,37.46920013,127.029007,14.85934959,0,55.83739837,10.06504065,5338.972221,7.36641995,0.224765773,0,0,0.754863813,84,0,17032.90417,4.764227642
2247,14.13207547,133.2830189,123.672956,0,0,3.553459119,3.685534591,37.46263885,127.026619,15.37610063,0,58.94339623,12.48427673,6261.594843,8.723624124,0.420465166,0,0,0.296014974,56,0,11064.61402,7.238993711
2248,12.33333333,131.2083333,148.9583333,0,0,1.875,1.666666667,37.45995331,127.0247421,13.87083333,0,62.66666667,10.29166667,4899.792899,5.491102583,0.321192893,0,0,0.368137914,33,0,9618.647759,3.541666667
2249,14.43181818,76.52272727,62.27272727,0,0,1.840909091,1.772727273,37.45623398,127.0193481,16.02727273,0,54.27272727,11.09090909,3940.045285,6.816008491,0.181975867,0,0,0.340434565,30,0,4552.273475,3.613636364
225,14.58018868,159.7216981,124.8726415,216.8867925,215.1745283,6.033018868,5.066037736,37.51758575,126.9296188,15.28584906,0,58.10377358,13.48584906,11599.36771,3.765514704,0.26672854,0.442904075,0,0.291720062,61,1,18783.5483,11.0990566
2250,14.10576923,71.04807692,58.125,0,0,2.586538462,2.519230769,37.4557991,127.0162888,15.76442308,0,56.99038462,12.33653846,3213.061115,8.106520267,0.147735657,0,0,0.380919096,44,0,3345.818047,5.105769231
2251,14.16363636,59.20606061,29.0969697,446.2,408.6787879,3.084848485,3.072727273,37.46750641,127.0344772,15.07515152,0,58.41212121,11.8969697,6192.659712,1.611089473,0.152144479,0.038910506,0,0.71620831,36,1,9190.257123,6.157575758
2252,14.24193548,42.99462366,28.82258065,0,0,5.322580645,5.666666667,37.46332169,127.0360413,15.0827957,0,56.76344086,11.11827957,4093.634823,3.418109101,0.164968377,0.255337574,0,0.341584017,41,0,6205.715399,10.98924731
2255,13.94660194,134.8300971,139.223301,400.5048544,371.0582524,6.441747573,6.32038835,37.47016525,127.03862,14.87330097,0,59.32038835,11.5776699,9311.449202,5.10289386,0.513054306,0,0,0.486758002,74,1,13333.69979,12.76213592
2256,12.61445783,170.7590361,169.1807229,566.686747,399.5180723,2.253012048,2.204819277,37.46768951,127.0403595,15.63493976,0,54.44578313,11.86746988,6983.028613,3.325093663,0.623542798,0.045782624,0,0.330642218,68,1,15967.52494,4.457831325
2257,13.75,132.375,52.75,0,0,1.875,1.875,37.46268845,127.0461121,14.7,0,48,11.625,729.496396,15.68612297,0.185178282,0.146127978,0,0.65373792,65,0,3520.49864,3.75
2258,15.32692308,129.4807692,105.3653846,0,0,1.75,1.519230769,37.47153854,127.0505905,15.94615385,0,57.94230769,11.51923077,7647.622349,5.613774229,0.586661955,0,0,0.416364418,84,0,9855.732945,3.269230769
2259,14.27160494,71.28395062,52.82098765,166.1049383,174.3271605,3.438271605,3.191358025,37.51298904,127.0111771,15.50246914,0,57.10493827,11.96296296,13608.92445,1.692502688,0.966362994,0,0,0.033642184,58,1,16354.77347,6.62962963
226,14.28095238,183.7666667,150.3,218.7095238,215.1190476,6.547619048,5.347619048,37.51776505,126.9284134,15.44904762,0,57.87619048,13.5047619,11736.10355,8.016544303,0.269858467,0.453211605,0,0.278131157,61,1,19853.21721,11.8952381
2262,14.25592417,53.55924171,46.46919431,152.2274882,155.7393365,8.507109005,9.383886256,37.5161972,127.0092087,15.14597156,0,58.30331754,12.20379147,11725.2688,2.664358198,0.565832019,0,0,0.434167981,51,1,11278.00769,17.89099526
2263,13.85915493,96.42957746,68.91549296,0,0,2.478873239,2.330985915,37.47192764,127.0268402,14.73802817,0,57.85915493,10.78169014,4566.985991,13.48026784,0.388092816,0,0,0.611694898,54,0,13130.71762,4.809859155
2264,13.00423729,151.9491525,132.529661,976.4067797,961.5169492,5.639830508,5.788135593,37.48897171,126.9827194,14.55677966,0,60.41949153,12.58898305,21137.16786,4.101786082,0.916203909,0.080896573,0,0,168,2,32535.00077,11.4279661
2265,13.31188119,187.1237624,165.9455446,0,0,3.707920792,4.069306931,37.49474335,126.9830627,14.96386139,0,58.71782178,11.47524752,14113.57294,40.35093801,0.962883571,0,0,0.040299427,90,0,20144.9485,7.777227723
2266,14.2327044,75.12578616,50.40880503,663.4025157,654.0880503,2.830188679,2.660377358,37.49053955,127.0081635,15.25660377,0,57.98113208,13.08805031,11043.42401,10.07903793,0.957046996,0.042955593,0,0,84,1,23401.38405,5.490566038
2268,14.38793103,330.9137931,421.8275862,914.9913793,1021.767241,2.310344828,2.163793103,37.50231934,127.0222702,15.32931034,0,56.87931034,12.31896552,21034.04205,5.983748676,0.840764645,0.15369132,0,0,156,1,42894.6711,4.474137931
2269,13.35483871,144.3225806,145.1290323,1006.709677,976.9354839,1.193548387,1.129032258,37.51034927,127.0160523,15.60967742,0,64.03225806,10.96774194,16369.16138,4.832335429,0.97654367,0.023452447,0,0,51,2,20484.62139,2.322580645
227,14.17889908,23.80733945,29.52752294,118.3440367,124.4816514,5.224770642,6.467889908,37.54466629,126.8883591,15.45229358,0,59.36697248,14.33486239,7364.400601,2.945840736,0.133940938,0,0.073638715,0.792377631,42,1,4203.592414,11.69266055
2270,14.66129032,19.14516129,1.209677419,195.3870968,254.9516129,1.887096774,1.790322581,37.44896698,127.0577393,16.58870968,0,52.30645161,12.16129032,2641.351244,14.63419621,0.24696133,0,0,0.605832434,17,1,6815.571237,3.677419355
2271,13.62179487,76.35897436,50.32051282,448.5192308,456.8589744,2.66025641,2.653846154,37.48802185,126.9941177,14.83717949,0,58.14102564,11.66666667,14413.21819,12.22326032,0.996936089,0,0,0,77,1,20963.87328,5.314102564
2272,15.48314607,179.8314607,209.6741573,0,0,2.08988764,2.011235955,37.4873085,127.010582,15.38988764,0,55.34831461,9.483146067,11860.25075,2.737233249,0.847687245,0.152315343,0,0,95,0,30459.33876,4.101123596
2273,13.72789116,175.5646259,150.2312925,0,0,3.360544218,3.31292517,37.47782898,127.038269,15.37278912,0,56.36734694,11.16326531,9296.922578,6.985342512,0.944049644,0.010029228,0,0.045901711,84,0,14245.69084,6.673469388
2274,14.20689655,138.3850575,152.8045977,432.2701149,409.6494253,3.494252874,3.448275862,37.46965027,127.0396118,15.13218391,0,58.08045977,11.29310345,9259.900213,3.391749262,0.616890732,0,0,0.382916398,69,1,15143.15782,6.942528736
2275,13.18518519,121.4074074,31.66666667,0,0,1.407407407,1.37037037,37.46149445,127.0490723,14.47407407,0,62.2962963,9.666666667,854.2701379,14.7883165,0.116035115,0.069260959,0,0.799955213,48,0,2408.547463,2.777777778
2276,14.56287425,158.2095808,143.7365269,443.0538922,414.2694611,3.239520958,3.275449102,37.47438812,127.0389023,15.09041916,0,58.05389222,11.88023952,10450.42106,5.593039967,0.782208605,0.001873037,0,0.215757849,72,1,14931.37699,6.51497006
2277,13.70348837,155.8139535,115.6337209,1265.965116,1293.232558,2.98255814,2.813953488,37.51483917,127.0156021,14.52383721,0,60.12790698,11.93604651,13278.64061,2.86743556,0.942957147,0.057037676,0,0,65,2,24138.36404,5.796511628
2279,13.65217391,47.10144928,42.34782609,1395.26087,1424.603865,4.038647343,4.101449275,37.49361801,127.014183,14.89227053,0,59.35748792,12.34782609,15123.52457,7.104085359,0.865371721,0.134636046,0,0,104,2,29688.5874,8.140096618
228,13.19455253,99.92607004,73.57976654,256.6614786,256.4319066,9.108949416,9.13229572,37.53845978,126.8945084,15.15525292,0,60.35019455,13.79377432,10584.23259,5.188234944,0.161846217,0.006531684,0.553102614,0.278000419,75,1,15619.78186,18.24124514
2280,14.88043478,234.7282609,211.6956522,1340.271739,1289.445652,2.260869565,1.739130435,37.48416138,127.0109711,15.52826087,0,54.91304348,11.7173913,11472.79537,2.698899947,0.818808557,0.168496988,0,0.012513236,97,1,26543.54176,4
2281,17.85714286,147.8571429,116,2700.714286,2152.714286,1.571428571,1.571428571,37.47597885,126.9862824,15.44285714,0,58.42857143,15,9464.845707,11.36584949,0.695217865,0.061040047,0,0.240587567,95,2,21383.67418,3.142857143
2283,12.93333333,68.9,37.3,547.0333333,526.6,1.766666667,1.433333333,37.48652649,126.9891663,16.35,0,59.1,12.76666667,16384.50448,4.454866298,0.977368221,0.016740837,0,0,87,1,20531.32786,3.2
2284,12.45454545,24.09090909,17.40909091,0,0,1.863636364,1.681818182,37.4681015,126.9868012,16.06363636,0,55.81818182,10.72727273,3896.338106,21.97407265,0.104790419,0,0,0.89133018,19,0,3417.607007,3.545454545
2285,14.890625,49.90625,46.90625,0,0,2.046875,1.90625,37.45742416,127.0226517,15.7578125,0,58.484375,12.421875,3810.949499,4.17426182,0.200531492,0,0,0.337384893,26,0,5175.836789,3.953125
2286,18,54.66666667,27.33333333,0,0,1.333333333,1,37.4585495,127.0558853,12.43333333,0,77.66666667,14.66666667,2270.829401,13.68815565,0.112097465,0,0,0.884952533,22,0,2723.156365,2.333333333
2287,14,27,54.66666667,0,0,1.333333333,1,37.45561981,127.0671005,16.1,0,45.66666667,10.33333333,4503.803782,13.09734519,0.200822738,0,0,0.796923662,41,0,2108.053562,2.333333333
2288,13,46.66666667,23.66666667,0,0,1,1,37.45560837,127.0644531,18.13333333,0,46.66666667,8.666666667,5365.984066,10.70952225,0.309474436,0,0,0.68759239,30,0,2886.590423,2
2289,13.1,11.1,12.1,37.3,51.7,1.3,1.2,37.46429825,126.9885254,15.64,0,55.7,13.7,1443.405031,12.10819183,0.107796081,0,0,0.886472192,15,1,2354.486071,2.5
229,14.31674208,109.5248869,72.86425339,288.5565611,290.4343891,7.122171946,6.92760181,37.53587341,126.8921814,15.32714932,0,58.7239819,13.87330317,13102.84981,1.278069773,0.061843887,0,0.614427436,0.324990745,85,1,18167.99339,14.04977376
2293,14.08064516,214.1693548,184.6854839,1719.854839,1705.879032,2.588709677,2.443548387,37.48479843,127.0369949,15.51209677,0,57.55645161,13.5483871,11850.16843,9.765582704,0.884534433,0.098649653,0,0,119,2,33285.64761,5.032258065
2294,13.55154639,277.6185567,157.242268,0,0,3.824742268,4.015463918,37.47590637,127.0462418,14.73453608,0,59.41237113,11.84020619,11372.92563,5.111635309,0.972837723,0.027149333,0,0,116,0,19346.65691,7.840206186
2297,13.64,164.35,172.37,1050.01,1209.06,2.16,1.73,37.485672,127.0159226,15.176,0,59.17,11.98,11014.96899,4.194945908,0.763746178,0.220644314,0,0.015609507,115,1,26518.73406,3.89
2298,14.06862745,283.2156863,403.4803922,861.8823529,1007.882353,1.950980392,2.068627451,37.50241089,127.0216065,15.08627451,0,62.90196078,12.73529412,21719.38014,5.074695141,0.860252258,0.131608379,0,0,153,1,38352.66461,4.019607843
2299,13.80597015,181.1044776,177.8059701,0,0,2.73880597,2.320895522,37.48646927,127.0280609,14.48507463,0,59.2238806,11.36567164,12689.64771,2.889808403,0.856520422,0.143163737,0,5.18E-05,124,0,23763.03013,5.059701493
230,12.13541667,99.42361111,89.82986111,675.0381944,648.9166667,14.38888889,14.29166667,37.52463531,126.8962174,14.73923611,0,61.39583333,14.27430556,17742.15673,2.299295602,0.030192533,0,0.968726619,0,85,2,25355.3459,28.68055556
2301,14.4679803,120.1182266,148.5418719,0,0,5.926108374,5.9408867,37.52407074,127.0217896,15.48374384,0,58.78817734,14.49261084,8173.512608,2.936805847,0.83310422,0,0,0.166218795,15,0,21129.02631,11.86699507
2302,13.38764045,309.0337079,250.011236,830.994382,889.8932584,2.640449438,2.657303371,37.5055809,127.0242767,14.64044944,0,60.59550562,14.12921348,17246.77536,6.672836168,0.831591033,0.164609821,0,0,108,1,40514.6076,5.297752809
2303,13.63483146,297.5280899,214.3426966,572.1685393,633.8258427,3.421348315,3.056179775,37.51137161,127.0214615,14.97921348,0,60.65730337,14.15730337,15495.6331,8.421494354,0.923765957,0.076213332,0,0,66,1,31295.62183,6.47752809
2304,14.16666667,196.0555556,137.1111111,1232.666667,1304.055556,2.277777778,1.055555556,37.5116272,127.0356522,15.41111111,0,50.77777778,10.83333333,13086.70198,6.189375995,0.940959844,0.058545684,0,0,35,1,31056.08995,3.333333333
2305,14.55813953,309.4651163,327.4883721,0,0,2.325581395,1.674418605,37.52064133,127.0345078,16.42325581,0,51.46511628,11.04651163,9541.877011,2.748458926,0.902867417,0.081640869,0,0,24,0,28208.19067,4
2306,14.4589372,200.5990338,212.9710145,1268.362319,1231.845411,4.985507246,4.850241546,37.5271225,127.028717,15.4236715,0,58.49758454,14.12077295,8418.538997,2.291039509,0.993552454,0,0,0,37,1,25414.64049,9.835748792
2307,15.49,228.53,307.16,867.63,1065.28,2.23,2.14,37.52838135,127.0390167,15.934,0,55.15,13.58,7594.110685,4.416803256,0.864249452,2.33E-05,0,0.080024128,52,1,22421.30204,4.37
2308,14.68627451,232.6535948,255.8104575,884.7777778,940.4705882,3.392156863,3.267973856,37.52930069,127.0355988,16.00392157,0,57.35947712,14.26143791,7561.211507,13.44728197,0.860093043,0,0,0.08452356,48,1,21832.80788,6.660130719
2309,14.43137255,130.0588235,131.8235294,880.8235294,814.0784314,1.549019608,1.431372549,37.51890182,127.0493851,15.18039216,0,59.7254902,12.35294118,14107.30644,11.89650496,0.975624626,0,0,0,35,1,21753.94644,2.980392157
231,14.08370044,113.9162996,111.4493392,818.2202643,790.092511,4.9030837,4.801762115,37.52450562,126.8918228,15.18370044,0,58.47136564,13.37004405,16317.62914,5.091432346,0,0,0.998759938,0,93,2,22071.12059,9.704845815
2310,14.08860759,238.5316456,366.6835443,778.9620253,1008.35443,2.303797468,2.075949367,37.52361298,127.0401764,15.87088608,0,58.84810127,13.06329114,10547.24141,4.750382436,0.916928788,0.076678032,0,0,33,1,26914.58489,4.379746835
2311,15.4137931,193.1724138,170.4827586,1130,1329.275862,1.655172414,1.206896552,37.51777267,127.0430222,16.4137931,0,53.27586207,12.75862069,17337.07815,4.252833991,0.943326059,0.054478591,0,0,26,2,31118.51877,2.862068966
2312,13.98181818,132.4454545,99.36363636,790.7181818,768.8636364,2.363636364,2.290909091,37.52058029,127.0563278,15.44909091,0,59.57272727,14.27272727,10123.67704,5.020217644,0.899712896,0.06467739,0,0.011686096,45,1,10913.33795,4.654545455
2313,12.4965035,163.7762238,178.0559441,0,0,2.699300699,2.51048951,37.52511597,127.0524674,14.96783217,0,61.34965035,14.5034965,9512.275087,5.837678706,0.678877006,0.10211872,0,0.095232363,51,0,12724.5773,5.20979021
2314,14.83838384,75.71717172,49.17171717,0,0,2.454545455,2.181818182,37.52127457,127.0610352,16.52929293,0,56.1010101,14.3030303,5294.425748,25.23805072,0.540116913,0.033257739,0,0.36287218,32,0,8822.006663,4.636363636
2315,14.19014085,194.1126761,183.3450704,705.4225352,730.0915493,2.746478873,2.5,37.51424789,127.0611191,15.77535211,0,55.66901408,13.86619718,6898.796147,15.18433211,0.671459934,0.324146778,0,0,85,1,22161.00719,5.246478873
2317,15.1221374,20.01526718,9.870229008,0,0,3.27480916,2.832061069,37.51588821,127.0662003,15.74580153,0,56.47328244,14.35114504,5825.102627,13.87592502,0.426686187,0.059502267,0,0.512369554,34,0,9335.691951,6.106870229
2318,13.47619048,190.8333333,127.4047619,1414.833333,1113.833333,1.738095238,1.30952381,37.51357651,127.0550308,15.84761905,0,58.73809524,13.30952381,11443.71232,12.82254525,0.812364894,0.183142146,0,0,56,2,29685.42907,3.047619048
2319,13.7027027,282.3423423,295.7297297,0,0,2.531531532,2.243243243,37.50660706,127.0546799,15.48918919,0,56.03603604,11.83783784,10603.28806,2.564846444,0.625546572,0.367190392,0,0,63,0,48338.38168,4.774774775
232,14.13157895,88.46491228,84.31140351,0,0,6.206140351,5.942982456,37.52565002,126.8878174,15.22587719,0,59.06140351,13.66666667,14551.21732,5.311906847,0,0,0.80583321,0.194116307,77,0,15935.02395,12.14912281
2320,14.79069767,63.98449612,59.10077519,382.1007752,460.8217054,2.217054264,2.457364341,37.4919281,127.0569687,15.6620155,0,57.17054264,13.71317829,23726.22807,3.546566547,0.929536517,0.069110806,0,0,53,2,24076.79582,4.674418605
2321,15.42241379,57.02586207,51.8362069,88.75,96.67241379,1.982758621,1.862068966,37.49611664,127.0694428,16.09568966,0,58.22413793,14.61206897,14981.7683,31.06884,0.893803832,0,0,0.105000116,39,1,17129.06202,3.844827586
2323,13.88764045,124.2921348,121.3820225,0,0,3.595505618,2.887640449,37.50221252,127.0672073,15.90224719,0,56.70786517,13.29213483,14546.58794,9.503707337,0.775859435,0,0,0.22303124,60,0,21898.7624,6.483146067
2324,14.56770833,120.546875,119.7916667,0,0,3.65625,3.541666667,37.50043869,127.0662231,15.61354167,0,59.11458333,14.5,19231.2826,9.503707337,0.942548107,0,0,0.05701567,61,0,25727.75039,7.197916667
2325,15.65277778,206.8055556,251.4236111,0,0,2.604166667,2.631944444,37.4986496,127.0593185,16.01944444,0,58.21527778,15.30555556,25781.39933,4.227150511,0.996193087,0,0,0,41,0,40305.92987,5.236111111
2326,14.36619718,213.9577465,215.7746479,0,0,1.633802817,1.577464789,37.50239563,127.0587997,15.70140845,0,58.73239437,13.56338028,19058.77488,11.15318666,0.913851933,0.083855635,0,0,28,0,34709.97994,3.211267606
2327,12.64088398,423.6464088,379.4198895,0,0,2.839779006,2.983425414,37.49055099,127.0314636,14.74696133,0,59.51933702,13.19889503,18004.597,2.462613319,0.747136078,0.249550186,0,0,144,0,36674.16234,5.82320442
2328,13.0625,229.3515625,163.0625,0,0,2.09375,1.984375,37.50321198,127.0427322,14.76171875,0,56.8515625,13.21875,15674.33571,5.138150568,0.67779357,0.319656407,0,0,23,0,41885.21115,4.078125
2329,12.98058252,242.4368932,195.0291262,0,0,1.708737864,1.854368932,37.50235748,127.04319,15.10970874,0,58.2038835,12.78640777,16536.50548,3.818123377,0.683328544,0.314107194,0,0,38,0,43769.80703,3.563106796
233,14.66315789,57.64210526,50.89473684,0,0,2.863157895,2.936842105,37.52848816,126.8916473,15.55263158,0,57.55789474,13,15584.656,5.311906847,0,0,0.819476482,0.182520821,62,0,18798.514,5.8
2330,14.42,184.16,206.7333333,0,0,2.146666667,2.153333333,37.49219894,127.0394592,15.11533333,0,59.05333333,13.68,17123.20149,5.085303905,0.977452359,0.001630979,0,0,58,0,26626.7904,4.3
2331,14.23809524,198.6571429,154.3619048,0,0,1.942857143,2.066666667,37.49805069,127.0446014,14.74857143,0,57.91428571,12.24761905,19697.01401,3.783689088,0.939907474,0.051457396,0,0,63,0,34790.49945,4.00952381
2332,13.7826087,178.2753623,164.5990338,2338.251208,2319.816425,3.444444444,3.352657005,37.50400925,127.0490799,15.29951691,0,59.85990338,14.61835749,16877.42987,5.580903543,0.68659568,0.301537004,0,0,66,2,49700.97495,6.797101449
2333,15.03875969,183.7751938,221.8914729,1184.248062,1763.635659,3.108527132,2.186046512,37.48515701,127.0340729,15.92635659,0,56.2248062,14.47286822,11052.96133,8.658250669,0.842169099,0.135680649,0,0,141,2,25465.42042,5.294573643
2334,13.39655172,210.637931,179.3275862,0,0,1.413793103,1.5,37.49375916,127.0458984,14.92241379,0,57.67241379,13.01724138,20619.08926,4.028328348,0.988020069,0,0,0,67,0,20319.32597,2.913793103
2335,14.05581395,45.97674419,30.9255814,397.5255814,393.5488372,4.91627907,4.958139535,37.48676682,127.0467606,15.18,0,60.13023256,14.34418605,18639.01844,11.47227851,0.923359507,0.074841238,0,0,56,1,16998.10754,9.874418605
2336,14.91304348,166.6811594,127.3478261,0,0,1.811594203,1.811594203,37.49423599,127.0474625,16.01014493,0,60.50724638,14.86956522,22603.05866,5.456239108,0.990111864,0,0,0,60,0,25396.89311,3.623188406
2337,14.28723404,40.28723404,29.76595745,157.5212766,168.1595745,2.382978723,2.021276596,37.49207687,127.0719757,15.48404255,0,60.35106383,14.71276596,12858.63795,1.910997769,0.919263936,0.008771044,0,0.066090905,76,1,19647.77612,4.404255319
2339,14.76068376,60.92307692,34.85470085,0,0,2.290598291,2.188034188,37.48326111,127.0522995,15.01282051,0,59.11965812,13.98290598,17510.29586,17.15543733,0.930669142,0.069336036,0,0,64,0,9134.03081,4.478632479
234,13.98529412,75.90686275,52.23529412,338.4264706,327.3921569,5.166666667,5.264705882,37.50046158,126.9058456,15.29264706,0,59.5245098,14.11764706,21919.64129,14.27093895,1.001835499,0,0,0,114,1,15796.16,10.43137255
2340,13.99559471,247.0484581,139.7180617,0,0,5.383259912,5.45814978,37.47750854,127.0451737,15.09295154,0,59.86784141,14.32599119,11950.23994,10.54805482,0.974471291,0.027149333,0,0,109,0,19978.19197,10.84140969
2341,15.38,61.73,55.62,343.98,352.41,2.54,1.84,37.4833107,127.0849381,16.104,0,57.88,14.86,11306.08114,6.812888276,0.572364998,0.014458761,0,0.346464011,42,1,12256.19959,4.38
2342,14.39690722,31.05154639,18.71649485,311.6082474,321.5412371,3.907216495,3.881443299,37.49400711,127.0795136,15.17319588,0,59.03092784,14.1443299,10398.15727,7.733021339,0.673796376,0.023395492,0,0.28394055,61,1,13763.09182,7.788659794
2343,14.6,58,48.65,0,0,1.3,1.4,37.46531677,127.1077271,14.93,0,61.15,14.15,3528.28938,9.558717801,0.254226955,0,0,0.614266927,61,0,3936.162181,2.7
2344,14.86486486,103.5405405,85.13513514,0,0,2.018018018,2.009009009,37.46506119,127.1011963,15.39009009,0,59.61261261,14.78378378,6686.641131,10.05207698,0.404191617,0.019303805,0,0.509238333,50,0,9554.025517,4.027027027
2347,14.92592593,275.8148148,372.7407407,0,0,1.740740741,1.259259259,37.51863861,127.0354004,16.91481481,0,56.18518519,12.48148148,10913.03607,5.068053874,0.908408863,0.08988767,0,0,40,0,26215.68907,3
2348,13.92982456,274.8596491,284.1461988,0,0,5.713450292,4.695906433,37.50723267,127.0568543,15.28830409,0,57.23976608,13,8084.257146,5.346333597,0.562907907,0.433232109,0,0,68,0,48624.59796,10.40935673
2349,13.41558442,223,150.5844156,2584.194805,1881.272727,1.87012987,1.532467532,37.50154495,127.0385666,15.39480519,0,59.28571429,14.06493506,15127.97741,5.340135233,0.686213824,0.308220136,0,0,24,1,42533.40846,3.402597403
235,14.27717391,123.5923913,102.6304348,0,0,3.02173913,3.086956522,37.50456619,126.9102325,15.54619565,0,57.82608696,13.92934783,23293.15009,6.107405727,0.896744772,0.059894478,0,0,78,0,18842.33341,6.108695652
2350,13.98076923,181.25,142.6923077,646.4615385,636.8846154,1.326923077,1.403846154,37.49482346,127.047905,14.95769231,0,59.65384615,13.09615385,23281.20146,2.819696399,0.990768139,0,0,0,58,1,30359.46112,2.730769231
2351,15.67142857,65.65714286,55.47142857,268.3857143,346.8142857,1.6,1.5,37.48387909,127.0890274,15.98285714,0,57.71428571,15.58571429,11115.83974,6.516681761,0.41857789,0.014458761,0,0.51960929,29,1,10823.09715,3.1
2352,13.4,227.84,136.12,1081.48,971.36,1.6,1.2,37.51758957,127.0350266,16.02,0,52.36,13.32,10678.60568,5.550758354,0.928182545,0.071539153,0,0,33,1,28528.3252,2.8
2353,14.5505618,126.7191011,93.57303371,1070.629213,1108.573034,1.865168539,1.662921348,37.51681137,127.0404739,15.96853933,0,54.04494382,13.29213483,17359.49026,4.85432503,0.923727124,0.07638808,0,0,31,2,28965.05452,3.528089888
2354,14.34,130.12,101.86,769.26,844.04,1.3,1.38,37.51978683,127.0567627,14.782,0,60.78,14.14,10281.02086,15.75638561,0.932882614,0.057514025,0,0.007538749,44,1,10896.34252,2.68
2356,14.08045977,99.59770115,101.3678161,0,0,2.218390805,1.701149425,37.51807022,127.0471191,15.76896552,0,54.63218391,12.40229885,15532.90967,15.61380163,0.964444652,0.013253648,0,0,30,0,27354.6471,3.91954023
2357,12.96428571,263.3690476,193.8214286,0,0,1.595238095,1.44047619,37.50194931,127.0427704,14.95,0,59.05952381,13.52380952,16627.52992,4.065139324,0.683147324,0.312455504,0,0,40,0,42036.28115,3.035714286
2358,13.84337349,95.03614458,67.69879518,0,0,2.277108434,1.795180723,37.48138428,127.0539169,14.60722892,0,58.39759036,13.07228916,15270.60657,17.15543733,0.999779947,0.000214875,0,0,80,0,7601.130233,4.072289157
2359,14.87857143,293.0357143,181.0357143,0,0,2.671428571,2.692857143,37.47560501,127.0503769,14.98214286,0,60.97142857,14.09285714,10464.26713,4.971006323,0.966241318,0.000455639,0,0.032866821,138,0,15148.49994,5.364285714
236,13.82478632,45.79487179,23.40598291,702.7991453,643.2948718,7.145299145,7.14957265,37.51615524,126.8946152,15.3465812,0,59.0042735,14.0982906,13493.83847,2.394799331,0,0.047990918,0.951508138,0,93,1,17824.84019,14.29487179
2360,13.91666667,227.45,238.35,0,0,2.091666667,2.083333333,37.4928093,127.0413895,15.15083333,0,58.13333333,13.94166667,17127.10659,5.418473504,0.976100976,0,0,0,60,0,23550.64024,4.175
2362,13.26315789,224.8070175,144.8479532,1070.233918,1128.415205,2.760233918,2.532163743,37.51763535,127.0224533,15.50350877,0,58.78947368,14.19298246,10923.15216,4.704191494,0.900811865,0.098342873,0,0,51,1,30701.12327,5.292397661
2363,15.09230769,152.5538462,185.1846154,0,0,1.584615385,1.615384615,37.51913834,127.0275192,15.67384615,0,56.89230769,13.6,7700.198367,3.759705771,0.942704733,0.052329841,0,0,27,0,28084.57283,3.2
2364,13.95,301.45,210.68,0,0,1.85,1.97,37.52124023,127.0318985,15.343,0,57.88,13.65,7822.563081,2.882724181,0.913420888,0.06742546,0,0,25,0,23984.12827,3.82
2365,14.41463415,297.1869919,356.5528455,954.3658537,887.6910569,2.544715447,2.365853659,37.52330017,127.038475,15.8796748,0,56.44715447,13.22764228,10425.78206,4.370931759,0.917519048,0.072627767,0,0,29,1,27545.55651,4.910569106
2368,14.22916667,225.9166667,227.4166667,0,0,1.520833333,1.458333333,37.48934174,127.0412979,14.70416667,0,56.16666667,12.3125,16873.1041,10.24325745,0.98680719,0,0,0,69,0,27671.99412,2.979166667
2369,13.59042553,299.9574468,247.2393617,2389.531915,2410.164894,3.324468085,3.079787234,37.50542831,127.0528717,15.13138298,0,58.81914894,13.74468085,13880.57688,6.163974709,0.653225326,0.337447026,0,0,76,2,46886.04979,6.404255319
237,13.86111111,126.8981481,118.8611111,0,0,3.902777778,4.00462963,37.49651337,126.9148026,14.67314815,0,61.56481481,15.80092593,20983.3932,3.360020721,0.998793593,0,0,0,72,0,21547.54575,7.907407407
2370,15.43835616,125.6164384,130.3835616,573.260274,652.5479452,2.02739726,1.890410959,37.49655151,127.0542984,15.64657534,0,58.61643836,14.67123288,28488.66152,3.888952139,0.993791923,0,0,0,40,1,45127.57593,3.917808219
2371,14.65217391,132.3913043,161.4347826,664.2173913,1407.521739,1.260869565,1.260869565,37.51474762,127.0351334,16.53913043,0,51.43478261,13.82608696,11500.98203,6.140187968,0.955752567,0.044379464,0,0,37,1,27110.90998,2.52173913
2372,15.05263158,104.2960526,106.8223684,394.6776316,414.1776316,2.730263158,2.875,37.49449921,127.063797,15.56381579,0,60.25,15.15789474,18708.39201,17.55380886,0.999421391,0,0,0,49,1,24459.69842,5.605263158
2373,14.23333333,46.88888889,34.42222222,131.7444444,138.5444444,2.222222222,2.177777778,37.48927689,127.0655747,16.72444444,0,56.81111111,15.67777778,13569.81838,3.751348161,0.975134038,0.02487114,0,0,96,1,9718.310388,4.4
2375,13.33928571,63.6547619,55.61904762,925.9166667,914.6130952,3.303571429,3.321428571,37.48735046,127.1009979,14.65059524,0,61.36309524,13.95833333,5939.084136,4.352386818,0.446351137,0.040876742,0,0.418140373,63,2,12064.5908,6.625
2376,15.2987013,64.49350649,64.06493506,908.2857143,1077.025974,2.077922078,1.987012987,37.48677826,127.1005173,16.61688312,0,56.22077922,15.15584416,5533.547696,4.352386818,0.39798354,0.040876742,0,0.476864688,61,2,10283.88792,4.064935065
2377,13.05714286,56.62040816,49.63673469,823.8081633,829.9265306,6.730612245,6.983673469,37.48735046,127.1023254,14.81183673,0,61.64489796,14.6122449,5913.070616,4.174544673,0.427843405,0.040876742,0,0.396636041,62,2,13109.11033,13.71428571
238,13.96244131,120.4131455,143.0985915,373.9107981,367.0140845,6.718309859,6.539906103,37.52638626,126.9027557,15.12112676,0,58.10798122,13.03755869,21877.52863,1.515984297,0.16191741,0.143312597,0.689530149,0,46,1,34247.11931,13.25821596
2380,13.18518519,55.88888889,22.2345679,331.345679,317.3580247,1.604938272,1.395061728,37.51169586,127.0493469,14.62592593,0,60.59259259,13.38271605,12293.36185,10.42901999,0.917749456,0.077986698,0,0,40,1,20206.4352,3
2381,15.47560976,137.9268293,121.1219512,408.0243902,586.1463415,1.707317073,1.597560976,37.50636673,127.034523,15.32560976,0,56.41463415,13.3902439,14070.3908,5.91681496,0.895707936,0.101134954,0,0,29,1,30562.71002,3.304878049
2382,14.65432099,178.0493827,158.1111111,2655.777778,3629.740741,2.049382716,1.777777778,37.50122833,127.0503616,15.51358025,0,56.69135802,13.82716049,23482.99119,7.595329302,0.824361653,0.165367061,0,0,65,2,52798.45798,3.827160494
2383,14.43939394,75.10606061,46.68181818,0,0,1.515151515,1.848484848,37.46632767,127.0948868,14.86969697,0,61.07575758,13.83333333,6182.181809,14.41673994,0.191071812,0.006905773,0,0.745682435,38,0,8473.408724,3.363636364
2384,13.71014493,142.0483092,84.76328502,0,0,4.057971014,4.410628019,37.47602844,127.1059418,15.05555556,0,59.94202899,14.40096618,5525.741719,11.07623704,0.302516886,0.037670444,0,0.386448892,70,0,10014.0346,8.468599034
2385,14.73484848,160.9545455,132.2727273,924.7424242,1059.689394,2.136363636,2.143939394,37.51395035,127.0301514,15.16060606,0,58.98484848,13.90151515,8542.408676,12.91429499,0.99109563,0.008919903,0,0,26,1,24034.12019,4.28030303
2386,13.05,83.05,79.7,687.9,1122.8,1.45,1.1,37.50958633,127.0409088,16.7,0,52.75,15,13950.43239,4.971362613,0.887384764,0.111781625,0,0,40,2,30234.93204,2.55
2387,14.28409091,90.21022727,58.86363636,0,0,2.619318182,2.829545455,37.47245407,127.096077,15.53295455,0,58.84659091,13.73295455,7315.27117,18.91756187,0.351030753,0,0,0.592256473,29,0,6770.220425,5.448863636
2388,15.875,86.375,91.35714286,818.125,992.5,2.107142857,1.321428571,37.51678467,127.0516129,15.44464286,0,57.80357143,14.25,14106.00716,15.67122054,0.966619291,0.02024356,0,0,45,2,20281.73517,3.428571429
2389,15.02970297,59.46534653,42.2970297,140.1485149,152.0891089,2.188118812,1.920792079,37.48616028,127.0672379,15.16732673,0,58.98019802,13.98019802,11374.82712,5.022351267,0.975131449,0.02487114,0,0,110,1,9461.521072,4.108910891
239,13.98453608,149.4793814,171.5463918,375.8608247,371.5773196,3.494845361,3.510309278,37.5258522,126.9032822,15.26443299,0,58.62371134,13.98453608,22647.04337,0.920889568,0.208360193,0.15864898,0.627743217,0,36,1,33518.02926,7.005154639
2390,13.56521739,55.43478261,35.7826087,0,0,1.52173913,1.434782609,37.48088074,127.0630417,14.61086957,0,62.67391304,16.65217391,9004.695334,10.13734416,0.91931183,0,0,0.080694642,92,0,6447.705093,2.956521739
2392,18.7,78.9,53.5,0,0,1.1,1.4,37.47447205,127.0554504,15.07,0,62.2,12.7,7913.500004,6.311607085,0.570328862,0,0,0.427330812,53,0,3892.144843,2.5
2393,12.5,255.2,183.8,0,0,1.3,1.4,37.47200012,127.0513382,11.67,0,68.7,10.8,7342.481957,6.59452213,0.581917876,0,0,0.421566724,88,0,9612.156375,2.7
2394,15.26315789,106.2105263,64.63157895,0,0,1.8,2.168421053,37.48025131,127.0541916,15.42631579,0,58.98947368,14.05263158,14696.76625,3.467291582,0.998080363,0,0,0,83,0,7464.607635,3.968421053
2395,9,84.42857143,69,0,0,1.142857143,1.285714286,37.47929001,127.0557327,10.61428571,0,69.71428571,7.857142857,13121.241,2.58325865,0.993951138,0,0,0.004098159,73,0,6831.15851,2.428571429
2396,15.23469388,45.58163265,47.91836735,421.8877551,484.4591837,2.642857143,2.479591837,37.48574066,127.0510483,15.61122449,0,56.8877551,14.2244898,20714.34593,7.423173319,0.827942041,0.171884506,0,0,34,1,20252.33199,5.12244898
2398,14.29411765,197.0294118,145.9411765,1101.411765,1066.647059,1.352941176,1.382352941,37.50811005,127.0394516,14.24705882,0,55.61764706,11.76470588,13544.38654,5.468661274,0.882951348,0.114685027,0,0,42,2,30170.61978,2.735294118
240,13.90909091,90.25206612,65.68595041,693.8595041,639.285124,8.809917355,8.818181818,37.51873779,126.8955765,15.18677686,0,59.45454545,13.83471074,14263.87465,2.394799331,0.033930841,0,0.964944301,0,106,1,19545.69729,17.62809917
2401,14.26315789,59.10526316,60.89473684,300.2105263,328.4210526,1.815789474,1.394736842,37.48656082,127.0826721,15.32631579,0,61.42105263,13.60526316,11228.91581,5.70767501,0.522532108,0.014458761,0,0.430500866,64,1,13385.54612,3.210526316
2403,13.81818182,36.27272727,24.72727273,155.2424242,148.3939394,1.515151515,1.454545455,37.48871994,127.0745392,16.2,0,62.36363636,16.18181818,12801.1658,3.404367004,0.865822182,0.000853028,0,0.132166277,77,1,15147.34402,2.96969697
2404,14.57216495,38.95876289,26.31958763,149.7886598,141.7010309,3.365979381,3.634020619,37.49180984,127.0731583,15.37061856,0,59.19587629,14.61340206,12570.94646,2.416847684,0.920579075,0.006068278,0,0.065376381,76,1,18510.0515,7
2405,15.79310345,92.36781609,108.3793103,628.7701149,871.3103448,3.896551724,1.965517241,37.51871109,127.0508499,15.57241379,0,53.93103448,12.90804598,13736.00004,11.89650496,0.975625921,0.002349387,0,0,30,1,19961.7084,5.862068966
2406,14.70422535,268.7605634,239.7746479,1120.15493,1479.014085,2.211267606,1.450704225,37.5175705,127.0236435,17.2971831,0,52.54929577,13.88732394,10141.735,4.859727614,0.910573147,0.088588064,0,0,53,1,31581.19506,3.661971831
2407,11.19047619,380.0952381,387.8571429,3495.190476,2407.428571,2.80952381,2.619047619,37.49847031,127.0301132,11.68571429,0,68.52380952,11.76190476,10263.27205,8.969617789,0.510128899,0.486442161,0,0,92,2,59850.42598,5.428571429
2408,14.28187919,29.70469799,28.3557047,0,0,2.771812081,2.597315436,37.4773407,127.1132736,15.13221477,0,59.71812081,14.22147651,5451.754452,4.571637832,0.275687277,0.013868502,0,0.565293537,7,0,10607.43634,5.369127517
2409,13.45402299,535.2988506,521.1724138,0,0,2.557471264,2.402298851,37.49206161,127.0307465,15.06149425,0,60.36206897,14.35632184,16744.85916,2.264144493,0.697149152,0.300163616,0,0,149,0,43209.87655,4.959770115
241,14.76551724,188.7862069,135.9034483,0,0,2.724137931,3.193103448,37.50501633,126.8985367,15.51103448,0,59.32413793,14.64137931,20867.90082,3.94968362,0.693128658,0,0.24489154,0.060935198,217,0,16432.97475,5.917241379
2410,13.80681818,252.8011364,147.8522727,2292.051136,1880.732955,3.278409091,2.914772727,37.49959946,127.0337524,15.26761364,0,57.40909091,13.24431818,11951.66986,6.408071853,0.668265285,0.327895441,0,0,28,1,45855.49033,6.193181818
2411,14.33333333,23.77564103,20.76282051,0,0,2.384615385,2.58974359,37.47296906,127.1122284,15.22564103,0,60.64102564,14.1025641,7286.394301,4.046589579,0.410633985,0,0,0.405816124,20,0,7068.127195,4.974358974
2412,14.06024096,66.71686747,80.60843373,0,0,3.108433735,2.801204819,37.49170303,127.0882263,15.06385542,0,60.30120482,14.21084337,11068.33963,2.667088085,0.514757774,0,0,0.48207735,38,0,13170.04568,5.909638554
2413,14.45679012,49.60493827,48.72839506,390.6666667,439.5432099,2.864197531,2.783950617,37.49095917,127.0549851,15.57962963,0,57.77777778,14.44444444,25768.32145,3.612163291,0.85587968,0.143778591,0,0,51,2,26801.59336,5.648148148
2414,13.8960396,45.84158416,40.44554455,388.6980198,408.3960396,4.168316832,3.985148515,37.48897171,127.0518265,15.17623762,0,59.11881188,13.85643564,25690.16087,7.150208404,0.79858053,0.200584564,0,0,42,2,22207.91068,8.153465347
2415,14.48148148,130.8209877,128.308642,586.4753086,607.1358025,2.87654321,2.864197531,37.49667358,127.0534287,15.4691358,0,57.83950617,13.86419753,28820.93964,4.433391245,0.992466429,0,0,0,42,1,42428.9943,5.740740741
2416,15.09638554,173,184.2168675,607.0963855,617.1325301,1.759036145,1.771084337,37.4958992,127.0521927,15.54337349,0,57.97590361,14.09638554,28182.69548,5.87179319,0.993395828,0,0,0,42,1,37614.65721,3.530120482
2417,13.44285714,131.6571429,84.28571429,1124.128571,848.4142857,1.385714286,1.428571429,37.50799942,127.0452499,15.42857143,0,55.75714286,14.21428571,12285.95359,5.201634168,0.816878565,0.181920206,0,0,56,2,29770.43167,2.814285714
2418,14.8828125,178.7890625,199.234375,673.828125,793.5078125,2.84375,2.875,37.51393509,127.0598221,16.12578125,0,54.6796875,13.0859375,7795.756163,8.52727778,0.649950423,0.3460019,0,0,79,1,26707.60564,5.71875
2419,14.46666667,157.5407407,123.0222222,673.4592593,715.5259259,2.355555556,2.259259259,37.51430893,127.0597,15.24074074,0,57.96296296,13.72592593,8087.284858,8.52727778,0.678118471,0.317833852,0,0,58,1,23068.35059,4.614814815
242,14.9202454,128.0797546,85.34969325,0,0,2.957055215,2.576687117,37.51093292,126.9102249,15.69570552,0,58.54601227,14.65644172,19769.34759,4.577594356,0.905227159,0.010411084,0.034922373,0.041644338,117,0,18488.11499,5.533742331
2420,14.11931818,48.35227273,42.19886364,91.11931818,93.72727273,2.982954545,2.818181818,37.49689484,127.070137,15.44318182,0,60.69318182,14.63636364,14060.38517,31.06884,0.830929581,0,0,0.167884723,31,1,17353.57612,5.801136364
2421,14.72580645,369.6370968,466.6451613,851.733871,1085.290323,2.637096774,2.35483871,37.504673,127.025795,15.75322581,0,55.70967742,14.17741935,16205.85556,6.535616557,0.802083252,0.193016043,0,0,108,1,45524.83085,4.991935484
2422,13.96875,43.6328125,41.6953125,0,0,2.3828125,2.53125,37.48416901,127.0948486,15.678125,0,57.5625,14.1015625,6012.313658,12.80054976,0.282367819,0,0,0.67648102,25,0,8064.817569,4.9140625
2423,14.94193548,45.0516129,38.15483871,300.8580645,303.5483871,2.535483871,2.793548387,37.4908371,127.0806503,15.84967742,0,58.02580645,14.30967742,12305.10481,7.160327944,0.763893743,0.023395492,0,0.198892746,88,1,13471.7015,5.329032258
2425,14.63636364,51.68181818,48.56818182,0,0,1.636363636,1.431818182,37.46461868,127.1068497,16.21590909,0,59.02272727,13.88636364,3444.309783,10.34024405,0.295111463,0.000218758,0,0.504775145,59,0,4658.91222,3.068181818
2426,14.76923077,84.84615385,67.24175824,0,0,2.10989011,1.967032967,37.46829605,127.1046982,14.78021978,0,60.48351648,14.12087912,6704.978356,6.016200798,0.373931773,0.018902532,0,0.514566198,82,0,4830.382152,4.076923077
2427,13.09876543,58.22222222,32.55555556,80.39506173,81.49382716,1.765432099,1.481481481,37.48485184,127.0583725,14.76049383,0,62.37037037,13.98765432,15948.0847,8.075222397,0.983901199,0.016094918,0,0,102,1,9907.906687,3.24691358
2428,13.81914894,73.80851064,77.89361702,0,0,1.893617021,1.659574468,37.48236847,127.0611877,15.40212766,0,55.5106383,13.57446809,10754.98521,7.757689538,0.999989645,0,0,0,119,0,7974.757162,3.553191489
2429,14.9125,276.4875,317.60625,955.65625,924.525,3.26875,3.2875,37.52745438,127.0404282,15.7775,0,56.5875,14.66875,8122.417962,6.01610835,0.893991524,0.024645909,0,0.062687854,66,1,23008.69367,6.55625
243,14.56132075,42.48584906,49.43396226,866.0188679,839.0377358,9.174528302,8.929245283,37.52708435,126.8913803,15.55377358,0,58.02830189,13.98113208,15902.9319,5.311906847,0,0,0.892711335,0.107361153,68,2,21490.8731,18.10377358
2430,14.58333333,237.25,147.7727273,2560.69697,2070.234848,1.878787879,1.924242424,37.50024414,127.0360565,15.15151515,0,58.01515152,13.38636364,13719.28675,7.181041862,0.686707001,0.309038214,0,0,24,1,41489.18763,3.803030303
2431,14.26666667,101.7190476,100.1190476,366.8285714,379.4380952,3.442857143,3.39047619,37.49411774,127.0629044,15.20142857,0,60.9047619,14.75238095,18822.07682,17.55380886,0.999198749,0,0,0,53,1,24526.64421,6.833333333
244,13.50638298,104.3744681,111.3446809,0,0,4.608510638,4.638297872,37.53007889,126.9057083,15.30680851,0,59.67234043,14.0212766,18370.63013,5.946919977,0.272667376,0.190486731,0.384582327,0.147814617,59,0,32716.44155,9.246808511
245,14.04255319,68.5106383,69.97446809,810.8382979,781.2680851,8.387234043,8.05106383,37.52826309,126.8966293,15.21617021,0,58.94893617,13.91489362,17096.2101,2.299295602,0.028526604,0,0.971496695,0,112,2,25826.00672,16.43829787
247,12.47311828,85.03584229,70.45519713,756.4946237,709.1827957,15.50179211,16.37275986,37.53342056,126.9022369,14.91003584,0,61.10752688,14.52688172,14235.41144,2.669839126,0.211724411,0.131055658,0.496630604,0.160044373,99,2,22809.31943,31.87455197
248,14.85714286,180.6742857,144.1542857,0,0,5.011428571,5.057142857,37.53105545,126.9242096,15.93828571,0,56.97714286,13.49714286,2159.423457,3.011381991,0,0.395354557,0,0.604646738,40,0,8594.393858,10.06857143
249,14.70984456,66.64766839,69.6373057,673.1243523,682.8031088,5.507772021,5.917098446,37.52434921,126.9361191,15.75129534,0,58.52331606,14.02072539,4151.356393,3.261100586,0.403176785,0.087623715,0,0.509196911,19,1,8695.888821,11.42487047
250,15.12244898,172.2176871,131.9047619,0,0,2.619047619,2.741496599,37.50764084,126.9230804,15.87823129,0,57.46258503,14.61904762,20661.50282,4.602948653,0.99987444,0.000412923,0,0,172,0,18527.99595,5.360544218
2501,16.25757576,12.78787879,0.636363636,176.9393939,222.8939394,1.833333333,2.227272727,37.45066071,127.0570602,15.85151515,0,53.53030303,11.40909091,3483.438651,12.51838742,0.27270362,0,0,0.504991314,17,1,7300.842701,4.060606061
2502,13.47321429,87.20535714,72.625,628.0535714,695.2232143,2.133928571,2.0625,37.49195099,127.0085526,15.25535714,0,56.78571429,11.15178571,10374.68608,10.07903793,0.950335386,0.049623192,0,0,110,1,25428.36888,4.196428571
2503,13.49090909,330.9878788,249.6606061,896.0666667,884.8545455,2.56969697,2.581818182,37.50381088,127.0213623,14.68787879,0,59.47878788,12.55757576,20719.46113,4.08559598,0.874251497,0.117800715,0,0,145,1,37716.76325,5.151515152
2504,13.13855422,194.0120482,167.8253012,1053.156627,1113.186747,2.5,2.5,37.51588058,127.0193024,14.8439759,0,60.43975904,13.10843373,13068.01824,4.242777422,0.906137142,0.093861564,0,0,53,1,29595.22607,5
2505,13.70673077,527.8317308,521.7836538,3116.692308,2953.076923,4.293269231,4.201923077,37.49325943,127.0295334,14.80721154,0,58.26923077,11.67307692,15438.90321,5.778311325,0.625366647,0.374468961,0,0,156,2,50344.17487,8.495192308
2506,11.6,70.1,93.9,0,0,2.1,1.7,37.47909164,126.9906769,16.27,0,60.1,8.6,12110.17554,9.583150811,0.999612966,0,0,0,90,0,12962.14449,3.8
2508,14.05376344,131.2741935,102.9247312,0,0,3.456989247,3.397849462,37.48297882,127.0422592,14.76344086,0,59.46774194,11.06989247,12486.36282,13.9878754,0.994707084,0.005384821,0,0,116,0,26686.57673,6.85483871
2509,14.075,125.7083333,86.475,58.525,56.65833333,2.95,2.691666667,37.49836349,126.9911499,14.755,0,58.08333333,10.23333333,13193.65946,2.680042539,0.999370908,0,0,0,79,1,10944.80038,5.641666667
251,14.65030675,100.196319,87.84662577,0,0,2.644171779,2.257668712,37.50449371,126.9219513,15.34662577,0,57.99386503,13.58895706,22166.63936,4.845764087,1.000218758,0,0,0,130,0,17464.49983,4.901840491
2510,13.44117647,176.4411765,83.85294118,0,0,1.676470588,1.558823529,37.48303986,127.0214615,14.99705882,0,57.08823529,10.91176471,7415.519999,7.343099655,0.544782031,0.054320671,0,0.400288916,65,0,15300.95333,3.235294118
2511,13.93229167,138.0416667,98.89583333,1090.557292,1061.057292,3.09375,3.041666667,37.48366165,126.9823227,15.009375,0,58.77604167,11.69791667,18313.8013,7.39387329,0.875144652,0.11941875,0,0,185,2,25290.32522,6.135416667
2514,15.53191489,68.74468085,74,157.5319149,154.0531915,2.021276596,2.010638298,37.50364304,127.0160217,15.55106383,0,57.07446809,11.07446809,19759.66074,3.569573583,0.995296049,0,0,0,98,1,22353.98096,4.031914894
2515,13.55675676,451.1135135,416.8378378,3104.475676,3002.383784,3.216216216,3.162162162,37.49892807,127.0247269,15.25783784,0,57.6972973,12.3027027,18734.68871,5.946667689,0.657577193,0.336166836,0,0,179,2,51668.70249,6.378378378
2516,14.86440678,4.06779661,0.271186441,0,0,1.762711864,1.86440678,37.45441818,127.052742,16.89661017,0,56.54237288,12.81355932,3753.500444,29.28440047,0.17259903,0,0,0.577945277,33,0,4243.898034,3.627118644
2517,14.23728814,148.5762712,169.0677966,0,0,1.813559322,1.542372881,37.48768234,127.0247879,15.51355932,0,55.52542373,11.79661017,14183.49415,2.466013152,0.941731323,0.058022735,0,0,121,0,24873.06455,3.355932203
2518,13.95698925,147.1505376,155.8924731,0,0,2.064516129,1.784946237,37.48731613,127.0248947,15.32795699,0,58.89247312,11.64516129,13666.59501,2.466013152,0.939253788,0.059841407,0,0.000667925,117,0,23919.48438,3.849462366
2519,15.34693878,123.3061224,113.7142857,0,0,1.448979592,1.632653061,37.49100876,127.0235214,16.04489796,0,57.55102041,13.06122449,16295.97659,3.422719091,0.988080907,0.011732695,0,0,121,0,26612.39314,3.081632653
252,13.6446281,141.838843,141.1446281,215.1239669,211.5991736,4.690082645,4.97107438,37.49982834,126.9199448,15.17479339,0,59.35123967,13.8677686,23045.23795,3.802744499,1.000981176,0,0,0,107,1,18881.78818,9.661157025
2520,14.40566038,52.83962264,51.48113208,0,0,2.113207547,2.103773585,37.49619293,127.0210114,15.41792453,0,58.93396226,13.40566038,22552.95807,7.145931692,0.865165907,0.134821149,0,0,103,0,32106.66663,4.216981132
2521,13.98333333,75.75,66.89166667,0,0,2.466666667,2.116666667,37.49556351,127.0191803,15.00166667,0,57.7,12.18333333,22959.16931,7.145931692,0.909637275,0.090358841,0,0,109,0,28992.45342,4.583333333
2523,15.19480519,175.4285714,239.0519481,333.5324675,368.7402597,3.383116883,3.506493506,37.51019287,127.0072556,15.85454545,0,55.05844156,12.22077922,14697.08637,2.675545641,0.896676168,0.043196357,0,0.060131359,95,2,22547.79028,6.88961039
2524,14.13939394,275.6060606,300.1939394,2796.424242,3048.230303,3.006060606,2.903030303,37.50735092,127.0080185,15.20121212,0,57.46666667,11.77575758,15555.7489,3.524361615,0.845381869,0.154618131,0,0,106,4,29813.59292,5.909090909
2525,13.26086957,208.0130435,228.7304348,2302.573913,2482.108696,7.626086957,7.72173913,37.5056076,127.0021591,14.76869565,0,60.39130435,12.49565217,12654.68649,1.908829787,0.836424427,0.163382703,0,0,97,3,24526.37056,15.34782609
2526,16.57692308,275.1730769,375.8846154,2905.980769,3940.788462,1.923076923,2.096153846,37.50478745,126.9999237,16.11730769,0,53.28846154,13.05769231,12240.703,3.730694029,0.89956792,0.099949258,0,0,100,4,25286.17383,4.019230769
2527,14.96666667,92.93333333,93,131.9666667,165.9666667,2.166666667,2.2,37.50296021,126.9935989,16.36666667,0,57.73333333,14.16666667,11536.89976,4.418421511,0.976128159,0,0,0.023861486,76,1,10074.27199,4.366666667
2528,14.21604938,159.3703704,135.7901235,0,0,2.734567901,3.148148148,37.4937706,126.9900665,15.25123457,0,56.19135802,11.50617284,15130.24187,12.77139098,1.001506714,0,0,0,101,0,16758.44082,5.882716049
2529,14.23493976,147.3012048,109.1204819,457.2289157,466.5361446,2.409638554,2.554216867,37.48991776,126.9920807,15.15060241,0,57.19879518,11.6626506,15838.60358,16.18813006,1.000253708,0,0,0,111,1,19951.1737,4.963855422
2530,14.11167513,154.4771574,129.2182741,49.61928934,48.05583756,3.664974619,3.512690355,37.4977951,126.9870682,14.93045685,0,58.71573604,12.06091371,11689.24499,8.770628893,0.946335604,0,0,0.052470934,86,1,15452.62966,7.177664975
2531,14.53888889,160.4222222,135.3222222,0,0,3.15,3.155555556,37.49420547,126.989357,15.14055556,0,58.2,11.78333333,14914.56747,12.77139098,1.002729949,0,0,0,112,0,16939.64975,6.305555556
2532,16.5,105.1111111,105.7222222,0,0,2.444444444,1.166666667,37.47820282,127.0087814,15.86666667,0,54.11111111,10.94444444,9720.198101,7.407461304,0.487297778,0,0,0.512392854,51,0,10597.27246,3.611111111
2533,14.15517241,170.6896552,118.6034483,1284.931034,1329.913793,1.896551724,1.775862069,37.48087692,127.0145264,16.27586207,0,52.81034483,12.01724138,8859.24034,10.95079026,0.442706028,0.07016447,0,0.486729524,72,1,16546.19843,3.672413793
2535,13.97530864,97.0617284,104.5679012,150.9876543,170.4444444,1.691358025,1.802469136,37.50362396,126.9973221,15.41975309,0,58.48148148,12.65432099,12554.95435,3.078902891,0.981090996,0.018905121,0,0,86,1,20404.38781,3.49382716
2536,16.6,4.1,0.5,0,0,1.6,1.2,37.45899582,127.0413208,17.18,0,57.2,11.4,598.871666,3.730832861,0.068383337,0.250237528,0,0.680492452,14,0,1581.318159,2.8
2537,14.03472222,212.6597222,172.2916667,1620.243056,1569.854167,2.965277778,2.722222222,37.48257065,127.036438,15.14375,0,56.1875,12,8492.665284,5.313967344,0.901837052,0.07785855,0,0,115,2,23926.34877,5.6875
2538,14.91071429,61.51785714,55.07738095,0,0,3.761904762,3.75,37.52026749,127.0152512,15.34702381,0,57.57738095,12.35119048,10267.6762,4.291154601,0.65398645,0.020420896,0,0.282845463,26,0,14987.85087,7.511904762
2539,11.84615385,169.0897436,65.82051282,0,0,2.948717949,3.576923077,37.46540833,127.0437775,15.07307692,0,53.15384615,9.743589744,3412.286519,15.5385287,0.470776993,0.138867531,0,0.381347551,44,0,9640.197826,6.525641026
254,13.82296651,120.8803828,97.72248804,0,0,3.641148325,3.842105263,37.50380325,126.9034195,15.32966507,0,59.03349282,14.18660287,22637.61383,15.01416156,0.966595991,0.008145835,0.027408219,0,185,0,17454.32416,7.483253589
2540,13.56976744,138.3546512,131.5872093,134.5290698,153.5755814,2.843023256,2.854651163,37.49905014,126.996254,15.1377907,0,59.26744186,12.72674419,15167.59471,3.014835774,0.999443396,0,0,0,94,1,16730.1908,5.697674419
2541,14.2,13.9,25.8,0,0,2,1.7,37.43097687,127.0703354,16.54,0,50.2,14.6,60.81745546,12.62166627,0,0,0,0.357720357,11,0,426.9983696,3.7
2542,13.48666667,322.7133333,254.0333333,838.3133333,917.66,2.486666667,2.433333333,37.50508881,127.0239105,15.13266667,0,57.83333333,12.90666667,17722.27973,6.327359167,0.827085129,0.169115724,0,0,115,1,42256.34264,4.92
2545,14.3,80.5,61.96666667,0,0,2.066666667,1.366666667,37.49721146,127.0042725,16.47666667,0,53.83333333,12.96666667,9193.198433,9.679217898,0.989264014,0,0,0,30,0,17362.14328,3.433333333
2547,15.68674699,94.6626506,79.81927711,0,0,1.963855422,2.120481928,37.51832199,127.0148087,14.68433735,0,57.4939759,10.44578313,11707.55125,4.291154601,0.781674006,0.027716292,0,0.190608407,33,0,19621.08933,4.084337349
2548,15.34328358,111.1641791,104.7164179,339.761194,387.9253731,1.880597015,1.671641791,37.50847626,127.0167618,14.87313433,0,54.82089552,9.28358209,17534.58506,3.882262145,0.98196344,0.018027499,0,0,30,2,22413.81266,3.552238806
2549,14.98913043,76.0326087,56.05434783,0,0,2.043478261,2.141304348,37.45924759,127.0239029,14.96847826,0,57.84782609,10.75,4553.298916,6.123041304,0.289299481,0,0,0.393169562,37,0,8958.755489,4.184782609
255,14.18348624,180.8899083,135.7431193,0,0,4.137614679,4.54587156,37.50657272,126.9011307,15.31880734,0,58.55963303,13.73853211,22487.08713,3.94968362,0.714006488,0,0.285720388,0,220,0,15755.19179,8.683486239
2550,14.02678571,170.0982143,224.8482143,416.6964286,456.25,2.080357143,2.205357143,37.46738434,127.0414581,15.07142857,0,58.58928571,11.38392857,6613.773646,2.36036254,0.654786406,0.061284694,0,0.283892656,76,1,13648.99286,4.285714286
256,14.79166667,142.1964286,75.60119048,0,0,3.273809524,3.422619048,37.50947571,126.8992996,15.76428571,0,58.30357143,14.24404762,20014.08555,4.047140667,0.293595688,0.033983913,0.661324562,0.010746341,134,0,17003.01315,6.696428571
258,13.8206278,110.5381166,95.15695067,377.8161435,366.5470852,5.013452915,4.995515695,37.51769257,126.914299,15.25874439,0,59.28699552,14.33632287,13385.03252,7.209493532,0.562259398,0.209367258,0.028663814,0.199580088,59,2,18819.82517,10.00896861
259,13.06048387,140.8508065,126.3709677,489.0443548,480.2741935,7.822580645,8.201612903,37.51359177,126.9259338,15.18427419,0,60.34677419,14.41935484,14398.33903,2.258261891,0.685529072,0.124913597,0,0.186744539,105,2,17655.21666,16.02419355
2601,13.80168776,39.67932489,45.07594937,0,0,5.742616034,5.776371308,37.5067482,127.0988312,15.41814346,0,60.9631651,14.16455696,19227.75397,1.962008276,0.946499996,0.053044365,0,0,20,0,29713.35546,11.51898734
2603,14.46753247,106.0714286,124.1623377,535.6298701,515.5454545,2.525974026,2.603896104,37.48095322,127.1301041,15.98051948,0,58.61369797,13.96103896,16316.86694,3.757322109,0.79193882,0.020747092,0,0.177903596,73,1,22795.9614,5.12987013
2604,14.56906077,34.39226519,19.90055249,0,0,3.900552486,3.856353591,37.53131104,127.1112824,15.83922652,0,59.14643859,13.98895028,8311.724052,3.283738115,0.588113009,0,0,0.399837161,66,0,11895.72069,7.756906077
2605,13.59405941,11.62871287,1.841584158,154.1930693,177.9653465,4.257425743,4.03960396,37.47129822,127.1270905,15.58415842,0,62.39652958,14.19306931,1762.610044,4.258446648,0,0,0,0.30673931,55,2,5845.126683,8.297029703
2606,13.8907563,95.36554622,61.04621849,0,0,6.483193277,6.5,37.48173904,127.1432266,15.52142857,0,60.91798104,14.17226891,12593.88616,10.0982376,0.663324454,0.042156931,0,0.030309032,22,0,17942.57087,12.98319328
2608,12.98054475,132.9377432,122.5486381,2299.268482,2196.124514,15.12062257,15.07782101,37.5150528,127.1062698,15.30894942,0,61.88717699,14.38910506,19276.38877,2.270098863,0.592423454,0.407570074,0,0,39,2,38037.99846,30.19844358
2609,11.92,55.12,40.16,0,0,2.84,3.52,37.52048874,127.1352005,14.776,0,56.87349744,10.16,10397.52317,3.591425899,0.527454818,0,0,0.172942054,17,0,10699.53442,6.36
2611,14.67525773,8.541237113,10.33505155,0,0,5.891752577,6.81443299,37.53641891,127.1161652,15.93608247,0,58.43205987,14.37113402,14438.88539,2.841061411,0.710185336,0,0,0.289651566,43,0,13988.19309,12.70618557
2612,15.22222222,15.55555556,11.77777778,0,0,1.333333333,1.444444444,37.48871994,127.1098251,19.32222222,0,57.97709402,12.55555556,6823.619479,6.490052968,0.322887299,0.199915344,0,0.433378379,13,0,15242.08828,2.777777778
2614,14.96385542,68.37349398,53.34939759,0,0,1.879518072,1.831325301,37.50186157,127.1172333,15.44337349,0,59.89547575,13.68674699,24006.98321,3.002885419,0.999952106,0,0,0,27,0,22985.02792,3.710843373
2615,13.1625,88.09166667,68.3125,727.2,680.9083333,7.133333333,7.208333333,37.48834991,127.1207809,15.32,0,61.1468109,13.875,15889.84112,2.390755962,0.735755467,0.002807614,0,0.000868561,22,1,21503.6827,14.34166667
2616,14.96396396,165.8108108,84.5045045,0,0,1.810810811,1.810810811,37.49704742,127.1403503,15.54594595,0,59.40908755,13.55855856,18658.57009,6.160664255,0.999464107,0,0,0,27,0,21804.19761,3.621621622
2617,14.2037037,116.6111111,64.28703704,234.8888889,196.4259259,2.12037037,1.888888889,37.49618149,127.138031,15.65925926,0,61.17288105,14.12962963,18946.57154,3.910343038,1.000010355,0,0,0,32,1,20188.0894,4.009259259
2618,14.17592593,96.56018519,93.49074074,0,0,4.777777778,5.259259259,37.50471115,127.0875626,15.73194444,0,60.44903193,14.33333333,23933.98614,0.256701151,0.992299448,0,0,0.007713496,37,0,30033.61077,10.03703704
2619,13.71052632,86.79824561,79.5745614,0,0,5.00877193,5.407894737,37.50233841,127.0964432,15.56885965,0,60.20071862,14.14035088,19065.99712,1.55708427,0.999996117,0,0,0,25,0,21976.03495,10.41666667
262,13.09689922,130.624031,88.36821705,0,0,9.80620155,9.875968992,37.51992798,126.889183,15.07868217,0,60.51937984,14.17829457,14582.37068,0.371439966,0,0,0.999954695,0,109,0,20560.34231,19.68217054
2620,12.45756458,90.74538745,83.62361624,0,0,11.84132841,12.32841328,37.50997925,127.1123123,15.17232472,0,62.81687056,14.42066421,22544.76535,1.687744539,1.00045305,0,0,0,31,0,34966.01828,24.1697417
2621,14.43181818,48.69090909,31.99090909,229.7,216.7045455,9.340909091,9.295454545,37.51665878,127.1162567,15.80136364,0,59.43788578,14.45,10672.90372,7.951087777,0.481774454,0.088045698,0,0.430090532,30,1,18157.95472,18.63636364
2622,14.25431034,32.86637931,27.32758621,493.5948276,478.625,17.50862069,17.09482759,37.51625824,127.1305924,15.48836207,0,60.23648154,14.10344828,9837.173552,4.157816685,0.495411253,0,0,0.504793267,13,2,8880.051974,34.60344828
2623,13.07509881,154.715415,149.1027668,494.6482213,452.9090909,6.71541502,7.079051383,37.50362396,127.1035538,15.29525692,0,61.95834854,14.43873518,21542.00394,0.972329536,0.999540478,0,0,0,39,2,24392.48142,13.7944664
2625,14.90566038,30.43396226,31,0,0,2.273584906,2.405660377,37.4955368,127.1072006,15.9245283,0,57.77989598,13.38679245,18161.14364,1.520526773,0.46128107,0.332611043,0,0.206022456,12,0,14670.55843,4.679245283
2626,14.23428571,49.27428571,29.07428571,305.8571429,284.3314286,2.794285714,2.645714286,37.49569321,127.1238556,15.54514286,0,59.25318974,13.82857143,20616.3552,3.53804772,0.910604213,0.089386726,0,0,55,1,28967.70386,5.44
2627,15.67,47.16,26.83,0,0,2.39,1.8,37.4911232,127.135109,15.763,0,60.31593205,14.12,19329.76469,4.272218429,0.844523663,0,0,0.060254329,20,0,13973.91426,4.19
2628,12.68301887,123.3660377,74.48301887,664.3358491,624.7660377,5.569811321,5.513207547,37.48669815,127.1224442,15.21132075,0,62.50481422,14.41132075,15759.63687,2.348112142,0.685270186,0.002807614,0,0.002512485,37,1,21639.11972,11.08301887
263,13.73858921,84.18672199,24.46887967,0,0,8.244813278,8.585062241,37.51715088,126.8886261,15.22240664,0,58.98755187,13.80497925,14295.34689,0.492968641,0,0,0.907737055,0.095214241,76,0,17119.36376,16.82987552
2630,13.42424242,117.3679654,123.7272727,0,0,5.021645022,5.112554113,37.50786591,127.1169891,15.55627706,0,60.99901265,14.36363636,24034.6123,5.00732193,0.997356778,0,0,0,21,0,24999.23317,10.13419913
2631,14.07462687,40.23880597,42.82089552,0,0,2.746268657,2.746268657,37.49741364,127.0963059,15.87313433,0,58.93117489,13.70895522,17111.61558,7.894530002,0.496971038,0,0,0.503370691,9,0,13306.72162,5.492537313
2632,13.8,91.25531915,93.34468085,0,0,6.54893617,6.936170213,37.50264359,127.0973969,15.52042553,0,60.39678614,14.14468085,19254.7948,1.255847409,1.000002589,0,0,0,28,0,21907.42348,13.48510638
2633,14.45698925,49.12365591,33.72580645,0,0,3.225806452,3.016129032,37.47817993,127.1471024,15.56989247,0,59.17195065,14.15053763,7649.940395,3.94252005,0.327905797,0.010440856,0,0.015951236,8,0,11883.29344,6.241935484
2634,14.71969697,185.5833333,115,0,0,2.416666667,2.295454545,37.477211,127.1371765,15.69166667,0,58.4649087,13.5530303,10327.81059,7.437788909,0.633987537,0.004890349,0,0.177495851,34,0,14870.50188,4.712121212
2635,13.86266094,112.1030043,110.3476395,633.3390558,596.8583691,6.424892704,5.896995708,37.51129532,127.0867386,15.52103004,0,60.63452625,14.28755365,26201.08019,2.705729049,0.959514175,0.040465114,0,0,36,1,32816.40886,12.32188841
2637,13.38235294,103.5882353,130.8697479,576.2773109,566.1008403,5.739495798,5.794117647,37.51146317,127.0788117,15.52142857,0,60.90547727,13.90336134,13921.79762,9.264979863,0.761364431,0.065767298,0,0.172846266,29,2,26126.39729,11.53361345
2639,13.19920319,135.7888446,126.8047809,500.3306773,455.5338645,8.71314741,8.565737052,37.50550461,127.106575,15.30119522,0,61.35247676,14.19521912,22713.82975,1.398686472,0.998863492,0,0,0,39,2,29812.73229,17.27888446
264,13.88584475,151.6210046,116.5114155,0,0,3.894977169,3.817351598,37.52193069,126.8916168,15.30410959,0,58.91324201,13.38812785,15456.101,0.879338749,0,0,0.998735344,0,134,0,21837.62345,7.712328767
2641,12.57089552,129.641791,112.9029851,228.3320896,221.0708955,6.917910448,7.134328358,37.50004959,127.1115112,15.14738806,0,62.79295781,14.44402985,25122.03129,2.323740567,0.917121658,0.050806299,0,0.032038388,40,1,20091.34167,14.05223881
2642,14.9494382,129.2696629,49.37640449,0,0,3.061797753,3.494382022,37.50149536,127.1477814,16.03033708,0,58.24765485,14.14606742,14564.15988,7.191909885,0.599014681,0,0,0.210291479,18,0,13449.3783,6.556179775
2643,15.56140351,70.40350877,64.29824561,0,0,1.842105263,1.789473684,37.52515793,127.1169434,15.58947368,0,57.72328835,13.54385965,10780.67774,8.137954044,0.526913747,0,0,0.473083664,62,0,9689.280825,3.631578947
2644,14.58910891,127.0544554,51.11881188,233.3564356,219.8366337,3.856435644,3.846534653,37.50166702,127.1377411,15.75643564,0,59.90956588,14.34158416,17469.28008,5.3872322,0.966735789,0,0,0.023496457,34,1,17163.49854,7.702970297
2645,15.96376812,27.44927536,21.97826087,0,0,2.565217391,2.717391304,37.51621246,127.084343,16.42681159,0,58.31897157,14.2826087,16622.03744,2.333232784,0.519135529,0,0,0.480864471,11,0,12707.97605,5.282608696
2646,13.13385827,109.3228346,102.5275591,0,0,6.799212598,7.464566929,37.50775909,127.0912933,15.35275591,0,61.89772714,14.50393701,26212.45772,4.590363813,0.963326266,0.036686679,0,0,57,0,33548.95548,14.26377953
2647,14.31838565,235.1165919,252.3901345,2585.762332,2438.488789,8.201793722,8.417040359,37.51156998,127.1010742,15.67040359,0,60.22645395,14.32286996,19270.4188,1.004960504,0.632175338,0.367526944,0,0,45,2,44573.82702,16.61883408
2648,15.26470588,24.12352941,18.25294118,0,0,3.323529412,3.735294118,37.49469757,127.1046448,16.29294118,0,58.66484163,14.85882353,15346.41925,3.311034454,0.382112558,0.195538883,0,0.417142369,12,0,15227.00547,7.058823529
2649,15.32307692,74.4,26.15384615,0,0,1.876923077,1.415384615,37.50544357,127.1323319,16.53846154,0,60.51317949,12.93846154,17872.55727,4.121389788,0.951490016,0,0,0.024016817,20,0,16847.32068,3.292307692
265,13.57709251,103.6431718,89.72687225,1472.488987,1394.656388,4.418502203,4.13215859,37.52113342,126.8965378,15.38017621,0,60.02643172,14.33480176,15931.95371,0.442616547,0.047420076,0,0.95049719,0,104,3,23064.2198,8.550660793
2650,13.325,138.2875,146.375,0,0,2.775,2.45,37.47854996,127.1381378,15.46375,0,61.7723734,13.8875,12059.29277,5.945550108,0.695951806,0.020880418,0,0.198547134,36,0,18711.51183,5.225
2651,14.14720812,46.82233503,35.41116751,284.8172589,263.9187817,3.512690355,3.670050761,37.49577332,127.1245804,15.62385787,0,60.83780424,14.1319797,20626.75382,3.483976759,0.925103101,0.074881366,0,0,48,1,28063.95478,7.182741117
2652,15.00625,33.7,11.95,0,0,2.74375,2.90625,37.50883102,127.1342621,15.853125,0,59.8466234,13.95,15190.62226,2.435149165,0.673465003,0,0,0.301287179,13,0,11061.48261,5.65
2653,14.71282051,50.96410256,31.58974359,799.4051282,754.1384615,3.882051282,4,37.51202011,127.1286469,15.87076923,0,59.94751414,14.47692308,14912.97375,1.684257154,0.782362642,0,0,0.216912479,22,3,16687.14272,7.882051282
2654,14.90825688,18.95412844,10.03669725,0,0,2.275229358,2.128440367,37.50997543,127.1336975,16.22568807,0,59.20695719,13.13761468,15084.49786,2.159588228,0.68790823,0,0,0.290916222,9,0,9984.142391,4.403669725
2655,14.08208955,19.23880597,14.62686567,0,0,2.753731343,2.567164179,37.50057983,127.1188431,15.94253731,0,60.04775258,14.10447761,23710.34312,4.171838526,0.999994822,0,0,0,26,0,23029.34817,5.320895522
2656,14.9375,75.53409091,68.06818182,0,0,3.568181818,3.8125,37.52480316,127.1146393,15.67443182,0,57.6057095,13.57386364,11245.26178,3.705098483,0.63905134,0,0,0.360944777,78,0,11596.00915,7.380681818
2657,14.81935484,39.58709677,7.058064516,0,0,2.477419355,2.8,37.47916031,127.1321945,16.31225806,0,58.72674773,14.10322581,14531.79377,4.415485643,0.658261946,0,0,0.264073668,44,0,15363.8021,5.277419355
2658,12.69396552,85.47844828,80.13362069,464.3189655,432.9913793,3.668103448,3.560344828,37.49535751,127.1156921,15.10517241,0,63.04127597,14.05172414,19491.43014,3.300498874,0.504901999,0.451534027,0,0.04356268,39,2,23877.53856,7.228448276
2659,14.5483871,25.16129032,36.29032258,0,0,1.516129032,1.64516129,37.49416733,127.1045303,16.16129032,0,59.59270471,12.77419355,14140.98793,3.311034454,0.363472795,0.200149636,0,0.428401304,12,0,15407.92984,3.161290323
266,12.96280992,224.177686,186.8801653,329.2355372,324.1239669,3.79338843,3.685950413,37.52029419,126.9011917,14.9838843,0,60.62809917,14.45041322,16298.13827,1.644874305,0.17270129,0.112914249,0.713137926,0,74,1,26288.15006,7.479338843
267,13.38461538,109.2222222,88.25213675,1095.17094,1033.935897,4.504273504,4.324786325,37.53596115,126.8983002,15.39529915,0,59.94871795,14.67521368,12977.85469,7.374621609,0.200602686,0.073124827,0.546897127,0.175266846,107,3,21255.05318,8.829059829
268,12.76603774,116.1849057,80.10188679,786.1245283,732.4603774,6.822641509,6.667924528,37.53471756,126.9000015,15.10113208,0,60.92075472,14.56226415,13835.81805,7.374621609,0.199609859,0.086910485,0.558420125,0.150923833,93,2,21747.85968,13.49056604
270,13.69318182,471.0170455,422.7556818,2142.142045,2081.505682,5.272727273,4.835227273,37.52234268,126.9271011,15.55113636,0,57.41477273,13.32954545,8604.196279,1.100928617,0.15445115,0.84451978,0,0.001025187,79,2,38529.00318,10.10795455
2701,13.66390041,25.71369295,11.75103734,786.8423237,803.9128631,22.33609959,22.4813278,37.56520081,126.8273163,14.48672199,0,60.7494409,14.10788382,10422.17086,2.283826507,0.153708148,0.186532253,0.24376021,0.192235503,20,2,13447.44726,44.81742739
2702,14.19704433,48.37931034,42.20689655,243.1182266,245.270936,5.162561576,4.97044335,37.56917953,126.8194428,14.75862069,0,59.15597575,13.89655172,19117.58934,2.498301758,0.782952901,0.025152031,0,0.02383042,86,1,18554.41184,10.13300493
2703,14.11695906,212.1520468,161.7017544,523.374269,456.1520468,3.514619883,2.906432749,37.54748535,126.8720245,14.63567251,0,61.63908007,14.93567251,28381.52674,18.07843688,0.76291645,0,0.232028809,0.00510393,115,1,26568.61886,6.421052632
2704,14.23144105,202.6550218,171.1877729,734.8777293,705.1441048,8.135371179,8.759825328,37.55852127,126.8540115,14.69170306,0,59.73273486,13.93449782,20981.15573,1.870185585,0.428917781,0.056150992,0.376807992,0.130343722,177,1,24556.41539,16.89519651
2706,13.82183908,61.25287356,43.68390805,236.9885057,236.4195402,3.32183908,3.16091954,37.57631683,126.8164978,14.8954023,0,59.86876216,13.93103448,17084.89075,13.52311956,0.768469546,0,0,0.224228586,140,1,16612.70564,6.482758621
2707,14.75879397,55.57286432,45.02512563,346.9095477,355.3467337,4,3.884422111,37.57036972,126.8444138,14.88040201,0,59.26701649,14.1959799,9257.34814,8.575825624,0.343857033,0.026926691,0.372316327,0.254890996,74,1,11210.89382,7.884422111
2708,13.89915966,79.78151261,60.5210084,0,0,8.449579832,8.701680672,37.56468201,126.8489075,14.54705882,0,60.45760989,13.88235294,17563.00291,6.133527325,0.600046341,0.025304773,0.350396483,0.024226515,137,0,19939.27188,17.1512605
2709,14.41397849,59.1344086,42.07526882,778.0645161,711.8387097,3.424731183,3.489247312,37.56458664,126.8569183,15.05537634,0,59.16842156,13.85483871,14644.15595,4.340192479,0.442242622,0.018343339,0.107370214,0.431272345,84,1,16441.88158,6.913978495
271,15.42857143,210.8190476,168.8952381,2407.438095,3126.885714,3.00952381,2.104761905,37.51896286,126.9216156,16.18,0,56.9047619,14.46666667,11644.92974,1.410493249,0.41225202,0.346228425,0,0.241498844,48,4,17530.88392,5.114285714
2710,14.77325581,46.05813953,27.02325581,347.3430233,337.9825581,3.197674419,2.953488372,37.57131958,126.8416672,15.11337209,0,57.75287418,13.5755814,7509.017139,27.63014658,0.247049351,0.032444838,0.334018086,0.286819357,89,1,8952.090597,6.151162791
2711,13.10964912,179.3552632,130.4429825,0,0,3.464912281,4.149122807,37.53736115,126.8374481,14.27368421,0,61.89328554,14.78947368,30299.84731,6.482389233,0.97383961,0.024885378,0,0,50,0,24803.06023,7.614035088
2712,13.95901639,83.25409836,55.87704918,725.9836066,533.5983607,3.295081967,1.729508197,37.53835678,126.8423615,14.34344262,0,61.0860309,14.45081967,29901.79603,8.014554953,0.933189393,0.065619733,0,0,52,1,25982.25118,5.024590164
2713,13.71428571,168.8660714,174.59375,0,0,5.419642857,5.486607143,37.54853439,126.8466721,14.40178571,0,61.27983803,14.35714286,22819.10009,11.5565273,0.886812626,0.113007448,0,0,135,0,17811.78476,10.90625
2715,12.88636364,16.90530303,9.685606061,724.7121212,738.6666667,31.82575758,31.79166667,37.56692505,126.8274384,14.15151515,0,62.05119901,14.42045455,10654.97636,1.850354006,0.178086111,0.176342516,0.240506018,0.224038305,26,2,13752.10127,63.61742424
2716,13.60240964,19.30120482,5.939759036,911.4939759,1087.987952,3.469879518,2.759036145,37.57094193,126.8283157,14.20963855,0,60.42965863,12.6746988,10102.63954,1.767942478,0.096854281,0.139459084,0.211398215,0.345693826,33,2,11844.18003,6.228915663
2717,13.89177489,64.3030303,75.94805195,639.8614719,611.8398268,11.83982684,12.5974026,37.56133652,126.8339005,14.704329,0,60.62889333,14.32900433,10455.0772,4.228436024,0.100900663,0.197230701,0.535862128,0.070296502,39,1,15537.80169,24.43722944
2718,14.16666667,85.95714286,65.29047619,0,0,5.228571429,5.147619048,37.55519104,126.8314667,14.68714286,0,60.57366422,13.80952381,17681.35506,2.757879014,0.595001955,0.065129145,0.095659524,0.088995809,82,0,15552.9218,10.37619048
2719,14.06635071,67.54976303,55.51658768,339.7488152,335.4834123,10.18009479,11.96208531,37.56121063,126.8303452,14.96587678,0,59.10084336,13.97630332,10098.66037,1.273135642,0.075314999,0.193570058,0.417983747,0.098490438,22,1,11896.91366,22.14218009
272,12.74444444,76.41481481,64.43333333,779.2,728.9259259,13.54444444,14.16666667,37.53533936,126.9036789,15.00888889,0,60.83703704,14.31111111,12814.7362,6.108385811,0.223470051,0.110460014,0.207615897,0.458015228,66,2,16819.86407,27.71111111
2720,13.6090535,69.21399177,52.03703704,313,307.090535,8.633744856,8.724279835,37.55965805,126.8296051,14.45925926,0,60.80745278,14.45679012,10678.17992,1.273135642,0.195380963,0.194575829,0.350818467,0,28,1,11868.87525,17.35802469
2721,13.2421875,52.125,46.171875,0,0,10.8046875,11.14453125,37.56320572,126.8393631,14.14726563,0,61.6206886,14.03125,11031.57019,0.801224743,0.504074859,0.06982533,0.346967544,0.025566248,133,0,27673.40142,21.94921875
2723,13.124,113.096,98.32,600.436,571.724,7.092,7.596,37.56089401,126.8366928,14.3904,0,61.62901026,14.656,10775.90727,2.099133888,0.378180086,0.150662359,0.388913483,0.017278025,126,1,21901.67458,14.688
2724,14.5804878,47.33170732,26.90243902,360.3268293,356.9853659,4.868292683,4.492682927,37.56848526,126.8385696,14.78780488,0,59.20901626,13.31219512,7323.35341,15.16721512,0.134803027,0.04075636,0.508538047,0.168678208,106,1,14363.55589,9.36097561
2725,14.71341463,15.17073171,5.652439024,0,0,4.201219512,3.652439024,37.56883621,126.8356323,15.17743902,0,56.55243355,12.95731707,7507.316939,5.563307581,0.003597215,0.036640079,0.389600824,0.357927465,62,0,10904.7236,7.853658537
2727,13.86470588,28.65294118,10.71764706,920.8,963.0176471,8.470588235,9.588235294,37.5639267,126.8306427,15.10647059,0,57.79500377,12.88823529,10033.28354,2.283826507,0.005213956,0.132483412,0.452981197,0.267949186,16,2,13083.82243,18.05882353
2728,13.60483871,17.52822581,10.2983871,769.8104839,785.483871,20.30645161,19.67741935,37.56580353,126.8280792,14.33629032,0,61.11783085,14.27016129,10390.47046,2.188655625,0.113721972,0.17435298,0.269430012,0.254815919,17,2,13312.14074,39.98387097
2729,14.3254717,24.66509434,12.83018868,813.9764151,850.1037736,5.330188679,5.193396226,37.56948471,126.8280945,14.71792453,0,59.09842707,13.93396226,10805.19232,2.399559067,0.130932687,0.168737751,0.211398215,0.294613108,50,2,13294.1726,10.52358491
2730,13.74222222,113.9511111,98.08,638.2888889,615.08,5.955555556,6,37.55912781,126.8349533,14.78488889,0,59.96604957,14.23111111,12874.07523,1.952151627,0.295860937,0.189203953,0.3341773,0.009257749,92,1,15271.28642,11.95555556
2731,14.36601307,116.5620915,121.254902,787.0784314,719.3986928,3.77124183,5.464052288,37.55524063,126.8347168,14.9254902,0,58.69994386,13.2875817,20185.36815,11.43039646,0.628682971,0.065491585,0.079864913,0.067262362,124,1,14059.12913,9.235294118
2732,14.39108911,66.50990099,42.02970297,0,0,4.47029703,4.113861386,37.5553093,126.8298569,14.92524752,0,59.21001523,13.8019802,16242.47841,2.757879014,0.584080866,0.071017498,0.090696687,0.094824618,75,0,15408.98655,8.584158416
2733,13.41632653,13.40816327,5.951020408,0,0,9.644897959,9.281632653,37.5586319,126.8199158,14.36530612,0,61.20870591,14.08163265,15037.66991,1.581046986,0.609282084,0.098209547,0,0.038449689,33,0,15913.79473,18.92653061
2735,14.22222222,33.82828283,25.73737374,359.5,354.3535354,4.606060606,4.121212121,37.56229401,126.8239517,14.87727273,0,58.58578866,13.38383838,11634.1821,2.150381485,0.416372184,0.124200367,0.087179726,0.008501803,32,1,15936.21046,8.727272727
2737,12.16479401,106.7865169,58.50187266,650.0262172,617.0187266,4.093632959,4.355805243,37.53158951,126.8466415,13.87153558,0,63.78881542,14.67041199,31162.98094,11.04087417,0.823405071,0.176897826,0,0,61,1,44090.70998,8.449438202
2739,13.83050847,67.22457627,28.01271186,0,0,8.995762712,9.122881356,37.55363083,126.8286133,14.59915254,0,60.56378042,14.00423729,17117.5899,4.103658589,0.664638298,0.048860774,0.030371164,0.169708572,100,0,17748.45298,18.11864407
2740,14.60773481,17.72375691,1.867403315,0,0,6.480662983,5.629834254,37.57297516,126.8324432,14.79337017,0,59.10560773,13.02209945,6419.242374,13.13375522,0,0.015788138,0.125169894,0.453149473,68,0,6230.12769,12.11049724
2741,14.24873096,80.5786802,36.33502538,0,0,4.609137056,3.862944162,37.55061722,126.8268814,14.97664975,0,59.44318365,13.47208122,16171.29571,6.249694459,0.541724592,0.035189025,0,0.416963738,144,0,14960.68621,8.472081218
2742,13.48847926,174.0046083,124.0875576,722.2857143,741.2672811,4.801843318,4.861751152,37.55990601,126.8504257,14.43410138,0,60.84181378,13.74654378,21413.53645,2.250569764,0.639517334,0.047095174,0.189216897,0.122186237,220,1,24130.75164,9.66359447
2743,14.86821705,39.5503876,22.10852713,319.9922481,345.0930233,2.744186047,2.968992248,37.57204437,126.8440018,16.14341085,0,56.92575532,14.27131783,7739.606767,8.575825624,0.290230175,0.001830321,0.233813825,0.470119424,45,1,8056.204592,5.713178295
2744,13.85470085,13.9017094,7.799145299,321.9230769,316.0982906,6.888888889,7.02991453,37.56209183,126.8209686,14.5034188,0,60.93234933,14.3974359,15348.39841,3.508427296,0.558161239,0.048168255,0,0.027941523,31,1,15979.71703,13.91880342
2745,14.92356688,80.4522293,51.70700637,0,0,3.859872611,3.74522293,37.5525589,126.8231125,15.65350318,0,57.88520578,13.98089172,13287.81503,4.103658589,0.490476893,0.312955153,0,0.182969987,133,0,10679.10768,7.605095541
2746,14.47878788,69.79393939,39.43030303,0,0,4.557575758,4.818181818,37.55134964,126.8249359,15.06121212,0,58.17746931,13.52121212,15480.84523,4.343401805,0.484218334,0.177156711,0,0.331644105,124,0,12306.65874,9.375757576
275,13.40329218,113.7283951,87,0,0,6.465020576,6.637860082,37.52269745,126.8856812,15.15679012,0,59.4526749,13.7037037,13931.41191,4.395070013,0,0,0.876530985,0.123316273,100,0,20493.3873,13.10288066
276,13.184,92.272,82.704,341.588,329.9,7.18,7.496,37.51828384,126.9126358,15.1248,0,60.444,14.532,13125.29749,2.266082595,0.531437773,0.26164791,0.049662025,0.157147443,57,2,19183.52293,14.676
278,12.984,112.656,78.896,1295.44,1206.888,5.436,5.304,37.50793076,126.8952332,15.0352,0,60.644,14.056,19780.04982,28.35441212,0.247049351,0.043284378,0.503699475,0.204672367,146,2,18857.79204,10.74
279,13.81140351,204.3552632,186.0438596,1311.942982,1334.188596,4.131578947,3.793859649,37.51322937,126.9044647,15.34692982,0,59.81578947,14.77192982,15569.80411,4.385263899,0.330450642,0.129583893,0.535964388,0.003702064,96,1,20260.90197,7.925438596
280,13.9004329,60.68831169,41.12121212,0,0,6.060606061,5.926406926,37.53210068,126.8944397,15.13116883,0,58.80952381,13.64069264,14971.0959,6.749277743,0.005070274,0.002311848,0.859436768,0.132787602,110,0,20072.45912,11.98701299
2801,14.12299465,105.2032086,91.47593583,0,0,7.28342246,6.22459893,37.48437119,126.8954239,15.23048128,0,63.17647059,12.64705882,18863.12594,2.207919714,0.177335342,0.004921415,0.817587911,0,85,0,34372.81321,13.50802139
2804,14.29508197,42.44262295,24.03278689,0,0,1.62295082,1.786885246,37.47737503,126.820015,16.46721311,0,60.3442623,14.18032787,3655.199574,16.99071254,0.011176091,0,0,0.006373763,40,0,3767.273187,3.409836066
2805,15.51428571,98.37142857,32.88571429,0,0,1.714285714,1.514285714,37.48250961,126.8257599,16.72,0,58.22857143,16.2,6984.373887,8.860227143,0.076595188,0,0,0.532408594,70,0,4650.55864,3.228571429
2806,14.46153846,70.07692308,21.69230769,0,0,2.230769231,1.384615385,37.48259735,126.8264542,15.83846154,0,61,14.30769231,7168.53474,15.85942639,0.055067556,0,0,0.610465192,61,0,4337.058912,3.615384615
2807,15.71111111,99.11111111,25.64444444,0,0,1.466666667,1.533333333,37.48062897,126.8218155,16.65555556,0,60.75555556,14.86666667,5360.44732,7.43846059,0.049633547,0,0,0.105198164,68,0,5066.740423,3
2808,15.82926829,99.3902439,22.92682927,0,0,1.609756098,1.56097561,37.48080826,126.821907,16.44146341,0,60.34146341,14.92682927,5391.279185,7.43846059,0.055318675,0,0,0.118336608,68,0,4980.855835,3.170731707
2809,15.21875,94.21875,48.125,0,0,1.53125,1.75,37.47790527,126.8231125,15.68125,0,65.09375,12.9375,5134.155662,6.654152784,0.011176091,0,0,0.108321619,53,0,4514.411994,3.28125
281,13.59259259,115.8783069,75.51322751,0,0,3,3.042328042,37.49824142,126.8939819,14.96137566,0,65.82010582,13.06878307,18121.003,4.426937015,0.783632476,0.214595452,0,5.18E-06,150,0,23078.22402,6.042328042
2810,16.08695652,85.60869565,31.52173913,0,0,1.304347826,1.391304348,37.47793961,126.8232727,15.36956522,0,60.52173913,13,5219.540015,6.654152784,0.011176091,0,0,0.119017477,53,0,4508.441556,2.695652174
2812,14.86792453,92.29245283,35.62264151,0,0,2.056603774,2.150943396,37.4798317,126.8227539,16.04339623,0,60.77358491,12.24528302,5891.618179,7.43846059,0.016835331,0,0,0.14574871,68,0,4945.328998,4.20754717
2813,12.57142857,82.71428571,75.85714286,0,0,1.142857143,1,37.47937012,126.82547,13.27142857,0,63.28571429,8.285714286,6992.028191,14.67912666,0.011176091,0,0,0.370835502,49,0,4354.006343,2.142857143
2814,15.97674419,98.6744186,28.41860465,0,0,1.441860465,1.860465116,37.47934341,126.8256378,14.70930233,0,61.79069767,11.93023256,7038.177899,14.67912666,0.011176091,0,0,0.380565717,49,0,4819.560578,3.302325581
2815,14.79220779,11.4025974,9.558441558,0,0,2.350649351,1.87012987,37.47603607,126.8165894,14.78831169,0,61.07792208,10.71428571,2128.507785,16.99071254,0.00179796,0,0,0,7,0,1970.645913,4.220779221
2816,15.88888889,11,10.94444444,0,0,1.333333333,1.277777778,37.47473145,126.817009,15.57222222,0,58.61111111,8.722222222,1697.330883,8.84373291,0.001350088,0,0,0,7,0,1723.662689,2.611111111
2817,17.09259259,102.2777778,24.48148148,0,0,1.759259259,1.592592593,37.47989655,126.8403702,16.45185185,0,60.31481481,13.61111111,8087.426428,11.30598883,0.337377126,0,0,0.577704513,82,0,9862.852869,3.351851852
2818,14.7,101.56,36.16,314.58,289.78,2.58,1.4,37.48223877,126.8385315,14.37,0,63.2,12.84,9412.620718,14.82853773,0.387172477,0,0,0.462821439,105,1,12913.71149,3.98
2819,13.96103896,80.59090909,40.47402597,246.3571429,267.3376623,2.584415584,3.344155844,37.48366547,126.8416138,15.13766234,0,63.90909091,12.7987013,10110.92236,24.01504623,0.326089714,0,0,0.33926958,121,1,14324.75102,5.928571429
282,14.02238806,222.7164179,182.6119403,1801.171642,1576.477612,2.328358209,2.164179104,37.48752975,126.9048767,15.37686567,0,59.44029851,14.25373134,20227.62876,1.860662605,0.937050672,0.056526377,0.002041313,0,96,1,20349.23847,4.492537313
2820,14.38016529,163.9256198,128.5619835,0,0,3.20661157,2.73553719,37.49396515,126.8530426,15.24380165,0,65.19834711,13.51239669,19943.27401,6.461399469,0.694591362,0.002518957,0.220740102,0.079471407,181,0,22548.54188,5.94214876
2821,13.49751244,233.5621891,193.5721393,0,0,3.592039801,3.786069652,37.50119019,126.863533,14.99701493,0,65.73631841,12.63681592,19181.10339,10.90201839,0.324096295,0,0.64071468,0.035169609,124,0,17182.24026,7.378109453
2823,13.61111111,71.01851852,48.62037037,409.8703704,360.0833333,4.740740741,3.796296296,37.49981308,126.8743134,16.42777778,0,59.7037037,12.41666667,9780.963902,4.828921788,0.007420956,0,0.719998395,0.272154783,47,1,13608.26789,8.537037037
2824,13.41841004,107.5523013,83.33891213,1338.76569,1235.799163,7.447698745,7.418410042,37.51006317,126.8895645,15.05983264,0,65.54811715,13.34728033,20317.83127,7.626512312,0.352175027,0.088999692,0.271929552,0.292019075,116,2,23051.45741,14.86610879
2825,14.77966102,141.2033898,85.52542373,0,0,1.593220339,1.762711864,37.49545288,126.880394,16.14915254,0,65.33898305,14.86440678,14770.31396,6.607755729,0.508294695,0,0.488299665,0,69,0,17557.06535,3.355932203
2826,14.35779817,218.0642202,184.5321101,0,0,2.091743119,2.174311927,37.48864746,126.8804703,15.92293578,0,63.11009174,14.44954128,15453.75062,16.17525803,0.478956484,0,0.482617126,0,83,0,14682.10706,4.266055046
283,12.90909091,290.4393939,244.3977273,319.2272727,311.4393939,7.708333333,8.083333333,37.52251816,126.9072189,14.94621212,0,60.55681818,14.39393939,19572.9833,4.29902329,0.541938173,0.27334954,0.184923279,0,83,1,21395.48954,15.79166667
284,14.00869565,415.3652174,445.3086957,0,0,5.569565217,5.334782609,37.51821136,126.9022293,15.32217391,0,60.04782609,14.63043478,13867.47703,0.487206838,0.166679611,0.259474566,0.572556573,0,115,0,28450.78563,10.90434783
285,14.22818792,88.4966443,67.34228188,0,0,2.738255034,2.697986577,37.49985886,126.8972397,15.39261745,0,58.65100671,14.34228188,18916.81439,1.450739519,0.942805699,0.051878086,0.000239469,0.003337035,115,0,18245.25486,5.436241611
286,13.20093458,92.30373832,79.97663551,981.6261682,876.5514019,3.051401869,3.08411215,37.49457169,126.8997498,15.20560748,0,59.37383178,14.01401869,19677.34557,2.016892222,0.99984208,0,0,0,109,2,24979.92075,6.135514019
287,13.48178138,139.4736842,157.9311741,336.3441296,326.9271255,5.380566802,5.5951417,37.52576828,126.9057388,15.1757085,0,59.97165992,14.2145749,23840.9251,2.202820656,0.408652216,0.212004008,0.366680388,0.007903777,44,1,33599.48486,10.9757085
288,14.30456853,78.68020305,78.56852792,891.9492386,850,3.558375635,3.421319797,37.52809906,126.8933868,15.27563452,0,57.76649746,13.49746193,16285.40951,5.091432346,0,0,0.951998726,0.049245219,96,2,22664.03208,6.979695431
289,13.98156682,76.59447005,47.75115207,0,0,3.105990783,3.244239631,37.49980927,126.8980026,15.359447,0,59.13824885,14.21658986,19155.99016,1.450739519,0.988988301,0.008877187,0.000490588,0,108,0,18120.62733,6.350230415
290,13.67948718,92.04273504,79.24786325,0,0,5.333333333,5.153846154,37.5315094,126.8978272,15.22521368,0,59.24786325,13.79487179,15360.26195,1.286697701,0.041182227,0.053195813,0.901611822,0,141,0,26038.87992,10.48717949
2901,14.296875,93.796875,76.35416667,0,0,3.453125,3.776041667,37.62981415,127.0665054,13.478125,0,65.86458333,15.94791667,22594.18104,3.998438624,0.69709608,0.043149758,0,0.259746396,107,0,17965.6861,7.229166667
2902,14.91194969,75.54716981,56.98742138,0,0,3.044025157,3.377358491,37.62862015,127.0669098,13.79433962,0,63.93710692,15.48427673,21752.00263,3.998438624,0.678259564,0.049409611,0,0.272667376,75,0,16974.50177,6.421383648
2903,15.86904762,90.26190476,27.51190476,0,0,1.785714286,2.178571429,37.63372803,127.0443649,14.27380952,0,65.07142857,17.45238095,14677.03062,10.92225722,0.401082401,0,0,0.580670048,81,0,7955.798458,3.964285714
2904,14.77173913,289.9076087,206.8097826,0,0,3.309782609,3.043478261,37.65050507,127.0739822,13.47554348,0,66.45652174,15.73913043,28771.17207,3.481090805,0.92968926,0.007828701,0,0.062474273,68,0,32656.84844,6.35326087
2907,14.75,154.85,109.7,0,0,2.95,1.3,37.63074875,127.0531082,15.205,0,54.9,14.65,10138.32898,15.68872552,0.56617116,0,0,0.43151052,137,0,9591.20466,4.25
2908,13.56410256,110.3205128,95.86752137,275.0042735,245.9273504,4.269230769,4.260683761,37.62000275,127.0585632,12.78076923,0,68.15384615,15.55982906,18114.54184,14.02965835,0.82864621,0.067637747,0,0.10213037,103,1,17562.15922,8.52991453
2909,13,49.45867769,45.73553719,503.8471074,458.946281,3.805785124,3.789256198,37.61545944,127.0674515,12.59669421,0,69.2107438,15.60743802,21736.8938,3.838795588,0.742028265,0.092057131,0,0.16316265,139,2,18352.8316,7.595041322
291,13.88340807,114.2107623,69.15695067,0,0,7.847533632,7.686098655,37.51412964,126.8993912,15.37757848,0,59.32286996,13.9955157,14355.65377,5.851257104,0.024262759,0.116414383,0.859167527,0,66,0,20423.50082,15.53363229
2910,12.78682171,75.8255814,38.37209302,744.8333333,719.5620155,5.798449612,5.980620155,37.62186432,127.0740509,12.45155039,0,70.14728682,15.89147287,23262.55253,2.783814703,0.793950361,0.050300178,0,0.155706745,129,3,24361.64573,11.77906977
2911,14.71782178,50.45544554,26.31683168,544.2227723,489.9158416,3.435643564,3.420792079,37.6588707,127.0719147,13.5,0,65.31683168,15.41584158,27613.58689,3.520639749,0.986179392,0,0,0.013788247,92,1,28816.21578,6.856435644
2912,13.1991342,109.5584416,86.88311688,0,0,4.181818182,4.086580087,37.63815689,127.0732651,12.52857143,0,69.76190476,16.03030303,14326.27358,5.070054999,0.863602238,0.009840242,0,0.125951728,60,0,17226.69909,8.268398268
2913,13.69266055,38.70183486,21.26146789,0,0,4.633027523,4.701834862,37.66700363,127.0510559,13.22293578,0,67.20183486,15.78899083,22780.41178,1.349045405,0.700613041,0.009177495,0.055145222,0.227917705,86,0,17756.68072,9.334862385
2914,14.54054054,143.0202703,92.11486486,0,0,4.027027027,4.445945946,37.62950897,127.0810394,14.11216216,0,62.31756757,14.91891892,13310.25868,4.966215499,0.814905856,0,0,0.188603338,62,0,14427.57882,8.472972973
2915,13.82051282,39.2991453,35.28632479,0,0,8.299145299,7.730769231,37.63489914,127.0776749,12.92478632,0,67.74358974,15.86752137,8330.447331,7.359490528,0.827385437,0,0,0.172363444,12,0,8780.375663,16.02991453
2917,14.0982659,115.9132948,77.84393064,0,0,2.861271676,3.150289017,37.62807083,127.0469208,13.52890173,0,65.52023121,16.17919075,14012.78674,10.26783042,0.650751674,0,0,0.336700141,146,0,12711.35906,6.011560694
2919,13.224,115.752,95.06,433.128,447.972,8.124,8.056,37.64020538,127.0676193,12.6376,0,68.896,15.676,22268.73508,2.321541889,0.886240489,0.043312855,0,0.070445361,111,1,29159.03284,16.18
292,14.25125628,140.9095477,87.64321608,0,0,3.507537688,3.773869347,37.51012039,126.904068,15.69547739,0,58.24120603,14.51256281,20636.44753,8.847095083,0.577758879,0.000581198,0.421354438,0,139,0,17791.99671,7.281407035
2920,14.81699346,113.372549,65.1503268,0,0,2.725490196,2.607843137,37.65103531,127.0687103,13.17385621,0,68.78431373,16.5751634,24752.64836,1.607476972,0.883438053,0,0,0.11655677,64,0,25240.8462,5.333333333
2921,12.93700787,72.63779528,56.4015748,376.2952756,408.2007874,6.791338583,7.090551181,37.64548874,127.0645828,12.69527559,0,69.62598425,15.94488189,22924.16652,1.10675201,0.857300962,0,0,0.142699038,113,1,24310.2858,13.88188976
293,13.07171315,84.92430279,100.0557769,0,0,8.466135458,8.342629482,37.52917099,126.9075775,15.0940239,0,60.44621514,14.30278884,17935.59256,4.056104637,0.319401405,0.238018127,0.207570592,0.231068343,54,0,29371.48589,16.80876494
295,14.32307692,188.4923077,145.8307692,1684.938462,1658.630769,1.707692308,1.661538462,37.51481247,126.911705,15.85384615,0,58.52307692,14,14553.14634,1.952549762,0.667298348,0.159843737,0.091470755,0.07984938,81,1,21931.00062,3.369230769
296,13.59482759,131.3275862,143.5517241,348.5560345,342.637931,5.11637931,5.107758621,37.52630234,126.9053803,15.10862069,0,58.89655172,13.43534483,23339.60197,5.430308355,0.372035436,0.210519299,0.408746709,0.00358686,48,1,34129.63045,10.22413793
297,15.46296296,93.94444444,206.1111111,575.1481481,1048.222222,2.277777778,1.648148148,37.52863693,126.912674,15.65185185,0,55.40740741,12.94444444,8594.025233,4.559634881,0.194873547,0.524165676,0,0.280954304,34,1,9883.013175,3.925925926
298,14.84070796,97.43362832,168.5486726,921.380531,856.920354,4.292035398,2.353982301,37.52750778,126.914299,14.8460177,0,56.91150442,12.33628319,5987.11568,4.00033863,0.132379858,0.597895001,0,0.269723847,36,1,9651.92552,6.646017699
299,16.53932584,118.5280899,187.1235955,0,0,3.235955056,3.08988764,37.53179169,126.9224548,16.89662921,0,57.74157303,15.82022472,1340.089808,3.011381991,0,0.453998618,0,0.545997499,40,0,5817.483994,6.325842697
300,13.7245509,460.1856287,386.7724551,875.4131737,803.1736527,3.191616766,3.275449102,37.56805038,126.9692307,13.41976048,0,57.84431138,13.04191617,9375.879915,6.680308453,0.776195987,0.223616321,0,0,120,1,26792.25342,6.467065868
3002,13.37651822,66.94736842,50.85020243,368.8097166,406.6234818,7.149797571,7.307692308,37.5650444,126.9036026,14.82307692,0,60.44129555,15.22672065,22654.42131,8.835759887,0.796922368,0.073161071,0,0.12973793,41,1,22847.91883,14.45748988
3003,14.75,168.75,122.375,1239.25,1023.75,1.875,1,37.54554749,126.9567947,15.8625,0,55.5,17.875,21654.95078,7.6475424,0.953034269,0.046625297,0,0,89,4,25234.67155,2.875
3005,13.51785714,97.5,115.125,796.4285714,783.1071429,2.178571429,1.535714286,37.56624603,126.9021835,16.24642857,0,53.71428571,13.01785714,19675.9958,8.835759887,0.746295994,0.073161071,0,0.180487274,75,2,20169.07286,3.714285714
3006,14.91566265,396,404.1445783,0,0,1.903614458,1.951807229,37.57948685,126.8873901,14.90963855,0,57.57831325,13.21686747,7996.758842,8.745386828,0.362619767,0.395572021,0,0.241603693,54,0,15627.99172,3.855421687
3007,14.48550725,392.442029,234.5217391,132.6594203,132.4347826,2.985507246,2.710144928,37.58194733,126.8902969,15.40869565,0,56.69565217,14.64492754,6924.47089,15.63778152,0.404231744,0.357065376,0,0.238488005,74,1,15916.29205,5.695652174
3008,14.72380952,154.1047619,109.3904762,1231.904762,1301.990476,3.066666667,2.619047619,37.57711411,126.8983612,14.75809524,0,58.76190476,13.24761905,10169.34132,8.341769894,0.621192116,0.089716805,0,0.24747004,116,4,15509.0715,5.685714286
3009,14.05555556,298.75,286.1342593,2870.356481,2771.143519,5.00462963,5.143518519,37.55583954,126.920433,15.15833333,0,58.54166667,15.09722222,14016.19823,1.606924326,0.902618887,0.096005136,0,0,217,3,39621.90523,10.14814815
301,14.76470588,214.6078431,194.3006536,1038.921569,1071.019608,4.640522876,3.039215686,37.57579422,126.9714508,14.22287582,0,60.35267974,12.23529412,5774.453276,5.536333424,0.614585356,0.232480564,0,0.152830526,66,1,23070.13265,7.679738562
3010,12.67169811,211.2075472,245.2113208,2539.630189,2413.177358,8.150943396,8.181132075,37.5582962,126.9253845,14.57056604,0,61.41132075,15.26037736,15983.95542,5.384836731,0.942039397,0.05806804,0,0,98,3,33950.09831,16.33207547
3013,14.88823529,659.2705882,741.7764706,4317,4760.335294,4.182352941,4.252941176,37.56760406,126.9872589,13.54235294,0,57.37647059,12.99411765,3164.822782,1.455862461,0,0.999697104,0,0,101,4,50110.55818,8.435294118
302,13.56481481,262.1203704,255.8194444,1028.722222,912.8240741,6.180555556,5.944444444,37.57594681,126.9740601,13.83356481,0,61.16648148,12.83796296,4907.127021,4.894347054,0.381210342,0.372814682,0,0.245911549,76,1,21968.29769,12.125
303,14.07906977,467.2232558,483.9860465,2351.683721,2243.283721,6.804651163,6.241860465,37.57176971,126.9746628,13.65209302,0,61.08139535,12.21860465,4653.702289,6.308467575,0.338037285,0.656889852,0,0.005110402,84,2,29648.20089,13.04651163
305,13.94915254,784.2316384,728.3389831,3212.508475,2954.175141,5.237288136,5.039548023,37.57255936,126.9783325,14.04491525,0,57.83333333,11.69491525,4006.184089,3.0633858,0.036566297,0.915446668,0,0.048156605,134,2,37554.02155,10.27683616
307,13.77160494,380.191358,360.1604938,0,0,3.604938272,3.660493827,37.56999969,126.9710999,14.18611111,0,59.7682716,12.24074074,6918.301853,4.34931445,0.709642971,0.290455406,0,0,51,0,27168.04999,7.265432099
308,14.01714286,558.7371429,543.0114286,1539.611429,1444.354286,5.777142857,5.457142857,37.56996918,126.973938,13.98114286,0,58.83977143,11.96,4648.020309,6.308467575,0.479340929,0.520756153,0,0,90,1,32931.33149,11.23428571
309,13.62162162,814.4954955,686.8738739,1845.612613,1501.153153,3.126126126,2.612612613,37.56996155,126.9761581,14.08288288,0,57.06756757,10.64864865,4293.595627,1.424364223,0.287649086,0.712492007,0,0,112,1,42429.07441,5.738738739
310,13.7875,690.45,629.65625,3913.0125,3423.68125,4.46875,3.7375,37.56887817,126.9774704,13.175,0,57.675,13.025,3900.963623,1.275512168,0.256591875,0.743682544,0,0,117,3,41802.25432,8.20625
3100,15.36170213,210.787234,119.0212766,328.8723404,290.6595745,1.70212766,1.872340426,37.55739594,126.9521637,13.9893617,0,63.87234043,9.446808511,20087.28499,7.553157577,0.963005248,0.014617975,0,0,175,1,19019.62443,3.574468085
3101,13.31304348,198.426087,177.2869565,0,0,2.286956522,2.269565217,37.57838058,126.9360962,13.88347826,0,61.82608696,9.573913043,10273.45909,16.68171729,0.999583194,0,0,0,153,0,8383.636868,4.556521739
3102,14.71511628,159.9534884,132.2616279,0,0,3.13372093,3.093023256,37.56799698,126.9316559,14.24418605,0,62.37209302,11.5755814,8615.146496,10.63171243,0.999711343,0,0,0,101,0,15402.91869,6.226744186
3103,12.95675676,139.1189189,117.0108108,396.1945946,364.1945946,2.913513514,2.843243243,37.58670044,126.9467697,13.15135135,0,65.11891892,11.47027027,13775.13797,17.29960895,0.937183998,0.01549042,0,0.047502919,182,1,20445.99586,5.756756757
3104,14.46478873,174.8661972,121.7957746,526.084507,512.2112676,2.098591549,2.169014085,37.55812836,126.9562073,13.58309859,0,64.07746479,11.45070423,19871.44621,10.77952654,0.98921612,0.010584538,0,0,166,2,53292.72425,4.267605634
3105,14.97222222,76.63888889,20.5,464.1388889,216.0555556,1.694444444,1.305555556,37.5971489,126.93853,14.00833333,0,68.44444444,12.13888889,12422.50243,24.69842105,0.714253723,0,0,0.274583129,47,1,8223.439315,3
3109,14.3030303,152.5151515,89.16666667,536.2878788,429.4848485,1.803030303,1.833333333,37.59293365,126.9412918,13.90909091,0,63.66666667,10.57575758,13396.04343,18.15215614,0.929909312,0.021948321,0,0.047271216,139,1,13791.37325,3.636363636
3110,14.93965517,95.10344828,56.81034483,0,0,2.362068966,2.24137931,37.58928299,126.9369431,14.11465517,0,63.11206897,11.94827586,13952.34254,16.21872617,0.99069824,0.008411193,0,0,164,0,14825.34338,4.603448276
3111,17,236,98,220,143,4,1,37.58221054,126.9501648,15.5,0,67,12,9576.721791,20.87799131,0.83733441,0,0,0.16218924,82,1,9381.4293,5
3113,15.12380952,176.7333333,125.8952381,239.4095238,214.5714286,1.980952381,2.2,37.57220459,126.9597473,14.33238095,0,64.88571429,12.97142857,16396.39088,14.07986509,0.844352799,0.023875725,0,0.12955671,225,1,21442.07435,4.180952381
3114,15.37288136,177.7627119,275.220339,362.6949153,635.3728814,1.694915254,1.525423729,37.56046295,126.9655228,14.9559322,0,58.88135593,10.28813559,14439.65865,6.678571023,0.778324026,0.188956717,0,0.030280554,204,2,56789.76656,3.220338983
3115,13.86440678,148.6355932,83.3559322,255.8983051,256.8559322,2.076271186,2.076271186,37.56145477,126.9557495,13.85762712,0,63.81355932,13.04237288,17285.70355,15.21823012,0.992036679,0.008020276,0,0,160,1,46040.07927,4.152542373
3116,14.23076923,314.4545455,341.8041958,1350.342657,1486.86014,2.356643357,2.34965035,37.55550385,126.9372025,14.65454545,0,63.33566434,12.12587413,12423.51161,9.154434429,0.816340082,0.171015945,0,0.008218323,204,3,36421.91557,4.706293706
3117,13.59615385,257.7692308,258.7692308,0,0,2.25,1.961538462,37.56406784,126.9453278,15.09038462,0,61.92307692,10.86538462,9536.820861,9.823881652,1.000014239,0,0,0,78,0,15857.03337,4.211538462
3119,13.19213974,300.4017467,258.4628821,0,0,3.720524017,3.751091703,37.56519699,126.9298554,13.55851528,0,65.02620087,11.5371179,12612.40494,5.995107056,0.999100373,0,0,4.14E-05,117,0,19450.96868,7.471615721
3120,14.1185567,200.2474227,125.9742268,190.4226804,177.4278351,3.340206186,3.340206186,37.56983566,126.9180908,13.78865979,0,63.79381443,11.22680412,19825.86344,16.79525984,0.881884739,0.034251859,0,0.081647341,123,1,11028.27783,6.680412371
3121,13.92537313,203.4825871,138.6169154,191.8358209,182.0298507,3.223880597,3.139303483,37.57065201,126.9129868,13.75124378,0,62.91044776,11.28358209,21852.52798,7.719258611,0.96395018,0.034251859,0,0,97,1,16956.40419,6.36318408
3122,14.02189781,106.2554745,144.8686131,0,0,2.364963504,2.284671533,37.5742836,126.9064636,13.53430657,0,63.32846715,10.84671533,21012.10534,6.303482891,0.976354684,0,0,0.022158019,66,0,18596.83243,4.649635036
3123,15.02614379,267.5947712,170.0849673,203.372549,155.3986928,2.496732026,2.62745098,37.5723877,126.9151077,14.20457516,0,63.10457516,12.26143791,22943.06283,4.279811743,0.964906762,0.034251859,0,0,120,1,15762.10569,5.124183007
3125,14.5819209,127.4067797,106.3559322,0,0,3.593220339,3.389830508,37.57564163,126.9278259,14.07627119,0,62.20338983,11.66101695,13548.13127,11.22726246,0.942928669,0,0,0.056952243,91,0,14174.00202,6.983050847
3126,12.44067797,453.1186441,407.2542373,0,0,1.525423729,1.593220339,37.58334351,126.9227448,12.7779661,0,64.83050847,9.796610169,21326.72518,21.68003458,0.9978396,0,0,0,82,0,22928.45228,3.118644068
3127,15.21782178,148.7425743,108.3762376,0,0,2.207920792,2.108910891,37.58333588,126.9362869,14.27326733,0,60.83168317,10.97029703,11894.83568,12.62985287,0.999631088,0,0,0,198,0,10028.47165,4.316831683
3128,14.40223464,137.1340782,106.5977654,0,0,2.826815642,2.737430168,37.5813179,126.935997,13.79329609,0,63.31284916,11.8547486,11306.15051,19.87770077,0.999646621,0,0,0,160,0,8599.155057,5.56424581
3129,14.86363636,195.4363636,172.5454545,0,0,2.445454545,2.163636364,37.57626343,126.9113236,13.98,0,63.04545455,10.73636364,24184.92659,4.767575334,0.999967639,0,0,0,72,0,24224.56699,4.609090909
3130,14.44444444,275.4888889,200.2111111,0,0,2.466666667,1.977777778,37.57456207,126.9179916,14.21888889,0,59.88888889,11.03333333,25519.53782,6.264665494,0.999779947,2.33E-05,0,0,113,0,13951.41441,4.444444444
3131,14.03680982,121.9263804,79.21472393,0,0,2.969325153,2.969325153,37.57215881,126.9211884,14.16319018,0,63.02453988,11.25153374,17759.43107,25.16422759,0.831760603,2.59E-05,0,0.166357298,97,0,9798.570684,5.938650307
3132,13.2519084,198.3129771,150.9236641,472.129771,466.6870229,2.06870229,2.045801527,37.59186172,126.9442139,13.75648855,0,63.54198473,12.25954198,13845.92469,13.70834189,0.962794256,0.028398456,0,0.008113475,227,1,20076.92024,4.114503817
3134,14.56790123,290.308642,331.6419753,1396.506173,1562.246914,1.938271605,1.851851852,37.56131744,126.9665833,13.52716049,0,65.81481481,10.59259259,12188.75899,3.55416806,0.703371467,0.264806315,0,0.030280554,223,3,34375.89812,3.790123457
314,14.47852761,150.2699387,103.803681,0,0,4.306748466,4.214723926,37.5797081,126.9808579,14.76656442,0,58.78503067,12.81595092,4541.937627,4.767962476,0.587630187,0.038928628,0,0.373011435,68,0,10493.77633,8.521472393
316,14.31219512,838.1268293,882.2243902,4395.414634,4481.780488,6.004878049,5.843902439,37.57039642,126.9817886,13.97829268,0,61.18273171,12.62926829,3115.287258,1.851620747,0.003515666,0.996851951,0,0,123,3,43172.63318,11.84878049
318,13.73076923,1039.974359,937.2435897,3750.173077,3122.525641,3.365384615,3.378205128,37.56863403,126.9823151,13.50064103,0,56.73076923,12.37820513,3152.700533,1.497144576,0.002551318,0.997812417,0,0,123,2,52370.45102,6.743589744
320,14.12280702,867.4502924,904.5263158,3545.71345,3255.380117,4.479532164,4.573099415,37.56622314,126.9835892,13.42397661,0,57.5380117,12.61988304,3264.908832,1.991280609,0,0.999968934,0,0,86,2,52212.13358,9.052631579
3201,14.07476636,133.4813084,107.5700935,914.7476636,853.6962617,4.439252336,4.406542056,37.53073502,126.8991699,15.31401869,0,57.97663551,13.29439252,16185.55097,1.381075116,0.043319328,0.05142633,0.899947187,0,140,2,27769.49968,8.845794393
3202,13.85774059,140.1464435,141.7866109,0,0,6.790794979,6.560669456,37.52869034,126.903862,15.34225941,0,59.16317992,14.32217573,19889.18896,5.430308355,0.214094509,0.200244129,0.580594971,0,77,0,35667.32713,13.35146444
3203,14.14450867,185.6184971,138.3236994,0,0,3.502890173,3.167630058,37.50611496,126.8985901,15.25144509,0,58.59537572,13.65317919,21152.40967,3.94968362,0.590171149,0,0.344688056,0.063845073,206,0,16090.57597,6.670520231
3204,13.47894737,169.2263158,109.9842105,0,0,2.531578947,2.726315789,37.51124191,126.8981857,15.23736842,0,59.93684211,13.95263158,17677.62155,4.047140667,0.098850289,0.072254971,0.818505661,0.009970979,90,0,18336.61425,5.257894737
3205,14.36764706,80.93137255,52.56372549,0,0,5.210784314,5.308823529,37.5202179,126.882164,15.41911765,0,58.79901961,14.31372549,14490.9401,4.395070013,0.070330157,0,0.514431578,0.39931939,50,0,14108.18197,10.51960784
3206,13.9744898,156.6122449,134.8316327,742.9030612,681.1989796,3.806122449,3.658163265,37.51707077,126.899086,15.05408163,0,57.87244898,13.80102041,13091.31923,4.43886996,0.127769105,0.094679642,0.776685281,0,98,1,25125.79327,7.464285714
3207,14.22377622,159.8741259,129.6363636,0,0,2.48951049,2.72027972,37.5218277,126.8897247,15.32447552,0,60.07692308,13.97902098,14985.37014,3.473937715,0,0,0.999826547,0,119,0,21891.07296,5.20979021
321,14.45398773,555.0184049,616.7361963,1703.822086,1782.343558,3.539877301,3.331288344,37.56546402,126.9841385,13.88895706,0,56.20245399,12.81595092,3354.980142,2.833329127,0,0.999611672,0,0,61,1,51521.41281,6.871165644
3211,14.5042735,178.9145299,171.4871795,0,0,2.341880342,2.307692308,37.50438309,126.9080887,15.38717949,0,58.28205128,13.85470085,23433.77568,6.067099807,0.921618501,0.059894478,0,0,118,0,18924.47841,4.64957265
3212,13.44957983,63.69327731,44.29411765,312.0336134,312.3151261,4.415966387,4.441176471,37.50017166,126.9113083,15.08403361,0,59.81932773,13.92436975,21798.26389,6.107405727,0.95111981,0.003579093,0,0,79,1,18469.91483,8.857142857
3214,14.30113636,155.6818182,102.7045455,0,0,3.710227273,3.664772727,37.51202393,126.9010544,15.74431818,0,59.39204545,15.20454545,17144.81511,4.385263899,0.165767039,0.09813447,0.735802066,0,92,0,18899.24511,7.375
3215,14.18674699,97.42771084,118.5301205,0,0,3.590361446,3.409638554,37.52974319,126.9078293,15.52771084,0,57.53614458,14.19277108,16811.31126,4.056104637,0.29953064,0.25236945,0.183527886,0.261905502,51,0,25750.27049,7
3219,13.0876494,267.374502,308.5976096,1310.804781,1289.282869,7.928286853,8.262948207,37.5148468,126.9077301,15.19322709,0,60.67729084,14.63346614,13376.70304,4.577594356,0.362476085,0.264278188,0.29235692,0.07984938,101,1,23657.68232,16.19123506
322,13.57272727,555.9272727,549.7727273,4916.109091,4389.609091,2.445454545,2.163636364,37.56447601,126.986969,13.54181818,0,57.33636364,13.3,3751.493769,4.955923425,0.034184549,0.964706126,0,0,72,4,46383.09036,4.609090909
3220,14.55191257,104.1530055,68.94535519,354.1857923,305.6010929,3.032786885,3.218579235,37.50013733,126.9139786,15.54808743,0,58.78688525,14.60655738,21752.89834,3.601589754,0.956621129,0,0,0,74,1,17622.33024,6.25136612
3221,14.61971831,113.8450704,88.49295775,807.6619718,741.7323944,2.732394366,2.366197183,37.51933289,126.8953018,15.42183099,0,58.29577465,14.07042254,14591.51555,2.394799331,0.023513285,0,0.975361857,0,105,1,19643.90005,5.098591549
324,14.26923077,721.0064103,871.3846154,3426.487179,3604.589744,3.923076923,3.871794872,37.56143188,126.9806976,14.02564103,0,56.96794872,13.45512821,3415.028583,1.840991543,0.147958299,0.851432026,0,0,99,3,48363.30077,7.794871795
326,14.11891892,357.1405405,333.0108108,1199.183784,1162.848649,5.135135135,4.210810811,37.57624054,126.9861603,14.20162162,0,59.42410811,12.33513514,3669.536828,3.63531134,0.379167735,0.578703812,0,0.041747892,102,1,26870.94847,9.345945946
327,14.2244898,630.9234694,713.9795918,2973.423469,3193.387755,4.295918367,4.163265306,37.57335663,126.9874649,13.99260204,0,60.63755102,12.82653061,3098.733298,3.019339929,0.045882295,0.928222673,0,0.025926099,139,4,36758.90108,8.459183673
328,14.40277778,411.3055556,533.0277778,3448.215278,4053.430556,2.729166667,2.659722222,37.57039642,126.9881897,13.97534722,0,59.54486111,12.44444444,2812.751441,6.299860983,0,0.999622027,0,0,100,4,45417.46336,5.388888889
329,13.87234043,700.4255319,670.9840426,4935.611702,4858.43617,5.170212766,4.569148936,37.56848526,126.9878845,14.17287234,0,61.08755319,12.60638298,3052.104453,2.429623289,0,0.999642738,0,0,106,6,47758.33338,9.739361702
3306,11,63.33333333,114,0,0,1,1,37.46214676,126.931778,13,0,75.125,15,9760.268187,15.04072953,0.565398386,0,0,0.473615674,69,0,6376.016947,2
3307,17.5625,435.0625,99.1875,0,0,3.3125,1.1875,37.4912262,126.9560776,12.678125,0,62.60286458,14.8125,27143.62856,20.3881253,0.99166,0,0,0,92,0,27195.71252,4.5
331,13.92907801,765.1985816,762.1489362,3499.609929,3193.794326,3.312056738,3.29787234,37.56638336,126.9872055,13.40567376,0,57.09929078,12.09219858,3406.119838,2.833329127,0,0.999007174,0,0,92,3,52065.76677,6.609929078
3310,14.9,74.05,35.35,0,0,2.4,1.15,37.47662735,126.9436417,11.8925,0,68.990625,16.65,23482.56125,7.011101242,0.97051293,0,0,0,34,0,17704.13941,3.55
3311,13.75,218.7613636,194.4829545,1129.159091,1070.9375,2.607954545,2.482954545,37.48122025,126.9515762,13.32272727,0,67.28230587,16.02840909,30891.96034,10.70628758,0.846693125,0.153246037,0,0,69,1,41457.36893,5.090909091
332,14.59731544,504.7718121,515.2013423,3409.087248,3164.583893,2.684563758,2.684563758,37.56599045,126.987793,12.92550336,0,57.69798658,12.67785235,3562.177984,2.833329127,0,0.99907319,0,0,70,3,46979.3978,5.369127517
334,14.14973262,413.5721925,390.5828877,3293.705882,3377.967914,4.529411765,4.128342246,37.5705986,126.9917908,14.15802139,0,61.09893048,12.89304813,3004.759608,3.103365578,0,0.89344657,0,0.106175457,79,5,38059.5745,8.657754011
335,14.33536585,448.6707317,428.2256098,3423.969512,3640.932927,3.268292683,3.365853659,37.57019424,126.9916534,14.45091463,0,58.46012195,12.29268293,3048.033179,3.103365578,0,0.921744061,0,0.077760174,83,5,41400.92263,6.634146341
336,14.53977273,82.03409091,80.02272727,1110.551136,1167.227273,2.806818182,2.710227273,37.56144714,126.9931107,13.5875,0,58.17045455,13.25568182,5344.98017,1.949534685,0.43325282,0.564092308,0,0,30,2,21140.61446,5.517045455
337,14.35915493,268.4929577,266.2535211,0,0,3.014084507,2.908450704,37.57897949,126.9964752,13.90422535,0,59.94014085,11.91549296,3095.36531,4.313457893,0.650052683,0.11593415,0,0.233963979,58,0,22114.01531,5.922535211
338,13.87951807,402.1566265,353.5662651,3841.909639,3861.554217,3.28313253,3.379518072,37.57095718,126.9971237,13.99819277,0,60.09313253,11.90963855,3276.646935,5.202110491,0,0.885682591,0,0.114602183,86,6,28665.25768,6.662650602
339,13.65656566,368.2222222,362.2575758,1513.752525,1610.368687,3.702020202,3.570707071,37.57106781,126.9981918,14.02727273,0,61.51747475,12.36868687,3483.974057,5.202110491,0,0.907357788,0,0.092943814,93,3,25849.28936,7.272727273
340,13.44843049,234.7847534,262.4125561,1144.560538,1249.654709,3.69058296,3.807174888,37.58562851,127.000679,13.47443946,0,62.60538117,13.07174888,13584.24118,12.32543465,0.973281712,0.024856901,0,0,122,1,27185.03505,7.497757848
3401,13.71428571,257.75,242.3928571,2156.857143,1808.928571,1.892857143,1.357142857,37.57376099,127.0139389,13.87678571,0,63.48214286,16.71428571,15057.94471,13.394538,0.611208193,0.388419012,0,0,81,4,28840.76651,3.25
3402,13.4950495,241.7722772,157.6831683,0,0,1.821782178,1.782178218,37.57660675,127.0055695,13.3009901,0,58.49009901,11.1980198,9720.033814,16.64775349,0.716478845,0.283447372,0,0,71,0,25541.97768,3.603960396
3404,11.95454545,947.2272727,491.2727273,1799.090909,932.5454545,1.636363636,1.772727273,37.57185364,127.0023575,12.07045455,0,57.79545455,8.318181818,4874.288684,4.11799753,0.00912054,0.991289794,0,0,123,1,31588.7207,3.409090909
3405,14.38953488,216.2790698,186.1511628,1075.924419,1015.813953,3.174418605,2.86627907,37.57455063,126.9705505,14.03575581,0,59.97965116,12.56976744,6946.589019,6.896577601,0.669940275,0.241858695,0,0.088119481,60,1,23815.74601,6.040697674
3407,14.32967033,380.8901099,351.9945055,1157.510989,1185.489011,5.313186813,5.115384615,37.57580566,126.9833908,14.29450549,0,59.93659341,12.73076923,3709.614107,3.583033377,0.360205659,0.58757841,0,0.051773237,119,1,27999.05869,10.42857143
3408,14.46022727,713.8579545,715.5397727,1523.090909,1616.170455,4.460227273,4.409090909,37.57070541,126.9832382,14.0375,0,59.28693182,11.89204545,2834.203532,1.667493333,0,1.000357262,0,0,102,1,47308.75355,8.869318182
341,14.09268293,377.6390244,386.1756098,1281.960976,1323.770732,3.487804878,3.180487805,37.58156967,127.0017853,13.45146341,0,61.53170732,12.4195122,9399.719424,16.61017334,0.987956642,0.012262116,0,0,103,1,29435.95334,6.668292683
3410,14.21105528,283.6030151,275.5829146,1950.80402,2057.879397,6.537688442,6.557788945,37.5724678,126.99189,13.49648241,0,60.74874372,12.2361809,3039.370817,2.774166896,0,0.781877231,0,0.218287161,68,3,32559.65923,13.09547739
3411,14.04069767,480.2790698,447.4709302,2054.232558,2088.034884,3.261627907,3.162790698,37.57072067,126.9943771,14.05581395,0,60.7555814,12.29651163,3122.789193,3.365390187,0,0.862249561,0,0.137948487,77,3,31882.22071,6.424418605
3412,13.62121212,567.3636364,488.2575758,3190.984848,2949.704545,2.893939394,2.78030303,37.5703125,126.994545,14.51212121,0,58.7080303,12.40909091,3176.351586,2.990648353,0,0.88375001,0,0.116168441,83,5,34454.5725,5.674242424
3413,13.67592593,419.0462963,395.3101852,809.0648148,856.0601852,5.638888889,5.861111111,37.57320023,126.997963,13.56296296,0,61.86787037,12.50925926,3472.35905,3.365390187,0.084596048,0.740601805,0,0.174734836,106,1,24830.24023,11.5
3414,13.67307692,383.8605769,405.6105769,826.1105769,876.0144231,3.495192308,3.615384615,37.57117462,127.0022278,13.64038462,0,61.93028846,12.89423077,4620.642966,4.419053356,0,1.000477644,0,0,102,1,25774.55369,7.110576923
3415,12.43145161,293.9879032,280.733871,904.3508065,895.2056452,3.641129032,3.762096774,37.57146072,127.010788,13.40483871,0,63.94943548,13.08064516,9221.542478,12.94640698,0.322905421,0.676319216,0,0,75,2,29619.20824,7.403225806
3416,12.12977099,261.6183206,260.0381679,547.0916031,541.3015267,4.534351145,4.538167939,37.5715332,127.0156174,13.25400763,0,64.13916031,12.36641221,16247.06151,7.689174622,0.255746613,0.743900008,0,0,82,2,30539.60191,9.072519084
3417,13.55445545,90.38613861,25.91089109,86.45544554,103.5990099,3.138613861,3.089108911,37.57772446,127.0152512,13.125,0,63.59138614,12.17326733,19230.98757,11.3878922,0.984043586,0.01776473,0,0,82,1,20825.60844,6.227722772
3418,15.55,165.2,67,108.45,71.95,1.35,1.25,37.57998657,127.0150604,13.0075,0,65.125,13.65,19782.23605,9.199937315,1.001836793,0,0,0,92,1,16476.78509,2.6
3419,14.78070175,414.2719298,478.0526316,1297.429825,1467.298246,2.254385965,2.078947368,37.58194733,126.9973679,13.54736842,0,60.85526316,12.5877193,5154.717686,3.043129118,0.877151016,0.010701036,0,0.112147948,93,1,25187.74991,4.333333333
342,12.7519685,356.7401575,334.1574803,1148.622047,1155.61811,6.18503937,5.996062992,37.57978439,127.002533,13.41811024,0,63.72228346,13.01968504,8852.964252,15.89404153,0.943046462,0.05702732,0,0,107,1,29345.25742,12.18110236
3420,13.33796296,363.4351852,416.7824074,1212.736111,1237.217593,3.199074074,3.236111111,37.58327484,126.9988556,13.68773148,0,62.69888889,12.87037037,8122.90615,10.29034604,0.968707203,0.01412221,0,0.017162821,115,1,27031.79222,6.435185185
3421,13.036,290.132,335.536,1151.48,1183.968,5.3,5.276,37.58385468,127.0018539,13.581,0,63.62384,13.18,12582.68338,10.42372069,0.978030968,0.020753564,0,0,100,1,26472.41388,10.576
3422,13.14227642,243.296748,252.4756098,0,0,5.06504065,4.955284553,37.58479691,126.9971314,13.47947154,0,62.97138211,12.94715447,8435.044236,6.124538043,0.85613986,0.013959112,0,0.129880317,124,0,23956.02489,10.0203252
3423,13.69767442,344.75,245.3023256,0,0,2.540697674,2.529069767,37.57583618,127.0006943,13.83488372,0,60.60465116,11.72093023,5665.388309,6.714418521,0.441062104,0.527853502,0,0.030929063,103,0,28241.97668,5.069767442
3425,14.76923077,223.2461538,195.7538462,1003.269231,1072.046154,2.361538462,1.969230769,37.57529068,126.968956,13.48730769,0,61.51153846,11.75384615,8170.809785,8.614545038,0.726836858,0.111948606,0,0.161126515,73,1,20424.28262,4.330769231
3426,13.95121951,99.92682927,56.7804878,237.5853659,220.2195122,1.853658537,1.682926829,37.57501602,126.9575501,13.98170732,0,65.08439024,14.12195122,11146.17333,25.6700525,0.688769025,0.005718783,0,0.298572764,151,1,14090.6788,3.536585366
3427,14.57777778,74.28888889,45.75555556,237.4444444,242.8666667,1.711111111,2.177777778,37.57666779,126.9558487,13.47777778,0,64.9,13.66666667,8804.619225,25.09474887,0.616211157,0,0,0.378274579,76,1,8722.404652,3.888888889
3428,13.84210526,110.7894737,122.3157895,0,0,1.578947368,1.263157895,37.59512711,126.9634934,15.34736842,0,64.13157895,16.36842105,3124.543778,14.6670889,0.582245367,0,0,0.41244489,41,0,3805.149325,2.842105263
3429,14,84.35,65.25,0,0,1.45,1.25,37.59725952,126.963089,14.0875,0,66.898,13.6,3802.645942,13.05480244,0.603461042,0,0,0.396494948,43,0,3714.212731,2.7
343,14.21774194,251.0725806,200.2903226,0,0,2.177419355,2.266129032,37.57561111,127.0046997,14.04193548,0,58.39483871,12.03225806,8371.343843,13.4351032,0.564686451,0.435237178,0,0,81,0,27371.2539,4.443548387
3430,13.91666667,70.91666667,106.8333333,0,0,2.25,1.583333333,37.60950089,126.9566803,14.9625,0,57.08333333,12.58333333,4494.78466,22.70941857,0.578979525,0,0,0.413169769,55,0,3914.750201,3.833333333
3431,12.83333333,82.95833333,91.04166667,0,0,1.583333333,1.166666667,37.60760117,126.9576874,13.33125,0,60.27083333,11.5,6048.978295,22.85930681,0.707727217,0,0,0.283637653,84,0,6103.104092,2.75
3432,13.56284153,399.7595628,482.420765,3018.57377,3310.060109,3.825136612,3.551912568,37.57001877,126.9888077,14.0295082,0,60.95081967,12.91803279,2881.207447,2.603770973,0,0.999676393,0,1.04E-05,96,5,44354.73048,7.37704918
344,13.1369863,210.2968037,231.543379,882.9269406,934.2968037,3.383561644,3.575342466,37.57419968,127.0065918,13.3609589,0,63.50666667,12.88127854,8003.45521,13.4351032,0.500639447,0.499448574,0,0,75,2,25346.81416,6.95890411
345,13.78191489,406.8297872,426.0106383,889.4893617,891.3776596,3.824468085,3.755319149,37.57330704,127.0007095,13.52952128,0,61.30297872,12.06914894,4685.049642,3.117954362,0.108942944,0.845689943,0,0.045460312,121,1,29094.63789,7.579787234
346,13.02857143,327.1952381,293.5571429,2072.233333,2039.609524,3.19047619,3.066666667,37.56918335,127.0098801,12.88,0,59.5,12.54285714,8288.797658,12.69920313,0.092365205,0.907241289,0,0,81,5,33525.47186,6.257142857
347,14.18032787,187.5163934,210.3360656,1182.614754,1287.467213,2.540983607,2.163934426,37.56533051,127.007843,13.47213115,0,59.89344262,12.72131148,8241.279469,5.961414432,0.303668927,0.695937567,0,0,52,3,28979.89484,4.704918033
348,14.28395062,166.0617284,127.9320988,243.5740741,233.1358025,3.450617284,2.574074074,37.57202911,126.9607849,13.80123457,0,61.78061728,12.9382716,17935.05351,13.5331317,0.860670358,0.025936454,0,0.111218549,228,1,20685.93644,6.024691358
349,14.50757576,229.5606061,208.8409091,1023.242424,1156.204545,2.348484848,2.310606061,37.57633209,126.9685898,14.90909091,0,56.39742424,12.61363636,7819.986359,8.639158179,0.732106474,0.070564448,0,0.197199634,84,1,21206.94779,4.659090909
3500,13.06374502,126.4462151,102.7649402,714.1752988,733.7848606,6.12749004,5.856573705,37.55758667,127.0796967,14.43824701,0,56.56573705,14.26294821,18354.50296,1.769522569,0.940011029,0.05999156,0,0,55,2,24939.771,11.98406375
3501,12.80859375,99.515625,99.74609375,589.4765625,559.1796875,6.67578125,6.703125,37.53950119,127.0830002,14.28671875,0,56.25,13.76171875,20670.09155,3.573455561,0.926996849,0.064964753,0,0,90,1,24968.77146,13.37890625
3502,13.87878788,85.40909091,75.82828283,353.6111111,353.2777778,3.666666667,3.48989899,37.56565857,127.0842972,14.42373737,0,57.13636364,14.7020202,19818.78944,9.470524892,0.977387637,0,0,0.022591652,113,1,20101.10637,7.156565657
3503,17.375,17.1875,11.625,0,0,2.3125,1.25,37.55048752,127.1089554,16.04375,0,45.3125,14.8125,3473.449361,17.22394461,0.440306158,0,0,0.560583114,69,0,6174.253621,3.5625
3504,13.17408907,27.44939271,26.56275304,0,0,5.67611336,5.829959514,37.53805161,127.0765991,14.42348178,0,56.27935223,14.43319838,23626.61465,2.659649161,0.98461184,0.015379099,0,0,29,0,23885.75797,11.50607287
3505,15.03174603,83.00793651,40.11904762,326.2698413,314.6111111,2.468253968,2.396825397,37.5352211,127.0683975,15.07063492,0,52.21428571,13.07142857,20696.53842,2.543828652,0.913350989,0.029563441,0,0.041189994,71,1,24104.50267,4.865079365
3506,12.94354839,69.2016129,60.84677419,0,0,4.137096774,4.048387097,37.53701401,127.0610962,14.38951613,0,56.60483871,14.10080645,14386.50155,2.048169133,0.711575552,0,0.24065876,0.047796754,41,0,16930.94185,8.185483871
3507,13.83333333,61.86805556,47.11111111,684.5625,614.8194444,2.486111111,1.868055556,37.54595184,127.0780029,15.15069444,0,55.36111111,14.90972222,11647.20361,4.394388344,0.930489216,0.020466201,0,0,11,1,13231.93627,4.354166667
3508,14.47972973,200.7837838,204.0405405,0,0,2.344594595,2.297297297,37.54822159,127.0678787,14.94256757,0,52.08783784,12.96621622,11155.9402,2.950931554,0.700455121,0.042370512,0.155627785,0.101050817,80,0,28284.87385,4.641891892
3509,12.32234432,93.89010989,88.95970696,0,0,5.747252747,5.838827839,37.55341721,127.0731964,14.13369963,0,57.19413919,14.35164835,16218.33915,1.979744964,0.958277997,0,0,0.041364741,43,0,17856.49404,11.58608059
351,14.27586207,121.862069,97.12068966,0,0,2.413793103,2.310344828,37.58507919,126.9706192,13.87155172,0,60.90948276,12.24137931,2970.617242,9.915177648,0.855314015,0,0,0.144641974,37,0,6891.139969,4.724137931
3510,14.33333333,75.06862745,46.91176471,443.3529412,380.2254902,2.019607843,1.852941176,37.56864929,127.0862503,15.03627451,0,55,14.98039216,18704.12419,14.97705782,0.77739851,0,0,0.221793767,62,1,16622.62764,3.87254902
3511,13.6122449,94.08571429,65.55102041,65.28163265,72.80408163,8.473469388,8.710204082,37.55125046,127.0351028,15.53102041,0,55.59591837,14.01632653,19518.64166,11.61538693,0.621992073,0,0,0.352014518,153,1,15547.24461,17.18367347
3513,13.75,122.3287037,106.5138889,359.2037037,335.5462963,4.527777778,3.513888889,37.56460953,127.0291977,15.80046296,0,54.19444444,13.64814815,26007.70298,4.135688155,0.900398943,0.099897481,0,0,72,1,26770.21265,8.041666667
3514,12.44609665,113.6654275,100.1449814,0,0,6.330855019,6.319702602,37.56626129,127.0236969,15.32379182,0,56.96654275,13.94423792,22448.16977,3.350327864,0.648086447,0.352404141,0,0,76,0,28260.06225,12.65055762
3515,15.14204545,36.57954545,24.07386364,468.0227273,518.3579545,9.505681818,9.096590909,37.54281616,127.0420837,16.55909091,0,51.54545455,14.47727273,7169.655212,4.379942684,0.138864942,0.105353495,0.154466683,0.384353213,33,1,13811.99003,18.60227273
3516,14.47530864,37.16666667,31.49382716,0,0,2.537037037,2.814814815,37.54370499,127.0932465,14.94567901,0,54.96296296,14.38888889,22122.22552,9.385408837,1.000007767,0,0,0,86,0,22538.28194,5.351851852
3517,12.64940239,81.75298805,64.05577689,306.8565737,323.3067729,4.673306773,4.916334661,37.5625267,127.0822754,14.13984064,0,57.05577689,14.15936255,19516.01714,5.555919223,0.999959873,0,0,0,118,1,20462.29339,9.589641434
3518,11.93425606,125.2491349,102.4048443,638.9031142,663.8062284,12.19031142,12.08650519,37.55686188,127.0791397,13.9384083,0,58.07266436,14.14878893,18190.90233,1.612498762,0.940012323,0.05999156,0,0,58,2,25787.42418,24.27681661
352,14.17021277,84.59574468,8.404255319,0,0,1.829787234,1.553191489,37.58341599,126.9852371,14.50319149,0,60.0212766,12.17021277,2999.501578,13.89138977,0.850479327,0,0,0.14949349,81,0,9572.274529,3.382978723
3520,13.3125,119.5583333,109.3166667,0,0,5.825,5.804166667,37.54251862,127.0840836,14.42375,0,56.01666667,14.07083333,20686.3263,5.1699472,0.939405236,0.011352134,0,0,85,0,22005.5085,11.62916667
3521,15.89552239,33.28358209,28.64179104,0,0,1.76119403,1.597014925,37.54342651,127.0966187,14.41044776,0,54.19402985,13.73134328,20814.23813,9.951401965,0.992321453,0,0,0.007762685,74,0,21884.45333,3.358208955
3523,14.72666667,113.7066667,108.9133333,0,0,4.68,5.013333333,37.54171753,127.0801697,15.03266667,0,49.22,12.24666667,16646.34543,4.593115289,0.93991783,0.011170914,0,0,58,0,20638.78505,9.693333333
3524,13.3255814,160.0465116,163.0697674,920.9767442,746.6511628,1.930232558,1.744186047,37.55023575,127.073822,15.00465116,0,47.48837209,9.930232558,14309.10159,2.453424836,0.957027579,0.042859806,0,0,32,1,21697.616,3.674418605
3525,15.45323741,114.1438849,85.02877698,0,0,2.827338129,3,37.54608917,127.0250702,16.8942446,0,52.04316547,14.38129496,13819.40784,22.86436187,0.717761623,0.003647698,0,0.277464526,131,0,11499.49243,5.827338129
3527,12.33333333,83,96.33333333,0,0,1,1,37.56179047,127.0243912,15.46666667,0,52.33333333,23.33333333,26080.09958,10.56627939,0.943249687,0.056785262,0,0,109,0,23063.85191,2
3528,14.84939759,11.88554217,11.1746988,0,0,3.909638554,4.391566265,37.55059814,127.1105118,15.42590361,0,51.9939759,14.14457831,3519.022245,17.22394461,0.32768445,0,0,0.673182817,50,0,5957.897141,8.301204819
3529,13.74431818,133.4090909,118.9886364,740.6477273,649.7159091,3.153409091,2.835227273,37.54978943,127.0759277,14.90568182,0,53.52272727,13.69886364,14487.35976,3.873807226,0.966513148,0.033274566,0,0,27,1,16916.66414,5.988636364
353,13.99393939,309.1575758,281.2606061,1166.466667,1241.321212,3.56969697,3.575757576,37.57938766,126.9849472,14.62060606,0,59.09672727,12.70909091,4304.707563,5.0046827,0.785408431,0.137772445,0,0.076402319,116,1,16385.20807,7.145454545
3530,15.23404255,113.9148936,26.57446809,229.4468085,149.4893617,1.489361702,1.361702128,37.56014633,127.0263596,16.0893617,0,60.31914894,13.91489362,27517.47598,12.75042032,0.999436924,0.000365029,0,0,123,1,30678.21348,2.85106383
3531,15.46153846,200.9230769,57.84615385,634.0769231,396.7692308,1.230769231,1.384615385,37.55477905,127.0248413,16.34615385,0,45.07692308,14.69230769,28964.9483,22.29716118,1.001295722,0,0,0,260,2,27074.67015,2.615384615
3532,15.88235294,161.2941176,64.82352941,816.1764706,655.1764706,1.588235294,1.705882353,37.56068039,127.0267792,16.21176471,0,51.94117647,15.94117647,27585.53884,12.73310069,0.966142941,0.033481675,0,0,123,2,28820.18651,3.294117647
3533,12.82307692,98.01538462,91.86153846,1458.646154,1350.223077,13.38846154,13.76923077,37.53913879,127.0706177,14.43461538,0,56.40384615,14.32307692,18271.33306,3.57489075,0.927117231,0.057134758,0,0,58,2,31569.1921,27.15769231
3534,12.33090909,82.45818182,80.53454545,1383.727273,1290.778182,7.494545455,7.505454545,37.5401268,127.0694962,14.17636364,0,57.52363636,14.15272727,16026.61225,3.878940726,0.927122409,0.057134758,0,0,37,2,32839.99391,15
3536,13.1637931,155.2887931,120.3362069,0,0,5.025862069,5.50862069,37.53181076,127.0807419,14.41724138,0,56.4137931,14.59913793,18718.35982,2.291264674,0.983285051,0,0,0.016692944,60,0,26787.85377,10.53448276
3537,15.75,91.65,58.4375,0,0,2.55,1.7375,37.54848862,127.0937576,15.52,0,50.7375,14.1,18544.15084,11.26741656,0.936720593,0,0,0.063377784,60,0,13730.56314,4.2875
3538,20,23,29.5,289,793.75,1,1.75,37.55089188,127.0447617,15.6,0,58.25,13.5,8670.904088,8.942016071,0.276885917,0,0.303771187,0.416452439,16,1,15503.25481,2.75
3539,14.22222222,1.592592593,1.518518519,0,0,1.407407407,1.296296296,37.56379318,127.1328354,14.33333333,0,56.44444444,13.85185185,776.0879467,13.20579119,0.003658054,0,0,0.932067124,10,0,1590.571488,2.703703704
354,14.63190184,174.2515337,132.9447853,1096.601227,1144.834356,2.539877301,2.337423313,37.57915497,126.9889603,14.12515337,0,61.42920245,12.35582822,3825.908973,7.050256523,0.464011018,0.215583101,0,0.320435653,82,1,13456.54603,4.877300613
3541,12.17689531,115.9711191,108.8628159,1354.729242,1266.379061,8.317689531,8.415162455,37.54124832,127.06604,14.0898917,0,57.566787,14.14440433,14493.64491,2.309839675,0.716358463,0.034253154,0.239344916,0,48,2,36366.2349,16.73285199
3542,13.43644068,77.84745763,67.69067797,0,0,5.707627119,5.919491525,37.5450058,127.0900345,14.63644068,0,55.96610169,14.04237288,23185.71554,8.564689643,0.999785125,0,0,0,111,0,22567.64454,11.62711864
3543,14.65137615,128.5321101,110.8348624,773.587156,696.7981651,2.302752294,2.247706422,37.55137253,127.07444,15.48807339,0,48.67889908,12.63302752,16031.59772,2.453424836,0.988675049,0.011214924,0,0,34,1,18147.15969,4.550458716
3544,13.94736842,34.93157895,26.00526316,492.7894737,461.8,5.226315789,5.057894737,37.55453873,127.0437775,16.08947368,0,53.17894737,14.04210526,9876.586701,10.27421624,0.623735667,0,0.0358686,0.307403352,21,1,15365.95065,10.28421053
3545,13.56666667,42.87222222,28.27777778,490.5777778,445.5055556,2.727777778,2.761111111,37.55657959,127.0433579,15.64611111,0,55.36666667,13.96666667,11502.28092,11.71531796,0.848242555,0,0,0.126009977,42,1,18996.94064,5.488888889
3547,15.02564103,125.2991453,105.9145299,415.7692308,360.991453,1.820512821,1.897435897,37.56438065,127.0288696,15.91880342,0,51.44444444,13.26495726,26196.20397,4.966797296,0.906680802,0.093571612,0,0,82,1,26708.7095,3.717948718
3548,14.69902913,46.08737864,38.74757282,1323.796117,1309.572816,5.67961165,5.548543689,37.54695892,127.0476685,15.9538835,0,53.58252427,13.47572816,9253.694766,33.98280084,0.11803889,0.05869066,0.809622001,0.010285525,29,2,29070.699,11.22815534
3549,14.12690355,78.73096447,71.56852792,0,0,3.893401015,4.218274112,37.55514145,127.071106,15.84010152,0,54.30456853,14.07106599,13891.50113,1.590575752,0.729793332,0.013332608,0,0.25651162,37,0,13181.09023,8.111675127
355,13.37313433,259.2288557,174.5124378,0,0,3.641791045,3.44278607,37.57650757,127.0024567,13.84477612,0,62.48985075,12.75621891,7353.206474,12.40109149,0.581391044,0.418537762,0,0,97,0,27808.20343,7.084577114
3550,15.14136126,73.32984293,61.83769634,0,0,4.052356021,4.230366492,37.54404068,127.023201,15.93193717,0,54.07329843,13.52879581,14319.02739,10.18319429,0.585647123,0.000877622,0,0.412970427,99,0,9219.222324,8.282722513
3551,13.89285714,52.14285714,31.35714286,0,0,2.196428571,2.5,37.55979919,127.0563278,16.11964286,0,50.94642857,12.89285714,10293.55215,1.713129795,0.948818317,0.012937808,0,0.037858136,13,0,7021.406661,4.696428571
3552,15.46875,40.03125,31.6484375,498.109375,559.3203125,5.4609375,5.4375,37.54195786,127.0427704,17.06953125,0,48.4921875,14.484375,6961.509067,2.132285313,0.17002053,0.105002705,0.169740933,0.402796223,36,1,11974.77044,10.8984375
3553,15.33928571,24.57142857,17.91071429,199.4196429,196.0089286,2.080357143,2.133928571,37.565979,127.0431137,15.87857143,0,52.54464286,12.72321429,15160.47946,3.392663958,0.999834313,6.60E-05,0,0,38,1,16353.76576,4.214285714
3555,13.24390244,145.902439,133.6829268,447.3414634,479.1463415,1.536585366,1.536585366,37.56681824,127.0291519,15.87804878,0,56.65853659,15.07317073,23046.51924,3.578734666,0.856947583,0.126469499,0,0,56,1,26561.16166,3.073170732
3556,16.19230769,130.6538462,26.53846154,220.7307692,163.0769231,2.461538462,1.269230769,37.55610657,127.019783,16.51538462,0,55.15384615,15.61538462,26732.1945,11.1458254,0.998293944,0,0,0,217,1,23443.54713,3.730769231
3557,15.32407407,113.0277778,92.92592593,301.6666667,515.962963,2.231481481,2.12962963,37.55653,127.0391312,15.98055556,0,54.03703704,13.71296296,14583.45723,11.62510545,0.905812241,0,0,0.057908826,100,1,25468.98207,4.361111111
3558,15.95798319,44.39495798,21.58823529,1327.310924,1336.957983,2.210084034,1.857142857,37.56339645,127.0418701,15.63109244,0,53.29411765,13.31932773,15356.44783,6.560294503,0.970347243,0.029456004,0,0,71,4,21889.48841,4.067226891
3559,13.62068966,45.93103448,41.85775862,1235.818966,1204.030172,8.357758621,8.426724138,37.54590988,127.0446014,15.59612069,0,55.06465517,13.65517241,8608.000279,33.98280084,0.173622923,0.105353495,0.488034308,0.081367744,37,2,22084.67295,16.78448276
356,13.53299492,400.7258883,279.4416244,0,0,2.913705584,2.862944162,37.57714462,127.0020599,13.78324873,0,60.9693401,12.20812183,7357.109074,11.14931162,0.651901126,0.34791377,0,0,109,0,29070.49165,5.776649746
3560,13.66079295,113.1629956,95.73568282,418.5506608,413.092511,4.303964758,4.27753304,37.56370926,127.0564499,15.47577093,0,55.21585903,13.43171806,12849.64515,2.684434956,0.910047609,0.089469569,0,0,60,1,16133.40793,8.581497797
3561,15.81034483,109.9482759,85.15517241,1178.068966,1146.034483,2,1.586206897,37.55926895,127.0383987,16.96206897,0,49.98275862,13.01724138,17219.54751,6.560294503,0.920384911,0.07456682,0,1.42E-05,124,3,31477.81169,3.586206897
3563,16.18421053,59.02631579,62.71052632,1655.973684,1443.842105,1.421052632,1.736842105,37.53680038,127.0908356,16.83157895,0,46.89473684,13.26315789,16943.74112,5.199012707,0.975589677,0.024414207,0,0,125,2,25643.50645,3.157894737
3564,15.33333333,10,18.33333333,0,0,1.166666667,1,37.54707336,127.0982895,16.7,0,50.33333333,17.83333333,18420.28466,14.76386624,0.812007632,0,0,0.18797554,31,0,9907.338045,2.166666667
3566,13.85,118.1,74.645,0,0,3.48,3.535,37.53507233,127.0761108,14.61,0,55.63,14.12,30510.21901,2.996796776,1.000010355,0,0,0,84,0,29155.96749,7.015
3569,12.24637681,96.79347826,92.44565217,1382.597826,1283.105072,9.684782609,9.702898551,37.53956604,127.0724411,14.08224638,0,57.3115942,14.10507246,18234.49709,8.597890223,0.927126292,0.057134758,0,0,47,2,29449.27942,19.38768116
3570,13.34387352,56.33596838,45.46245059,612.9090909,591.5731225,7.233201581,7.387351779,37.53809738,127.0890198,14.26442688,0,56.33596838,14.01185771,19169.94234,5.664039511,0.949714061,0.0502717,0,0,133,1,26894.79025,14.62055336
3571,12.25,128.8876812,115.5942029,0,0,7.365942029,7.217391304,37.54434967,127.0654068,14.0942029,0,57.6557971,14.25362319,14115.97724,4.561019103,0.529818444,0.019987263,0.450151578,0,50,0,36079.69899,14.58333333
3573,13.32765957,73.09361702,62.29361702,627.587234,576.0893617,4.212765957,4.255319149,37.5513382,127.0767136,14.68425532,0,55.50638298,14.28085106,16560.44612,3.873807226,0.999465401,0.000425867,0,0,21,1,15039.71936,8.468085106
3575,12.64925373,86.02985075,85.29850746,581.8134328,557.858209,8.347014925,8.179104478,37.53657532,127.0825806,14.17985075,0,56.66791045,13.82089552,22383.71908,2.442706756,0.936912168,0.063042527,0,0,69,1,28628.89204,16.5261194
3579,13.53617021,171.4042553,158.4851064,0,0,6.191489362,6.280851064,37.54788971,127.0674515,14.49617021,0,55.3787234,13.53617021,11226.47734,2.950931554,0.668920266,0.039909804,0.19034046,0.100346648,81,0,29313.13325,12.47234043
358,13.3,363.65,408.555,1167.075,1260.315,2.825,2.84,37.58250046,126.9985352,13.778,0,62.7,12.605,6809.468359,6.175679398,0.954385652,0.012795421,0,0.032820222,110,1,26612.26817,5.665
3581,13.55555556,115.2666667,102.2577778,654.9288889,601.0533333,6.444444444,4.875555556,37.54747009,127.073967,14.49511111,0,54.50666667,13.37777778,11303.20346,3.517179065,0.952620052,0.046876416,0,0,23,1,23160.25453,11.32
3582,12.975,178.7208333,168.75,558.9541667,548.9583333,4.579166667,4.725,37.54798889,127.0695038,14.49416667,0,56.12916667,14.50833333,11433.20429,1.948105344,0.83450738,0.057682301,0.088903904,0.0183757,77,1,30132.46955,9.304166667
3586,13.26180258,142.0171674,104.1072961,728.9527897,706.2403433,4.587982833,4.703862661,37.55771255,127.0772705,14.66223176,0,56.24463519,14.30042918,17652.58667,2.114244709,0.916222031,0.05999156,0,0.023690621,64,2,24387.15202,9.291845494
3587,14.96858639,34.45549738,30.37172775,0,0,3.884816754,3.879581152,37.54246521,127.0942307,15.15497382,0,53.16753927,13.86387435,20796.83261,7.289284165,1.000036244,0,0,0,83,0,25885.49212,7.764397906
3588,14.43410853,120.5736434,110.7906977,787.4418605,666.8217054,2.635658915,2.682170543,37.55237198,127.0735397,14.87829457,0,51.25581395,12.18604651,16228.72458,1.913747081,0.99946799,0,0,0.000253708,41,1,18162.44302,5.317829457
359,13.66834171,335.361809,258.281407,0,0,3.653266332,3.64321608,37.57606125,126.9976807,13.72085427,0,60.8718593,12.49748744,3694.560105,5.415235177,0.396735711,0.375121353,0,0.228069154,99,0,25973.70946,7.296482412
3600,14.66964286,33.79017857,4.241071429,94.33035714,87.01339286,7.808035714,8.53125,37.56119156,127.0496826,15.63883929,0,54.4375,13.60714286,12130.47681,5.299438363,0.963280961,0,0,0.035956621,28,1,14749.24648,16.33928571
3604,14.42857143,74.42857143,55.01020408,391.7857143,381.3265306,2.765306122,2.234693878,37.51311111,127.0539093,15.63265306,0,56.2755102,13.82653061,11790.73795,12.04961123,0.854507587,0.141827888,0,0,40,1,29111.93615,5
3606,14.2392638,147.0552147,187.9386503,0,0,3.036809816,3.006134969,37.52422714,127.02285,15.88343558,0,56.82822086,14.06748466,8128.370248,2.762675597,0.88829863,0.000256297,0,0.110755143,19,0,24588.37249,6.042944785
3609,13.82758621,180.362069,126.2931034,1591.448276,1577.258621,2.198275862,2.068965517,37.48536682,127.0384979,14.63362069,0,59.9137931,13.57758621,13284.612,11.42782703,0.925697244,0.064875437,0,0,116,2,34772.12891,4.267241379
361,12.09187279,249.7526502,250.4381625,543.1519435,530.95053,7.007067138,7.084805654,37.57324219,127.0159073,13.13533569,0,64.9380212,12.92579505,17327.72311,8.497917957,0.466992086,0.532761973,0,0,90,2,28390.14688,14.09187279
3610,13.375,15.1875,6.75,0,0,1.4375,1.25,37.46534729,127.1088028,15.925,0,59.875,13.8125,3104.487597,13.63956002,0.18649342,0,0,0.68476277,51,0,3079.012134,2.6875
3611,13.45588235,113.7647059,61.17647059,0,0,1.617647059,1.764705882,37.47123337,127.1072159,14.68235294,0,59.27941176,13.97058824,8432.709427,6.486005261,0.40970588,0.025658152,0,0.494219085,58,0,5010.857896,3.382352941
3612,14.52542373,114.3389831,76.11016949,0,0,2.245762712,2.228813559,37.46726227,127.0980148,15.94152542,0,58.72033898,14.87288136,7591.298074,14.41673994,0.299906025,0.019303805,0,0.616294001,51,0,9708.649876,4.474576271
3614,14.94505495,213.6208791,231.5549451,392.1923077,406.7307692,3.395604396,3.384615385,37.49840164,127.060936,15.68736264,0,57.98351648,14.71428571,24536.68507,4.227150511,0.996374307,0,0,0,36,1,38801.27157,6.78021978
3615,14.90243902,198,144.9756098,1081.804878,1255.804878,1.317073171,1.292682927,37.51446152,127.0326004,15.73414634,0,60.68292683,13.36585366,9340.233025,6.65294094,0.966676245,0.033457081,0,0,37,1,26700.39943,2.609756098
3616,14.97222222,177.2222222,171.75,586.8611111,595.6666667,1.361111111,1.555555556,37.49526215,127.0495071,15.66111111,0,60.58333333,15.25,25337.04772,2.819696399,0.993543393,0,0,0,71,1,34935.32638,2.916666667
3618,14.24137931,150.4482759,84.28275862,0,0,2.413793103,2.724137931,37.47364044,127.1070252,15.04068966,0,60.63448276,14.83448276,7857.893044,13.70689767,0.438539264,0.037670444,0,0.360521499,74,0,9675.343761,5.137931034
362,13.30041152,259.6584362,263.2798354,525.2139918,529.9794239,5.160493827,5.222222222,37.57219696,127.0230408,13.58333333,0,62.6418107,12.71604938,19093.20279,4.753455939,0.429865302,0.557890704,0,0,72,3,27715.18329,10.38271605
3620,14.83333333,146.8888889,249.1666667,637.4444444,1375.222222,1.111111111,1.111111111,37.51925659,127.0515976,14.9,0,60,12.11111111,13194.53753,11.89650496,0.958996404,0.020281098,0,0,48,1,18489.69306,2.222222222
3621,13.89583333,168.3541667,129.1458333,0,0,2.270833333,1.708333333,37.50286484,127.0659409,16.32291667,0,58.39583333,16.0625,13977.29281,9.503707337,0.848848347,0,0,0.150187304,50,0,21754.98808,3.979166667
3622,16.71794872,299.6666667,331.2820513,0,0,1.256410256,1.384615385,37.49986649,127.0605011,14.58974359,0,61.05128205,14.20512821,23977.03954,8.740403134,0.997534115,0,0,0,46,0,38499.65481,2.641025641
3623,15.09848485,46.51515152,33.79545455,0,0,2.757575758,2.643939394,37.49587631,127.0865021,15.41818182,0,58.65909091,14.38636364,11661.07461,4.236949189,0.344416226,0,0,0.654448561,21,0,10766.68223,5.401515152
3624,15.10344828,43.24137931,31.51724138,189.1724138,182.6551724,1.413793103,1.206896552,37.49017715,127.0730591,16.3862069,0,62.65517241,15.79310345,13513.52864,3.225998333,0.953589578,0.011647263,0,0.030275377,88,1,17699.29074,2.620689655
3627,15.27604167,89.33333333,117.375,840.2708333,885.5520833,5.328125,5.567708333,37.53075027,127.0416031,15.65833333,0,57.51041667,14.32291667,5649.817278,2.66496888,0.47980304,0,0,0.140102415,40,1,11130.62692,10.89583333
3628,13.71794872,414.4512821,448.9589744,0,0,2.882051282,2.835897436,37.49500275,127.0329437,15.00153846,0,60.71282051,14.15384615,14036.41468,3.730452582,0.616139964,0.377197615,0,0,71,0,44990.55023,5.717948718
3629,15.5,160.32,285.27,0,0,2.6,2,37.52416229,127.0489502,15.847,0,56.02,12.88,9921.80881,6.590132931,0.873313037,0.096972074,0,0.007077932,57,0,19100.21813,4.6
363,12.86956522,233.6600791,239.8656126,485.0948617,496.0118577,4.292490119,4.375494071,37.57559204,127.02285,13.4173913,0,63.66189723,12.96442688,19597.15097,5.973040113,0.694350598,0.304039133,0,0,66,3,23158.07165,8.66798419
3630,14.81818182,87.20454545,53.09090909,0,0,1.295454545,1.477272727,37.47685623,127.0553665,15.26363636,0,58.43181818,12.61363636,10713.1846,4.805088703,0.830668106,0,0,0.167387663,72,0,4612.167131,2.772727273
3634,14.02777778,294.375,190.2222222,0,0,1.569444444,1.666666667,37.47402191,127.0484467,14.625,0,61.80555556,13.58333333,9867.951255,3.229744114,0.939486785,0.008851299,0,0.05142633,121,0,17118.90024,3.236111111
3636,15.15555556,65.36666667,48.01111111,332.7111111,342.8666667,1.888888889,1.677777778,37.51264191,127.0515671,15.18555556,0,57.58888889,14.31111111,12051.24425,9.55947597,0.925154878,0.070929477,0,0,44,1,23918.92828,3.566666667
3637,15.53658537,46.6097561,28.26829268,0,0,1.585365854,1.56097561,37.46072388,127.1028748,15.73658537,0,56.36585366,15,4325.171796,5.709199034,0.291877982,0,0,0.306032552,10,0,5449.271522,3.146341463
3638,15,96.90721649,128.6494845,0,0,1.907216495,2.020618557,37.52796173,127.0516281,15.33505155,0,60.73195876,14.89690722,9442.686856,4.575745363,0.420167447,0.063807534,0,0.414767094,43,0,10289.69165,3.927835052
364,14.41333333,146.9733333,53.10666667,112.96,108.1333333,1.546666667,1.706666667,37.57933426,127.0150833,13.20466667,0,64.11333333,12.18666667,19727.12298,9.414756463,1.001839382,0,0,0,92,1,17302.93551,3.253333333
3640,13.83846154,69.89230769,86.52307692,0,0,2.238461538,1.976923077,37.4909668,127.0883637,15.46923077,0,58.9,13.70769231,10966.62449,3.099606266,0.465089277,0,0,0.531741964,38,0,13534.74969,4.215384615
3641,15.12371134,31.10309278,19.91752577,356.5463918,358.9381443,2.103092784,2.257731959,37.49370575,127.0799942,15.35360825,0,63.37113402,13.86597938,10691.0476,7.733021339,0.711042248,0.023395492,0,0.246692089,71,1,14058.81152,4.360824742
3642,15.27848101,52.93670886,39.56962025,0,0,2.53164557,1.64556962,37.47092819,127.0897064,15.87594937,0,57.84810127,15.2278481,6029.55724,22.72906956,0.253882637,0,0,0.693021221,12,0,6004.042078,4.17721519
3643,14.2037037,152.3425926,87.41666667,0,0,1.888888889,2.018518519,37.47267914,127.1037598,15.5,0,60.18518519,14.58333333,8075.742071,10.20726239,0.422725237,0.037670444,0,0.442889836,73,0,6400.148114,3.907407407
3644,14.60416667,58.30208333,53.23958333,347.9895833,375.40625,2.020833333,1.645833333,37.48276138,127.0804215,15.625,0,58.28125,14.46875,8462.537436,12.54471836,0.473255823,0.014458761,0,0.448168514,42,1,8813.744855,3.666666667
3646,14.71428571,86.60714286,54.14285714,806.3928571,907.2142857,1.553571429,1.464285714,37.5097847,127.0427704,15.79107143,0,57.71428571,12.64285714,13840.86589,5.709208,0.892025288,0.10736892,0,0,46,2,24110.00362,3.017857143
3647,13,59.28947368,41.10526316,127.1315789,120.0263158,1.605263158,1.368421053,37.48642349,127.0593185,13.15789474,0,60.94736842,10.73684211,16738.05986,6.019987993,0.97016214,0.029830093,0,0,80,1,11241.02096,2.973684211
3648,14.05555556,52.33333333,45.11111111,70.61111111,117.8333333,1.444444444,1.166666667,37.48670578,127.0605011,16.36666667,0,53.94444444,11.05555556,15618.19481,4.834445835,0.99678723,0.003205004,0,0,92,1,9438.243893,2.611111111
3649,14.58139535,58.37209302,52.53488372,104.0930233,135.5581395,1.418604651,1.651162791,37.48607635,127.0592194,15.35813953,0,55.81395349,11.8372093,16459.56294,6.019987993,0.975011067,0.024979872,0,0,89,1,10256.60091,3.069767442
3651,15.09493671,47.48101266,31.48101266,128.9367089,125.3860759,2.962025316,3.094936709,37.48929596,127.0661697,15.63291139,0,59.89873418,15.01898734,13565.52112,5.499727289,0.975131449,0.02487114,0,0,93,1,10591.76762,6.056962025
3652,14.38636364,65.93181818,54.31818182,0,0,1.795454545,1.431818182,37.54874802,127.1564026,15.16590909,0,61.25,14.52272727,10626.99756,6.424292301,0.55077135,0.048609655,0,0.401264915,46,0,12499.78787,3.227272727
3653,14.66666667,96.13888889,23.04166667,0,0,2.236111111,2.166666667,37.57201385,127.1717072,14.63611111,0,58.36111111,14.73611111,6297.7056,3.32504393,0.071726845,0,0,0.213684175,31,0,8003.460835,4.402777778
3654,15.12,108.68,18.73333333,0,0,1.84,2,37.57201767,127.1729507,15.57333333,0,55.68,15.06666667,7305.507106,1.203713758,0.104917273,0,0,0.075475508,34,0,7945.763807,3.84
3655,14.26315789,18.55263158,15.59649123,0,0,2.421052632,1.780701754,37.52726364,127.142334,14.63157895,0,62.4122807,16.14035088,9616.692834,1.761990208,0.432151262,0,0,0.175336745,51,0,12998.52918,4.201754386
3656,14.08173077,70.66346154,56.61538462,0,0,4.1875,4.173076923,37.53407288,127.1450043,14.42115385,0,60.07692308,14.87019231,23211.74046,3.205564534,0.863186726,0,0,0.136150526,53,0,22166.11847,8.360576923
3657,13.46982759,118.2241379,88.45689655,952.5215517,848.9698276,5.004310345,5.021551724,37.54074097,127.1257629,14.47974138,0,61.51293103,15.0862069,21944.6148,1.887114503,0.727214831,0.272135366,0,0,76,2,29325.29709,10.02586207
3658,14.83823529,129.5,97.41176471,0,0,2.294117647,2.544117647,37.5546875,127.1394043,14.55220588,0,59.83823529,14.28676471,27234.69283,6.820369927,0.868814899,0,0,0.129652498,56,0,24883.70317,4.838235294
3659,15.62162162,145.8513514,91.77027027,397.6621622,201.8243243,1.864864865,1.743243243,37.55464554,127.1425324,15.37972973,0,56.85135135,15.52702703,28423.51045,6.677323482,0.939499729,0,0,0.060489915,101,1,28028.97936,3.608108108
3661,14.01041667,43.23958333,40.59375,361.5208333,359.84375,2.114583333,1.979166667,37.55483246,127.1517334,14.51875,0,61.47916667,14.94791667,18111.97068,8.173906324,0.766372573,0.138555574,0,0.095075737,50,1,21897.86284,4.09375
3663,14.89393939,69.16666667,67.13636364,0,0,1.893939394,1.742424242,37.55845642,127.1441574,14.3469697,0,60.33333333,13.46969697,15991.37632,8.95802509,0.594510072,0,0,0.405084772,63,0,17404.89609,3.636363636
3664,14.02643172,42.49779736,36.47577093,271.8105727,268.3039648,5.678414097,5.898678414,37.52938843,127.1371841,14.35903084,0,60.70484581,14.78414097,19049.99478,1.737132389,0.804673403,0.005604873,0,0,46,1,25352.43715,11.57709251
3665,15.35338346,60.30827068,11.87969925,0,0,2.270676692,2.62406015,37.55058289,127.1654205,15.12857143,0,58.06766917,14.97744361,19089.4316,4.566587487,0.535713269,0,0,0.425835747,23,0,17686.85741,4.894736842
3668,13.95594714,65.97797357,54.25550661,0,0,7.378854626,8.162995595,37.53137589,127.1270752,14.46960352,0,60.44052863,14.84140969,23153.00294,1.692847598,0.999744998,0,0,0,66,0,28765.6177,15.54185022
367,14.27848101,133.3291139,72.67721519,235.0126582,211.9367089,3.860759494,3.278481013,37.57384872,126.9586945,13.79050633,0,63.09468354,13.26582278,13370.70196,22.86959182,0.757334876,0.017545972,0,0.220709036,187,1,17616.91896,7.139240506
3671,14.09333333,51.89777778,43.04444444,274.6844444,265.0622222,5.435555556,5.577777778,37.52926254,127.1364975,14.512,0,59.93333333,14.68888889,19450.58046,1.423075325,0.81557637,0.004398466,0,0,54,1,25185.31425,11.01333333
3672,15.48314607,25.2247191,12.97752809,0,0,1.719101124,1.786516854,37.56066513,127.1612854,15.36179775,0,59.23595506,14.34831461,11641.86111,10.31557083,0.571950781,0,0,0.26064214,91,0,11192.56377,3.505617978
3673,14.78431373,83.85294118,13.00980392,0,0,1.754901961,1.774509804,37.57095337,127.1717453,15.23431373,0,55.01960784,14.50980392,6574.83199,2.924368089,0.146384274,0,0,0.218745389,36,0,9700.975537,3.529411765
3674,14.21782178,105.7128713,29.95049505,0,0,1.821782178,2.128712871,37.57073975,127.1721573,14.80693069,0,58.14851485,14.16831683,6975.823199,3.32504393,0.177844052,0,0,0.186158164,51,0,10190.38912,3.95049505
3675,14.18518519,107.2222222,32.63703704,0,0,2.214814815,2.296296296,37.57180405,127.174469,14.47259259,0,57.42962963,13.62962963,8627.984898,1.912754606,0.145765538,0,0,0.006100639,50,0,7255.077779,4.511111111
3676,15.50943396,37.67924528,1,0,0,2.113207547,1.858490566,37.55736542,127.1801376,14.45754717,0,59.03773585,14.55660377,7981.330952,5.149254066,0.197615146,0,0,0.188119222,27,0,8028.624501,3.971698113
368,14.63535912,765.5911602,861.7458564,4382.093923,4672.944751,5.502762431,5.541436464,37.5692482,126.9805374,14.27762431,0,59.56906077,12.52486188,3408.575496,1.594084424,0.063776468,0.9365562,0,0,132,3,45522.70583,11.0441989
3680,12.7944664,89.96047431,66.86956522,503.8300395,496.8339921,7.865612648,7.944664032,37.53541565,127.1330948,14.13359684,0,62.18577075,15.08695652,34438.74055,7.402225894,0.65028568,0.34961206,0,0,24,1,37767.76099,15.81027668
3681,12.37827715,129.928839,115.3707865,236.247191,221.6292135,7.344569288,7.707865169,37.53685379,127.1394882,13.98164794,0,63.80898876,15.12359551,29365.32003,3.988959994,0.756335578,0.243726555,0,0,38,1,42180.18358,15.05243446
3682,14.17948718,105.7564103,119.7564103,710.2820513,744.9358974,1.948717949,1.858974359,37.54154587,127.1414795,14.53461538,0,60.38461538,15.02564103,29432.97061,3.087966576,0.972451983,0.027520834,0,0,29,2,40094.96948,3.807692308
3683,13.92195122,65.70243902,61.87317073,322.1609756,296.4292683,3.434146341,3.785365854,37.5437088,127.1422806,14.32829268,0,61.1902439,14.81463415,30314.21375,2.946188658,0.996832535,0.003100155,0,0,23,1,35822.40844,7.219512195
3684,14.93548387,86.51075269,37.31182796,0,0,3.172043011,3.779569892,37.55361176,127.1720352,14.98817204,0,58.6827957,15.39247312,15868.24212,8.48767351,0.750813548,0,0,0.242500731,52,0,23225.01055,6.951612903
3686,14.84166667,44.90833333,16.59166667,374.9833333,316.7166667,2.1,2.216666667,37.55885696,127.1514893,15.00416667,0,59.45,14.94166667,12522.58432,8.419709549,0.821894473,0.002456824,0,0.175668119,86,1,18186.34758,4.316666667
3688,15.32894737,60.31578947,8.697368421,0,0,1.710526316,1.710526316,37.54581833,127.1668854,14.88421053,0,58.97368421,14.42105263,6010.022272,5.793694522,0.298082175,0,0,0.344242773,13,0,8442.317544,3.421052632
3689,13.94610778,25.90419162,1.652694611,0,0,3.832335329,3.664670659,37.55740356,127.1765366,14.76886228,0,57.82035928,14.39520958,10169.88431,7.956766681,0.355905569,0,0,0.375464376,30,0,13166.69583,7.497005988
369,13.90780142,208.3049645,183.8439716,1216.078014,1025.198582,3.836879433,3.70212766,37.57549286,126.9785004,14.32198582,0,57.71248227,11.29078014,4323.491227,2.569562581,0.179897015,0.568990424,0,0.250668572,73,1,25989.01449,7.539007092
3690,16.77777778,70.61111111,18.48611111,0,0,2.791666667,2.208333333,37.55707169,127.1751404,15.02222222,0,61.09722222,17.31944444,11091.58447,7.956766681,0.41539748,0,0,0.396462587,52,0,14578.54354,5
3691,14.90625,70.3046875,71.25,334.734375,328.984375,2.7890625,2.8359375,37.52722931,127.1363525,14.7765625,0,57.4921875,14.453125,15471.19039,1.645304646,0.651695312,0,0,0,47,1,19996.81434,5.625
3692,13.64864865,12.18918919,2.202702703,0,0,3.837837838,4.445945946,37.51960373,127.13871,15.11081081,0,58.43243243,13.66216216,5740.435063,4.403312525,0.420057421,0,0,0.217206314,6,0,4459.829927,8.283783784
3698,13.4,83.92888889,71.18666667,290.2533333,249.1644444,3.724444444,3.648888889,37.55142593,127.1442108,14.416,0,61.17777778,15.33777778,30301.68819,5.083277352,0.999647916,0,0,0,89,1,28662.38392,7.373333333
3699,13.53110048,46.89952153,16.79425837,431.3349282,422.3062201,3.234449761,3.148325359,37.55655289,127.1658783,14.41339713,0,61.14832536,15.23444976,20129.63846,6.461862246,0.772474506,0,0,0.215966252,79,1,23150.0372,6.38277512
370,13.74396135,356.6231884,405.1545894,2056.956522,1915.700483,6.980676329,6.439613527,37.56322861,126.9748383,13.2821256,0,58.86956522,13.04347826,2909.270166,3.095721519,0.356587732,0.64230812,0,0,76,2,38845.41621,13.42028986
3700,15.39333333,40.40666667,31.31333333,0,0,3.193333333,3.9,37.54816437,127.1225739,15.59733333,0,57.05333333,15.39333333,12026.78713,2.062366073,0.499361847,0,0,0.500551426,8,0,15637.83654,7.093333333
3701,19.6,5.6,3.6,0,0,1.8,1,37.5232811,127.1461334,14.06,0,60.6,16,4688.591109,10.47242892,0.029810677,0,0,0.429096412,7,0,1855.871901,2.8
3703,15.12307692,287.9846154,225.6769231,647.3384615,538.3076923,1.523076923,1.538461538,37.61708832,127.0280991,13.70153846,0,61.66153846,13.44615385,22104.44781,15.11586771,0.997215685,0.002798553,0,0,183,1,23919.31035,3.061538462
3707,13.97575758,144.1939394,90.22424242,0,0,2.448484848,2.381818182,37.63713455,127.0313797,13.5030303,0,60.4,11.96363636,17522.76291,2.355447791,0.855592317,0.024037528,0.111275503,0.008609241,157,0,19840.80689,4.83030303
371,14.14383562,64.89041096,54.78767123,0,0,2.376712329,2.253424658,37.55887222,127.0055389,13.69657534,0,57.14383562,13.85616438,10840.86923,5.323167985,0.986285535,0.013021946,0,0,30,0,17537.28153,4.630136986
3711,15.18947368,171.6421053,120.7894737,0,0,2.021052632,1.863157895,37.6242218,127.0492172,14.42,0,58.57894737,13.02105263,15601.81688,6.08587958,0.784226618,0,0,0.193463915,146,0,14146.66909,3.884210526
3714,15.61904762,308.0238095,147.547619,669.8809524,385.3809524,1.404761905,1.666666667,37.61220932,127.0249786,13.07857143,0,63.45238095,13.19047619,25085.98664,6.778510711,0.890049991,0.035173492,0,0,113,1,25979.51405,3.071428571
3718,14.50588235,166.4588235,88.89411765,0,0,2.635294118,3.005882353,37.628685,127.0439072,13.84117647,0,60.74705882,13.72352941,14660.49966,13.17417585,0.721286351,0,0,0.266142164,170,0,12477.33378,5.641176471
372,13.49305556,57.58333333,51.56944444,455.8263889,454.3680556,2.083333333,2.034722222,37.55429459,127.0112,13.22777778,0,60.30555556,13.75694444,19180.54358,14.00651531,0.99884537,0,0,0,33,2,24896.40719,4.118055556
374,12.936,62.668,47.048,201.588,209.616,4.008,4.084,37.5604744,127.0140762,12.8548,0,60.82,13.48,18526.26766,2.644935357,0.994531042,0.005049564,0,0,27,2,22386.68409,8.092
3753,13.76086957,25.80434783,15.42028986,150.8043478,166.9492754,3.123188406,2.275362319,37.56113434,126.8161011,15.03550725,0,57.54312523,12.2173913,20999.15981,2.468666533,0.760987752,0.001665929,0,0.049025166,40,1,12041.5648,5.398550725
3754,13.48471616,41.48034934,19.32751092,226.8515284,208.0611354,4.266375546,4.11790393,37.5674057,126.8162155,14.47379913,0,62.06512149,14.83842795,22609.28153,1.375318106,0.801416622,0.025061421,0,0.033075224,67,1,17696.72198,8.384279476
3756,14.7,33.26842105,24.25789474,256.7473684,222.0263158,4.463157895,4.615789474,37.56497574,126.8174057,15.15736842,0,60.02308502,14.80526316,20670.78906,2.243847046,0.740192766,0.027928579,0,0.04952611,48,1,13244.7847,9.078947368
3757,14.81553398,45.92718447,26.21359223,256.1165049,244.0485437,5.883495146,5.631067961,37.56692886,126.8168411,14.85631068,0,58.97788835,13.79126214,21869.27144,1.375318106,0.773985104,0.025061421,0,0.035825884,63,1,16789.01622,11.51456311
3758,14.09947644,18.10471204,25.2460733,343.8848168,336.8638743,4.298429319,3.45026178,37.56059265,126.8208466,14.80837696,0,59.72343939,14.30366492,15355.14111,3.508427296,0.588634663,0.052252175,0,0.025399266,33,1,16048.77716,7.748691099
3759,14.15384615,118.9086538,102.7692308,641.6586538,632.6394231,5.663461538,4.971153846,37.5586319,126.8355942,14.8375,0,59.11776072,13.67307692,13923.85592,1.952151627,0.373130522,0.176803332,0.265893634,0.027269715,116,1,16116.75735,10.63461538
3760,13.29333333,117.72,97.76444444,653.7866667,616.5422222,5.582222222,5.346666667,37.55846024,126.8367615,14.62755556,0,60.63562792,14,14488.38711,1.952151627,0.491262611,0.163802097,0.202224604,0.028613331,130,1,17706.68182,10.92888889
3761,14.06976744,145.7596899,87.68992248,548.8294574,568.248062,2.023255814,2.023255814,37.5490303,126.8783646,14.70620155,0,61.99241701,14.51162791,13323.24691,6.843534599,0.492660593,0,0.229555157,0.286634254,70,1,12536.13393,4.046511628
3762,13.91534392,18.63492063,9.978835979,0,0,3.751322751,4.28042328,37.5606842,126.8191834,15.22804233,0,58.61584724,13.99470899,17511.66447,2.361836011,0.660295492,0.033703022,0,0.045364524,36,0,14292.13378,8.031746032
3763,14.04639175,127.814433,112.0412371,256.3556701,266.443299,3.432989691,3.81443299,37.55603027,126.864296,14.67371134,0,59.22330095,13.49484536,19453.67181,15.75118728,0.316705111,0,0.627669434,0.055606038,102,1,20216.42635,7.24742268
3764,13.30991736,122.6446281,100.5454545,609.9008264,585.1983471,4.55785124,4.776859504,37.55802917,126.841835,14.42066116,0,61.28983365,14.30991736,17528.57611,0.969310157,0.932124079,0.045031856,0.002266543,0.013068545,209,1,23796.51948,9.334710744
3765,15.44354839,151.7258065,110.2903226,0,0,2.153225806,2.491935484,37.54555511,126.8444977,14.88790323,0,58.89914599,13.7983871,25672.18386,12.25391997,0.891295231,0.108559794,0,0,124,0,21584.26917,4.64516129
3766,15.10769231,163.6153846,134.4,688.1230769,609.7692308,1.784615385,1.446153846,37.54457855,126.8437805,14.73076923,0,60.55884418,13.52307692,26495.8503,16.25304319,0.859388875,0.140450616,0,0,155,1,24392.72958,3.230769231
3767,14.18807339,134.0183486,110.2155963,0,0,5.330275229,5.573394495,37.54536819,126.8447037,14.7206422,0,59.83499765,14.34862385,25641.54805,12.25391997,0.890372303,0.109495665,0,0,128,0,21895.21556,10.90366972
3769,14.24888889,69.65333333,61.78222222,240.0933333,243.0711111,5.897777778,6.951111111,37.55713272,126.8631439,14.58622222,0,59.59024957,13.56444444,18887.83417,15.75118728,0.336354528,0,0.60032982,0.063314357,92,1,17434.6609,12.84888889
3770,14.37984496,55.28682171,33.13178295,0,0,2.341085271,1.984496124,37.54739761,126.8214111,14.54573643,0,58.98800934,13.49612403,8468.138571,4.045700532,0.212181344,0.03440978,0,0.752985598,117,0,5500.765547,4.325581395
3772,13.05976096,50.77689243,38.23904382,218.940239,224.6573705,6.247011952,6.442231076,37.5692482,126.8165054,14.21593625,0,61.87823373,14.37450199,22768.17624,2.498301758,0.816583435,0.025061421,0,0.023271227,103,1,18679.55607,12.68924303
3774,14.81770833,16.08854167,8.697916667,148.5,136.453125,3.583333333,4.515625,37.56108475,126.8167954,14.96770833,0,60.39342682,14.36979167,20379.27748,2.468666533,0.752230947,0.003285258,0,0.049193442,32,1,12033.02693,8.098958333
3775,13.97435897,84.33333333,73.46153846,355.0769231,354.1794872,3.364102564,3.369230769,37.56644058,126.844307,14.76102564,0,59.47480736,13.42564103,12366.0444,5.599160555,0.475584499,0.033151596,0.443597889,0.013010296,108,1,20759.59121,6.733333333
3776,15.32743363,6.601769912,2.884955752,0,0,1.946902655,2.07079646,37.5675354,126.8051834,14.78141593,0,56.82424665,13.69026549,9535.853701,2.579344225,0.402930844,6.99E-05,0,0.59697078,24,0,11751.48837,4.017699115
3778,13.70222222,45.63555556,45.79555556,245.96,230.7511111,4.702222222,4.586666667,37.56179428,126.80793,14.65022222,0,60.872649,14.25777778,9738.326834,1.856966412,0.491336393,0.092864854,0,0.415455729,87,2,11197.44561,9.288888889
3780,12.88372093,144.7364341,122.0077519,660.5542636,647.6046512,8.147286822,8.585271318,37.55755234,126.8562546,14.26511628,0,61.97236931,14.47674419,20707.85482,0.595877219,0.367770296,0.045426656,0.473302422,0.105712052,132,1,20999.43599,16.73255814
3782,14.68983957,30.13368984,6.978609626,367,361.7540107,3.695187166,3.668449198,37.57128906,126.8377762,14.68074866,0,59.86135884,14.19786096,6261.111608,20.70310778,0.05786611,0.028731124,0.323301516,0.312877488,93,1,8759.854357,7.363636364
3783,15.00534759,16.86631016,2.561497326,0,0,3.673796791,3.657754011,37.57410049,126.8371124,15.17593583,0,58.02448032,13.82352941,4335.421939,20.70310778,0.008020276,0,0.151374294,0.448454582,59,0,4970.82894,7.331550802
3784,14.75,10.18627451,0.009803922,0,0,6.049019608,5.573529412,37.57531738,126.8366699,14.9877451,0,58.83592823,13.92647059,3375.011926,20.70310778,0,0,0.094274486,0.536915792,37,0,3170.622694,11.62254902
3785,14.45588235,52.03431373,31.90196078,340.7794118,333.0294118,4.921568627,4.740196078,37.55737305,126.8233261,14.81127451,0,59.86461099,14.19117647,12991.02444,2.428903817,0.607776665,0.19098638,0,0.034257037,54,1,16865.38525,9.661764706
3786,14.35802469,51.85185185,35.98148148,442.3765432,346.4012346,3.061728395,2.580246914,37.54663849,126.8365784,15.20987654,0,60.60000633,15.07407407,27638.852,14.38942206,0.972277235,0.007872711,0,0.019824165,115,1,25832.07209,5.641975309
3787,15.80701754,15.14035088,7.710526316,0,0,2.456140351,2.456140351,37.57386398,126.8434753,15.68421053,0,60.47437135,15.27192982,5572.531629,27.63014658,0.215039441,0,0.085940959,0.62973793,14,0,4649.103917,4.912280702
3788,11.28,1.6,0.2,0,0,3,3.16,37.5841713,126.8193283,15.584,0,61.50554872,10.84,4229.998333,4.660257998,3.11E-05,0,0,0.999867968,6,0,1351.149503,6.16
379,13.61111111,390.8,390.7666667,3079.222222,2738.3,3.316666667,3.288888889,37.55599976,126.9733582,13.50833333,0,60.06666667,13.65555556,8185.274199,7.647900562,0.400369171,0.514207642,0,0.00068993,150,4,29804.02424,6.605555556
3792,13.98064516,181.3354839,125.7870968,701.1290323,537.0129032,2.587096774,2.677419355,37.54382706,126.843689,14.28387097,0,61.30632258,14.21935484,26797.70118,14.50587147,0.848295627,0.151549042,0,0,154,1,25472.49942,5.264516129
3793,14.08510638,94.2606383,90.56382979,0,0,3.515957447,3.542553191,37.56557083,126.8462448,14.85,0,57.43142935,12.85106383,14876.86756,9.176641064,0.550552591,0.005690306,0.428062164,0.015676818,107,0,22456.71541,7.058510638
3794,14.85128205,64.00512821,39.91282051,0,0,5.364102564,6.102564103,37.55224609,126.8764877,14.94512821,0,59.94983037,14.1025641,17278.32241,18.07843688,0.151674602,0,0.4413883,0.423803495,52,0,12285.70068,11.46666667
3796,13.55508475,38.48305085,29.52542373,242.9067797,237.1694915,5.61440678,5.338983051,37.56087875,126.8135452,14.44915254,0,61.04637983,14.02118644,20241.4191,1.639468348,0.767876698,0.059636887,0,0.04743302,96,2,12886.97931,10.95338983
3797,14.48550725,54.9057971,31.93478261,0,0,2.282608696,2.34057971,37.54857254,126.8207626,14.99202899,0,59.49783166,14.21014493,8429.674378,2.664965969,0.244439785,0.111769975,0,0.642872491,124,0,6112.540355,4.623188406
3798,12.06271777,209.4181185,187.543554,0,0,10.89547038,11.30662021,37.55510712,126.8515472,13.90487805,0,63.4007469,14.70034843,20600.92894,1.59155623,0.76107189,0.086971323,0.059314574,0.084867878,158,0,17355.94204,22.20209059
3799,13.5,27.43478261,39.29347826,0,0,2.445652174,2.467391304,37.55688477,126.8092651,14.75652174,0,59.61615385,13.84782609,7730.386329,1.894657895,0.390365831,0.004468365,0,0.605136031,42,0,7673.893807,4.913043478
380,13.53809524,184.3047619,156.552381,1142.509524,1120.92381,3.9,3.9,37.56386566,127.0027466,13.18571429,0,58.8047619,13.4,7459.884417,1.289959644,0.344782549,0.65249268,0,0,62,3,28013.09729,7.8
3801,14.15384615,7.942307692,3.519230769,1008.134615,1071.336538,6.375,4.153846154,37.56719208,126.8347549,15.24519231,0,56.71161243,13.08653846,8444.249444,4.612250842,0.011845311,0.023069296,0.424169819,0.408080078,24,2,13090.42604,10.52884615
3802,13.5,13.58139535,3.023255814,0,0,3.639534884,2.930232558,37.47288132,126.9600372,12.04476744,0,70.24580426,14.03488372,15087.19768,9.139453966,0.421701344,0,0,0.578112258,35,0,13951.07366,6.569767442
3803,13.10628019,88.64251208,97.9468599,0,0,2.52173913,2.497584541,37.48313141,126.9213562,12.88164251,0,69.18693639,16.4589372,22415.70536,4.902978662,0.997338656,0.002700177,0,0,22,0,20497.31813,5.019323671
3804,16.43478261,36.80434783,5.195652174,0,0,2.586956522,2.065217391,37.47185516,126.9587174,15.25434783,0,65.04567029,19.34782609,12534.13343,10.30222337,0.271766454,0,0,0.728052326,40,0,6838.153977,4.652173913
3806,14.69230769,76.46153846,8.769230769,0,0,1.538461538,1.153846154,37.46895981,126.9576569,14.04423077,0,65.57230769,18.34615385,8257.899877,19.21013986,0.029242423,0,0,0.970652728,54,0,3467.116423,2.692307692
3807,14,215.71875,160.078125,1566.585938,1219.195313,2.0546875,2.125,37.48497391,126.934372,13.05703125,0,63.49304036,14.265625,27383.79239,15.2672026,0.91193618,0.095055026,0,0,88,1,27806.96297,4.1796875
381,13.46666667,86.66666667,75.66666667,0,0,1.6,1.333333333,37.55853271,127.0069885,13.76,0,56.8,11.73333333,11769.23966,4.335647326,0.993838523,0.00543142,0,0,37,0,16952.1511,2.933333333
3810,15.9787234,154.3404255,101.8510638,0,0,1.510638298,1.255319149,37.47888184,126.9584198,13.74042553,0,67.09971631,16.08510638,23248.98047,14.17821486,0.953673716,0.020261682,0,0.025795361,85,0,29351.45827,2.765957447
3811,13.32142857,97.23660714,105.0580357,0,0,4.334821429,4.700892857,37.48675156,126.9227219,13.015625,0,68.38266369,15.98214286,24163.08235,8.979531714,0.95416301,0.045425362,0,0,44,0,27613.59022,9.035714286
3812,13.60326087,151.8152174,139.1576087,1774.293478,1657.847826,2.461956522,2.52173913,37.48163223,126.9471893,13.18043478,0,68.0013904,15.93478261,29457.46583,5.691237783,0.929765631,0.070194242,0,0,73,2,37830.41366,4.983695652
3813,13.85483871,115.9274194,84.68548387,680.6209677,649.5645161,1.935483871,1.822580645,37.47752762,126.9627686,12.92862903,0,68.53533602,15.55645161,20033.02785,11.57343664,0.982160193,0,0,0.01508397,97,1,25172.27214,3.758064516
3814,12.82608696,148.7347826,100.1478261,0,0,3.352173913,3.460869565,37.48204803,126.9152451,13.15456522,0,68.8489058,16.20434783,20801.17739,6.686527794,0.927055099,0.072931957,0,0,70,0,20497.09981,6.813043478
3815,12.99487179,149.5846154,131.8512821,1389.461538,1411.74359,2.933333333,2.887179487,37.47639847,126.9768372,13.02564103,0,68.65415812,16.43589744,20307.55144,3.814541224,0.919696275,0.078301244,0,0,25,2,31688.64701,5.820512821
3816,13.8128655,158.0350877,143.2339181,1163.035088,1114.175439,2.30994152,2.397660819,37.47909164,126.9494171,12.5380117,0,70.06644737,15.77192982,27767.03892,4.421355978,0.894515767,0.105690047,0,0,43,1,37070.93245,4.707602339
3818,14.77586207,61.0862069,58.81609195,0,0,3.310344828,3.781609195,37.48857117,126.9213867,13.38304598,0,67.54911398,16.63218391,22193.44395,4.39378344,0.924783377,0.074680729,0,0,55,0,26497.35188,7.091954023
3819,14.73333333,311.9,170.7666667,0,0,1.533333333,1.366666667,37.4722023,126.9339066,12.765,0,64.93333333,14.2,18406.48108,17.51374817,0.995496685,0,0,0.004675474,114,0,21460.01157,2.9
382,13.83064516,69.82258065,64.50806452,426.7177419,458.6370968,1.911290323,1.919354839,37.55519867,127.0100479,13.85483871,0,60.84677419,13.53225806,17114.7186,6.966015078,0.999304892,0,0,0,42,2,24370.40158,3.830645161
3820,17.5,398,151.5,1461,1059,1.5,1.5,37.48506546,126.9554596,14.475,0,69,23.5,28423.30121,14.62851706,0.935824848,0.06404312,0,0,94,1,26897.02151,3
383,12.05208333,97.17013889,103.2395833,577.5,563.4548611,7.270833333,7.333333333,37.5658493,127.0164032,12.75868056,0,61.90277778,13.55555556,19620.66284,3.456618893,0.389310872,0.610602401,0,0,32,2,32025.94725,14.60416667
384,13.97142857,275.3142857,341.1142857,613.1714286,694.2285714,1.314285714,1.285714286,37.55978012,126.9685059,13.35428571,0,57.74285714,13.4,10151.48919,4.364884118,0.568418287,0.396800433,0,0.030280554,142,2,26258.10548,2.6
385,13.93333333,775.4611111,780.7944444,3188.216667,3252.533333,4.733333333,4.672222222,37.56983566,126.9826584,14.20888889,0,59.55,12.45,2989.892022,1.667493333,0,1.00035079,0,0,112,2,47777.78879,9.405555556
3853,13.61212121,105.7636364,91.67272727,714.030303,610.2848485,3.066666667,2.545454545,37.54764938,127.074707,14.49818182,0,55.91515152,13.8969697,11452.84142,3.873807226,0.956359654,0.043085036,0,0,22,1,20416.81295,5.612121212
3860,13.15546218,91.34453782,72.90756303,599.5630252,560.0630252,3.844537815,3.819327731,37.5465126,127.0757141,14.34537815,0,55.68907563,14.14705882,9857.029139,2.896613506,0.949582029,0.036488631,0,0,18,1,16775.43242,7.663865546
3863,13.80327869,108.6803279,96.01639344,0,0,2.483606557,2.336065574,37.55775452,127.0729752,14.42540984,0,55.60655738,14.18032787,15996.68294,2.782581263,0.716937073,0.050626374,0,0.232133657,42,0,16505.34786,4.819672131
3864,13.94652406,94.35828877,85.77540107,0,0,2.700534759,2.582887701,37.5450058,127.083374,14.29411765,0,54.26737968,13.57754011,19783.51073,8.098846841,0.950719831,0,0,0,62,0,15062.27197,5.28342246
3865,14.42990654,76.23831776,42.11214953,310.2102804,322.4813084,4.607476636,4.630841121,37.53520966,127.0690002,14.76962617,0,54.47663551,13.76635514,21693.75655,2.543828652,0.921843731,0.034192316,0,0.028070966,71,1,25070.08049,9.238317757
3868,14.89,120.37,88.5,0,0,4.285,4.51,37.52916336,127.0779877,15.1155,0,53.35,14.285,12469.57378,7.768487956,0.602193797,0,0,0.397819148,53,0,14275.49306,8.795
387,13.44334975,202.4334975,253.3497537,2588.172414,2654.610837,3.738916256,3.315270936,37.56699371,127.0034638,12.94482759,0,60.04926108,12.87192118,6291.894057,3.715513255,0.029676056,0.970604834,0,0,80,6,31271.96545,7.054187192
3873,13.93548387,207.0430108,178.2956989,680.811828,642.8978495,2.698924731,2.623655914,37.53470993,127.0844727,14.6,0,55.0483871,14.02150538,20027.42013,1.901715164,0.939186478,0.060764334,0,0,113,1,25742.93779,5.322580645
3878,13.4,11.8,19.8,0,0,1.2,1,37.54983902,127.1030273,14.24,0,47.8,10.2,10310.63125,20.75078788,0.568649989,0,0,0.431334478,49,0,7320.218844,2.2
3879,14.11881188,66.72277228,55.85643564,0,0,3.475247525,3.643564356,37.56628036,127.0774765,15.1450495,0,54.88613861,14.71782178,20482.26791,2.234893965,0.73476523,0,0,0.265447057,85,0,16211.17201,7.118811881
388,13.79508197,221.8032787,277.2213115,1199.45082,1331.016393,2,2.032786885,37.58573532,127.0016098,13.27909836,0,64.11885246,13.19672131,14995.17931,12.32543465,0.969986098,0.028458,0,0,109,1,26073.32784,4.032786885
3880,14.57425743,88.86138614,54.63366337,553.3168317,439.1683168,2.148514851,1.782178218,37.54896927,127.0935288,15.72970297,0,55.76237624,15.14851485,18183.63319,11.26741656,0.939525618,0,0,0.060698318,74,1,14990.61379,3.930693069
3881,13.6147541,106.2090164,80.60655738,0,0,7.028688525,7.258196721,37.53298569,127.0757904,14.42827869,0,55.1352459,13.85655738,26272.41501,2.768773444,0.960066896,0,0,0.039949932,81,0,23770.7607,14.28688525
3882,14.13513514,116.3189189,103.1513514,0,0,4.308108108,4.248648649,37.52879333,127.0846329,14.77945946,0,54.38918919,13.88108108,9183.115517,9.051843663,0.618411685,0,0,0.381957227,34,0,12122.09273,8.556756757
3886,15.14772727,46.89772727,42.11931818,0,0,4.022727273,4.051136364,37.5391922,127.0980148,14.75056818,0,54.71590909,14.31818182,15436.74726,3.304428379,0.809426543,0,0,0.190801277,82,0,26410.4235,8.073863636
389,13.46,269.5066667,178.4533333,2509.806667,2086.7,4.113333333,4.24,37.5667305,126.9966049,13.224,0,58.36,11.75333333,4366.700686,3.655320788,0,0.997222158,0,0,55,4,33035.80118,8.353333333
390,14.46892655,108.8644068,103.3107345,1146.909605,1147.242938,3.152542373,3.107344633,37.56138992,126.9953537,13.67344633,0,58.28248588,13.58757062,5700.075133,2.850507915,0.477942947,0.518855933,0,0,36,2,20616.22379,6.259887006
3902,15.49122807,76.94736842,31.89473684,0,0,1.49122807,1.614035088,37.47819901,126.8248749,15.5122807,0,60.59649123,11.03508772,6012.671483,14.80676352,0.011176091,0,0,0.234728986,48,0,4424.781445,3.105263158
3903,14.99090909,210.8636364,166.5545455,686.4818182,600.5909091,2.290909091,2.3,37.49333954,126.8591766,15.38454545,0,64.23636364,12.75454545,16823.0611,1.366165439,0.752926055,0,0.21752086,0,158,1,21983.09735,4.590909091
3904,13.24081633,115.8244898,96.68163265,1314.077551,1222.044898,6.408163265,6.306122449,37.50624084,126.8911438,14.93346939,0,66.27346939,13.81632653,21413.30766,5.429561508,0.452630407,0.18162896,0.143869201,0.220525227,134,2,26175.21175,12.71428571
3905,14.01435407,80.44497608,65.29665072,0,0,4.535885167,4.71291866,37.50191498,126.8892441,15.30861244,0,63.88995215,13.61244019,19334.96273,5.678690603,0.717060043,0.250278949,0.000917749,0.030544618,120,0,23163.15448,9.248803828
3906,13.38095238,5.40952381,4.333333333,0,0,3.085714286,3.752380952,37.47604752,126.8450165,15.46761905,0,60.04761905,10.84761905,3768.556471,14.21686161,0.055929645,0,0,0.329820256,15,0,3024.330933,6.838095238
3907,14.1182266,104.5517241,105.7783251,0,0,3.807881773,3.793103448,37.50862503,126.8835373,15.0137931,0,65.1182266,13.15270936,24937.09311,1.895045381,0.604087545,0.042695413,0.353183387,0,178,0,22335.05051,7.600985222
3908,14.14666667,61.36666667,51.82,460.8266667,406.0533333,1.993333333,2.68,37.49267197,126.8416214,15.49533333,0,65.12666667,13.61333333,15509.37743,8.605312375,0.576177088,0.096372754,0.201710716,0.118722348,115,1,19972.16749,4.673333333
391,13.97222222,359.9583333,380.25,2364.506944,2118.541667,3.472222222,3.111111111,37.56505203,126.9734039,13.38194444,0,57.50694444,12.72222222,3329.152281,3.095721519,0.575162257,0.424945181,0,0,87,2,35722.25573,6.583333333
3910,15.15517241,55.75862069,15.20689655,0,0,1.465517241,1.810344828,37.48389053,126.8221817,15.84655172,0,60.9137931,11.93103448,5100.98985,6.430134069,0.177636944,0,0,0.209941984,77,0,4226.599011,3.275862069
3911,14.96,78.44,31.92,0,0,1.12,1.48,37.48337555,126.8224793,16.328,0,60.68,14.36,5344.619931,6.111348133,0.162015787,0,0,0.224767068,87,0,4437.046347,2.6
3912,14.55140187,184.2149533,117.0093458,644.0186916,467.9813084,1.971962617,2.056074766,37.49385834,126.8564682,14.87476636,0,67.77570093,14.28037383,18386.53615,2.568478872,0.800876846,0,0.19903125,0,187,1,25734.39885,4.028037383
3914,13.54028436,103.492891,76.52132701,0,0,4.587677725,4.753554502,37.50126266,126.891182,14.88720379,0,66.65876777,13.81990521,18688.71032,28.35441212,0.68798719,0.271301754,3.11E-05,0.039045126,144,0,23042.41477,9.341232227
3915,15.28571429,115.3928571,78.10714286,0,0,1.642857143,1.25,37.49382782,126.8390732,14.50714286,0,66.78571429,16.42857143,14819.44991,11.94407519,0.717841878,0.079902452,0.200737306,0,120,0,20717.3932,2.892857143
3917,13.53684211,38.58947368,26.83157895,384.2526316,412.9052632,2.315789474,1.705263158,37.48859024,126.8247833,15.49473684,0,61.68421053,12.46315789,5872.687733,9.965979506,0.638778215,0,0.00179796,0.171791307,110,2,5759.002152,4.021052632
3918,13.73648649,111.3310811,72.66891892,423.5608108,361.2027027,2.25,2.506756757,37.4949913,126.8418503,15.15,0,67.23648649,14.2972973,17005.48567,11.06039418,0.648586096,0.147335679,0.186467532,0.017015256,116,1,22796.67616,4.756756757
3919,14.37560976,106.5121951,71.71219512,592.6829268,556.7365854,4.36097561,3.951219512,37.50096512,126.88237,15.42146341,0,63.57560976,13.09268293,18248.93702,3.683121307,0.566555605,0.032000849,0.40129857,0,117,1,18470.58863,8.312195122
3920,14.04938272,193.9135802,159.9012346,740.7654321,645.617284,1.925925926,1.925925926,37.49555206,126.8569794,15.51728395,0,62.96296296,12.88888889,19840.27008,3.762852694,0.620464648,0,0.379433092,0,182,1,23141.84765,3.851851852
3922,13.83870968,42.96774194,27.96774194,0,0,1.612903226,1.35483871,37.47715378,126.839859,16.28064516,0,52.29032258,7.967741935,6104.619097,11.01452317,0.203327457,0,0,0.587416606,45,0,6279.885132,2.967741935
3923,14.47058824,144.2823529,100.8470588,0,0,2.035294118,1.964705882,37.50075531,126.8770828,15.3,0,62.87058824,12.10588235,12664.92273,4.828921788,0.044554212,0.00457192,0.890214383,0.060497682,83,0,14426.914,4
3924,15.5,112.75,50.91666667,0,0,1.375,1.458333333,37.49090958,126.8296509,15.89166667,0,59.41666667,10.66666667,8356.391325,8.654773596,0.904647255,0,0.064431448,0.028218531,143,0,8000.221339,2.833333333
3925,14.40540541,99.51351351,84.12162162,0,0,2.837837838,2.175675676,37.50127029,126.8767853,16.11621622,0,57.04054054,9.891891892,12524.20568,4.828921788,0.028661225,0.00200248,0.875008737,0.094090677,75,0,15138.99615,5.013513514
393,13.61611374,403.7582938,429.3033175,1098.412322,1048.526066,7.090047393,6.976303318,37.57014084,127.0093765,14.01018957,0,61.55194313,12.85781991,7341.858366,13.09618173,0.164429895,0.835299569,0,0,75,2,31533.41444,14.06635071
394,13.03649635,502.9708029,425.0583942,936.8467153,812.2335766,3.751824818,4.058394161,37.56748962,126.9659195,13.7770073,0,61.95255474,11.91970803,14815.03753,8.202402628,0.824676199,0.175167175,0,0,234,1,25143.35694,7.810218978
395,14.50295858,287.1005917,254.591716,774.1183432,791.9171598,3.431952663,3.224852071,37.56885529,126.9645615,13.7647929,0,62.22485207,12.6035503,17312.06981,8.637220988,0.87814902,0.119936521,0,0,222,1,22157.66507,6.656804734
3956,14.45578231,56.33333333,26.73469388,756.170068,758.1564626,3.244897959,3.25170068,37.46557617,126.8872452,15.78163265,0,52.06802721,15.59183673,7511.888836,2.033260029,0.031829985,0,0.636713603,0.15474369,108,1,11753.45892,6.496598639
3958,15,58.93617021,44.27659574,535.7978723,414.2234043,2.234042553,2.361702128,37.45739746,126.8934174,15.53829787,0,53.90425532,15.18085106,13068.94432,5.088620624,0.385520787,0,0.401552278,0.210770418,116,1,11990.13869,4.595744681
3959,14.10588235,251.9529412,118.7411765,0,0,2.705882353,2.958823529,37.45415115,126.9004517,15.57411765,0,55.53529412,17.14117647,15272.72632,7.364149371,0.607969534,0.081271957,0.310654955,0,145,0,15259.77525,5.664705882
3963,13.1097561,377.4085366,220.6585366,0,0,2.506097561,2.609756098,37.46865845,126.898262,15.07987805,0,57.44512195,16.04268293,18967.72018,2.773365929,0.547004564,0.076758286,0.376153012,0,181,0,18652.77115,5.115853659
3966,13.99052133,58.16587678,34.48341232,657.5402844,634.5781991,5.876777251,7.075829384,37.46709442,126.8892059,15.47535545,0,54.09478673,15.87677725,10932.19673,1.969317883,0,0,0.904713271,0.084092515,185,1,15166.68385,12.95260664
3967,13.89285714,161.0357143,34.70238095,0,0,1.916666667,1.738095238,37.45191956,126.9137573,15.16904762,0,56.66666667,16.22619048,15037.6466,19.95169563,0.896584263,0,0,0.103380787,106,0,12444.51754,3.654761905
3969,14.43918919,38.43918919,27.67567568,0,0,2.783783784,3.013513514,37.46239853,126.8917542,15.73581081,0,53.02027027,15.84459459,16394.85635,5.079193969,0.142154084,0.00028348,0.695259287,0.118155388,78,0,13112.40875,5.797297297
397,14.97297297,281.0990991,415.4324324,2749,4277.45045,2.387387387,2.117117117,37.57048035,126.9966354,14.59504505,0,58.8963964,12.76576577,3232.660682,5.202110491,0,0.896227001,0,0.103753582,87,6,28174.65122,4.504504505
3970,14.52941176,238.2058824,133.2058824,0,0,1.588235294,1.352941176,37.45894241,126.9059296,17.25588235,0,46.85294118,17.64705882,22982.94752,5.32334997,0.999983172,0,0,0,55,0,12285.4061,2.941176471
3971,13.85714286,125.4285714,99.71428571,0,0,1.285714286,1,37.45838165,126.9080734,15.21428571,0,51.85714286,15.14285714,21996.76484,11.56343818,0.969700029,0,0,0.030296087,33,0,8762.221027,2.285714286
3972,18.4,215.6666667,40.13333333,0,0,1.066666667,1.333333333,37.46272278,126.9072189,15.3,0,55.06666667,17.86666667,22974.66992,16.99655413,1.001500242,0,0,0,70,0,14262.33961,2.4
3973,16.68292683,296.8780488,70.53658537,0,0,1.585365854,1.365853659,37.4632225,126.9035721,15.46097561,0,55.24390244,16.3902439,22465.72939,10.42701307,1.001254301,0.000164392,0,0,79,0,16467.44348,2.951219512
3974,15.18367347,53.2244898,38.69387755,0,0,1.93877551,2.040816327,37.45936584,126.8867798,14.9244898,0,51.24489796,13.85714286,6155.348899,7.829438426,0.249321073,0,0.131284772,0.16161322,78,0,5861.042199,3.979591837
3975,14.33333333,300.9032258,296.9462366,0,0,4.021505376,3.913978495,37.47739792,126.8887787,15.75752688,0,52.8172043,15.90860215,9775.000178,4.728530445,0.224865444,0.040528541,0.733507046,0,183,0,27169.09804,7.935483871
3977,12.78723404,324.2765957,212.929078,0,0,2.482269504,2.397163121,37.46628952,126.8973846,15.33475177,0,57.24822695,17.58865248,19939.16441,2.978749195,0.46445889,0.076758286,0.458697391,0,129,0,17985.77611,4.879432624
398,14.63541667,409.03125,440.9739583,1278.265625,1287.109375,4.583333333,4.494791667,37.56655884,126.9924393,13.33229167,0,58.48958333,13.45833333,4056.522062,1.362448228,0,0.999325603,0,0,69,2,36786.65338,9.078125
3980,15.60377358,44.75471698,31.1509434,0,0,2.650943396,2.773584906,37.46139526,126.8900375,15.48018868,0,55.17924528,16.20754717,12915.84001,5.079193969,0.219624305,0,0.507198314,0.163128995,86,0,11893.24084,5.424528302
3983,14.24358974,125.775641,137.9615385,455.1858974,403.6217949,2.653846154,3.551282051,37.45703506,126.8943253,15.58076923,0,53.89102564,15.57692308,13203.45953,5.088620624,0.404869897,0.004659941,0.387593166,0.199791079,109,1,12544.29963,6.205128205
3984,14,111.2077922,79.63636364,0,0,4.175324675,3.948051948,37.47636795,126.8808365,15.17922078,0,54.02597403,15.27922078,2561.584554,1.837418805,0,0,0.90393532,0.000119087,128,0,18477.67195,8.123376623
3985,14.35353535,78.52525253,53.31313131,0,0,3.616161616,3.363636364,37.48017502,126.8768005,15.12929293,0,52.04040404,14.54545455,2295.51224,1.501893398,0,0,0.718918842,0.027017301,86,0,15859.75922,6.97979798
399,14.32394366,148.971831,111.9225352,0,0,3.091549296,2.316901408,37.55410767,126.9654083,13.37957746,0,59.51408451,13.92253521,21603.8412,11.35956511,0.854558069,0.096147523,0,0,103,0,17045.86493,5.408450704
400,14.15135135,149.2216216,90.78378378,0,0,3.497297297,3.594594595,37.58752441,126.8830032,15.18540541,0,58.67567568,15.15675676,5843.027872,16.76334294,0.324874246,0.041454057,0,0.419507289,56,0,8609.246716,7.091891892
4002,14.25149701,44.59281437,28.21556886,0,0,2.526946108,2.730538922,37.66963577,127.0597076,13.85449102,0,64.10179641,15.5508982,17159.20444,19.24590329,0.69568127,0,0,0.304310963,69,0,16945.99172,5.25748503
4003,13.25416667,68.7875,51.725,1042.995833,880.125,4.183333333,4.2,37.65680313,127.0665741,12.76083333,0,68.81666667,15.86666667,25267.49334,2.156116948,0.967962907,0.022407843,0,0.009275871,129,2,40254.25,8.383333333
4004,13.92307692,50.36651584,20.62895928,504.2895928,497.4977376,3.185520362,3.018099548,37.66260529,127.0755768,12.63891403,0,68.97285068,15.73303167,24480.03805,13.98970287,0.812909848,0,0,0.182766762,87,1,20868.37228,6.20361991
4005,14.08108108,66.43783784,46.65945946,520.8918919,500.7513514,2.827027027,2.745945946,37.65955734,127.0752564,12.89567568,0,67.99459459,15.4,27119.55863,10.13357802,0.892141786,0,0,0.107867275,92,1,23592.72432,5.572972973
4007,12.70866142,109.2165354,75.71259843,407.6968504,446.2952756,4.748031496,4.771653543,37.63666916,127.0696945,12.42283465,0,69.96062992,15.79133858,19017.68972,2.584823073,0.917508692,0.020727676,0,0.061723505,115,1,23342.7791,9.519685039
4008,13.13580247,99.14814815,58.22633745,433.6666667,456.2592593,4.580246914,4.456790123,37.63214493,127.0698242,12.77654321,0,69.90534979,16.11111111,19093.82339,1.835326358,0.912985961,0,0,0.086984268,137,1,18321.85563,9.037037037
4009,15.73267327,54.27722772,3.128712871,0,0,2.376237624,1.831683168,37.63284302,127.0521317,13.45445545,0,68.85148515,16.65346535,7016.332271,9.287808304,0.378868722,0,0,0.620139746,66,0,7112.404707,4.207920792
401,14.53548387,120.5419355,86.39354839,0,0,2.806451613,2.916129032,37.58618927,126.8816147,15.31935484,0,58.10322581,15.1483871,5949.312341,15.7800327,0.419023173,0.066141388,0,0.335752619,31,0,10582.913,5.722580645
4011,13.71226415,101.6415094,67.89622642,263.6839623,265.9622642,3.278301887,4.117924528,37.62917328,127.0569305,13.06650943,0,66.69811321,15.74056604,16057.5827,11.75931432,0.560769512,0.07284523,0,0.361395238,107,1,12279.25782,7.396226415
4013,14.09767442,144.8790698,123.855814,0,0,4.36744186,4.348837209,37.64584351,127.070755,13.21116279,0,66.40465116,15.73023256,21547.54518,2.675178004,0.919738992,0,0,0.080257125,73,0,22144.74725,8.71627907
4014,14.03846154,20.24725275,2.587912088,224.0164835,195.6868132,2.604395604,2.747252747,37.67030334,127.0788422,13.0010989,0,68.51648352,16.06593407,8105.830663,15.1563423,0.422905162,0,0,0.37820468,29,1,10326.21393,5.351648352
4016,14.33678756,37.03626943,26.04663212,0,0,3.580310881,3.67357513,37.64530945,127.0574417,13.05284974,0,67.24870466,15.4611399,15986.73835,1.726749718,0.614162078,0,0,0.387378291,91,0,18945.81459,7.25388601
4017,14.10526316,34.1754386,4.421052632,0,0,1.964912281,1.122807018,37.63459396,127.052063,12.39824561,0,72.26315789,15.85964912,6234.788004,10.94288417,0.243560868,0,0,0.754647644,50,0,5652.256772,3.087719298
4018,14.23671498,73.70048309,44.57971014,411.0628019,386.8792271,3.642512077,3.801932367,37.66782761,127.056839,13.12270531,0,67.29468599,15.88888889,20748.77363,5.779785355,0.941541042,0,0,0.058455074,103,1,20822.06294,7.444444444
4019,13.67164179,65.7761194,36.58706468,395.6069652,361.9651741,3.253731343,3.492537313,37.66214371,127.058197,13.11243781,0,68.46766169,16.25870647,23378.32745,2.613378732,0.873148644,0.00057602,0,0.126274041,77,1,16907.10489,6.746268657
402,14.4887218,126.7218045,83.39849624,0,0,2.443609023,2.526315789,37.58285522,126.8798218,15.61879699,0,56.70676692,14.97744361,5935.477258,4.544924045,0.484993696,0.065259882,0,0.212239593,33,0,10639.89764,4.969924812
4020,14.58375635,303.3502538,207.9238579,0,0,4.065989848,4.010152284,37.65116119,127.0765915,13.48375635,0,66.44162437,16.02538071,27765.24542,3.669696463,0.898540144,0.007828701,0,0.093556079,52,0,29285.54571,8.076142132
4021,11.52,25,8.4,0,0,1.76,1.4,37.64426041,127.083313,13.296,0,61.52,16.32,7784.791915,8.854137449,0.41923287,0,0,0.580451289,17,0,5701.476388,3.16
4023,13.85263158,31.51052632,23.86842105,270.6526316,285.9315789,2.952631579,3.394736842,37.63441086,127.0588684,13.35526316,0,66.53684211,15.92631579,19869.38118,19.62946596,0.514207642,0,0,0.485771647,60,1,14646.18609,6.347368421
4024,13.95714286,128.3571429,142.2952381,0,0,4.023809524,4.514285714,37.62045288,127.054451,12.99,0,67.57619048,15.5952381,15628.69919,12.6066942,0.796065457,0,0,0.151787217,74,0,13327.72397,8.538095238
4025,14.82291667,109.2708333,55.08333333,437.7291667,372.2552083,3.40625,3.932291667,37.62533569,127.0701904,13.32239583,0,67.00520833,15.31770833,22345.73225,2.220994233,0.770794339,0.001703467,0,0.227843923,113,1,21734.19497,7.338541667
4026,13.58181818,69.27727273,58.29545455,0,0,3.536363636,3.963636364,37.64795303,127.0579376,12.47181818,0,70.01363636,16.07272727,17225.90851,2.992600219,0.689046032,0.011526881,0,0.301644441,71,0,20332.93878,7.5
4027,14.62254902,79.79901961,72.61764706,302.6568627,282.2843137,8.137254902,8.235294118,37.62741089,127.0621414,13.59019608,0,65.19607843,15.30882353,20173.8636,2.14778926,0.481866358,0.194397198,0,0.316206756,71,1,10676.93046,16.37254902
4028,14.77714286,90.93142857,60.01714286,0,0,2.891428571,2.965714286,37.65351868,127.0713043,13.32228571,0,67.50857143,15.68571429,27868.72722,2.06139272,0.980622413,0,0,0.019345227,59,0,28335.951,5.857142857
4029,14.24778761,13.34070796,4.216814159,0,0,8.783185841,8.933628319,37.6396637,127.0604172,13.14469027,0,66.92920354,15.88495575,21708.77147,10.46582002,0.598217314,0.021657075,0,0.380088073,61,0,16283.57069,17.71681416
403,12.88815789,171.0394737,168.5460526,0,0,3.223684211,2.026315789,37.58559036,126.8847275,14.57631579,0,59.46710526,13.74342105,6267.292204,19.8380281,0.460891447,0.145302132,0,0.371006366,53,0,12878.96228,5.25
4031,14.53968254,276.3862434,207.4285714,0,0,3.571428571,3.44973545,37.65153503,127.0732727,13.24497354,0,67.7037037,16.18518519,29578.58668,3.481090805,0.937638342,0.007828701,0,0.054517424,66,0,31118.14773,7.021164021
4032,14.67567568,274.6594595,189.4324324,0,0,3.313513514,3.027027027,37.65149689,127.0770416,13.54594595,0,65.28648649,15.9027027,27209.72406,3.804986362,0.886398409,0.007828701,0,0.105077782,45,0,28695.88128,6.340540541
4033,14.55,33.46428571,26.62857143,144.8357143,163.4857143,2.178571429,2.235714286,37.64292908,127.0519486,13.92714286,0,63.85,15.44285714,8961.515268,7.709681863,0.326500048,0,0,0.670565484,52,1,10001.02148,4.414285714
4035,14.8559322,48.11016949,30.74576271,0,0,2.033898305,2.084745763,37.674366,127.0594711,14.37372881,0,63.08474576,16.31355932,12890.55538,16.39053136,0.53482788,0.003074267,0,0.461934756,74,0,10531.40415,4.118644068
4036,13.66233766,126.6753247,85.004329,450.6450216,483.6450216,4.727272727,4.826839827,37.63793945,127.0671539,13.04112554,0,67.51948052,15.66666667,23223.81304,1.622329222,0.884256131,0.043312855,0,0.072401242,130,1,28470.41582,9.554112554
4037,13.74576271,62.3220339,48.79661017,0,0,4.949152542,5.072033898,37.65408325,127.0719528,12.84364407,0,68.76694915,15.89830508,28375.24391,2.222790561,0.99721698,0,0,0.002754543,48,0,28093.6531,10.02118644
4039,14.2,76.08823529,58.72352941,432.5235294,485.1941176,3.064705882,3.029411765,37.64304352,127.0621338,13.30176471,0,66.24705882,15.54705882,22818.30787,10.46582002,0.768466957,0.013890507,0,0.217642536,122,1,22080.75602,6.094117647
4040,14.92021277,80.86170213,60.53723404,319.3776596,308.4042553,3.324468085,3.64893617,37.61965561,127.0814667,13.88191489,0,64.70744681,15.47340426,18918.98385,4.069440107,0.919417973,0.037121606,0,0.046282273,96,1,19124.43324,6.973404255
4041,13.02380952,100.3174603,45.50793651,377.6349206,373.9166667,5.067460317,5.115079365,37.62500381,127.0730133,12.60039683,0,69.26984127,15.75396825,24346.15488,2.81670228,0.838174494,0,0,0.162138758,129,1,27247.23358,10.18253968
4042,14.97841727,52.73381295,27.61151079,406.1151079,349.1798561,2.81294964,2.575539568,37.67851257,127.0517426,14.35755396,0,62.61151079,15.82733813,22124.40494,1.950022758,0.605170981,0.02987281,0.062790114,0.300286586,95,1,16904.53413,5.388489209
4043,14.20895522,119,56.3880597,0,0,1.776119403,1.76119403,37.66674042,127.0638886,13.26865672,0,66.07462687,15.43283582,18671.03162,22.32379577,0.704267211,0,0,0.295735377,126,0,15728.05717,3.537313433
4044,12.61538462,61.11538462,57.30769231,0,0,1.461538462,1.269230769,37.62812042,127.0854874,14.81538462,0,58.76923077,17.03846154,13056.42697,7.189404364,0.557332805,0,0,0.443684615,18,0,14212.7708,2.730769231
4045,14.29126214,173.631068,106.5242718,0,0,2.097087379,1.941747573,37.63000488,127.0440979,13.96990291,0,65.89320388,16.88349515,14633.89503,13.17417585,0.633208292,0,0,0.350150542,171,0,12119.35441,4.038834951
405,13.23333333,238.5166667,228.675,0,0,3.508333333,2.925,37.58265686,126.885788,15.75083333,0,55.45,14.28333333,7271.061636,9.001110545,0.465469839,0.262397384,0,0.271501096,53,0,15914.00207,6.433333333
4054,14.70634921,188.2619048,117.1111111,718.1428571,522.6507937,2.30952381,2.063492063,37.64601898,127.0352707,14.68095238,0,63.55555556,12.03968254,21779.85174,3.772436654,0.463767666,0.063240575,0.428631712,0.042581504,127,1,32125.3238,4.373015873
4058,15.45454545,26.21212121,32.71717172,475.5858586,502.6363636,2.111111111,2.191919192,37.69101334,127.0491638,16.39292929,0,62.27272727,13.02020202,6213.79581,7.268824388,0.029766666,0,0.03137564,0.371704063,26,2,4110.147589,4.303030303
406,14.23571429,178.4071429,124.55,0,0,2.185714286,2.092857143,37.58111191,126.8808746,15.12357143,0,58.32857143,14.72857143,7183.220356,4.544924045,0.486326957,0.087209498,0,0.308570926,61,0,10042.17315,4.278571429
4062,13.71351351,157.7837838,141.2216216,0,0,2.621621622,2.664864865,37.66252136,127.0427094,14.52540541,0,64.80540541,12.83243243,23859.67136,1.27514462,0.507824817,0,0.486597492,0,101,0,19342.9103,5.286486486
4064,16.27083333,176.4375,106.625,0,0,1.479166667,1.645833333,37.64051056,127.0408249,15.31666667,0,56.14583333,10.70833333,19743.57653,9.234023896,0.304637159,0,0.33689301,0.354177508,77,0,14032.04642,3.125
4065,13.94444444,53.58080808,41.26262626,748.3383838,704.2323232,6.272727273,6.550505051,37.65373611,127.0492935,14.41262626,0,62.78282828,12.72727273,17137.57689,14.29418874,0.620049136,0.228937715,0.045378763,0.102780172,208,2,17776.64992,12.82323232
407,14.56375839,219.8187919,191.3087248,0,0,2.852348993,2.805369128,37.58063126,126.8836746,15.6442953,0,55.95302013,14.17449664,8171.887346,5.686713735,0.496706975,0.208405498,0,0.285640133,73,0,11776.83871,5.657718121
4073,14.50819672,62.90983607,41.7704918,0,0,2.024590164,1.950819672,37.66927338,127.0324326,14.51147541,0,62.71311475,12.69672131,10046.84904,10.63150436,0.500898333,0,0,0.495373714,29,0,6994.888184,3.975409836
4074,13.94666667,104.3333333,56.33333333,0,0,2.76,2.74,37.63342667,127.0411606,15.29333333,0,63.83333333,13.20666667,17416.48503,11.58503887,0.672142097,0,0,0.310244621,145,0,12191.11331,5.5
4076,14.16509434,64.10849057,38.33018868,0,0,4.905660377,5.358490566,37.65999603,127.0512772,14.95518868,0,64.14150943,12.89622642,18481.16676,3.222477619,0.434187397,0.026279477,0.220358246,0.300372019,86,0,16103.38369,10.26415094
4077,14.10837438,58.75369458,19.09359606,570.4679803,504.8128079,4.064039409,4.300492611,37.67984772,127.0503845,15.03793103,0,64.48275862,12.95073892,20492.04595,1.950022758,0.488672461,0.023013636,0.167504162,0.308564453,94,2,16959.05513,8.36453202
4078,14.05027933,232.575419,148.0502793,0,0,2.905027933,2.882681564,37.65854645,127.0276794,14.94972067,0,63,12.7877095,25028.82888,5.003923023,0.950683587,0,0,0.040446992,171,0,19719.56502,5.787709497
408,14.03149606,289.9133858,207.5748031,0,0,3.826771654,3.039370079,37.58081055,126.8866501,15.5984252,0,54.95275591,13.79527559,7802.945516,7.009335554,0.416574115,0.330719883,0,0.251928051,50,0,16086.06234,6.866141732
4080,14.36538462,48.11538462,38.10096154,767.4567308,669.5432692,5.0625,5.129807692,37.65250778,127.0522766,14.91442308,0,63.10096154,13.02884615,15429.2414,7.204338955,0.58833565,0.21213345,0,0.200003366,172,2,16106.59089,10.19230769
4083,14.0797546,70.28834356,42.52147239,0,0,2.619631902,2.527607362,37.65898895,127.049736,14.57300613,0,62.77300613,11.96319018,18957.78889,3.222477619,0.324227032,0.092283656,0.341085663,0.226932646,106,0,18427.39381,5.147239264
4084,15.20833333,76.125,24.28333333,228.3916667,198.0333333,2.266666667,2.266666667,37.68125534,127.0504761,14.48833333,0,63.85,11.86666667,18845.00253,4.231279314,0.414264856,0.018022321,0.231740151,0.306291438,101,1,16363.29292,4.533333333
4086,16.21052632,129.5526316,50.92105263,0,0,1.578947368,1.421052632,37.6529541,127.0375443,15.17894737,0,63.34210526,12.18421053,21997.49399,3.402119458,0.900129702,0.040734355,0.000284774,0.056840923,124,0,21907.4685,3
4087,13.33333333,148.1666667,110.1846847,0,0,4.198198198,4.234234234,37.6432457,127.031601,14.61666667,0,64.34234234,13.02252252,23126.03539,4.771770686,0.627121891,0.017144699,0.351029459,0,105,0,29752.11561,8.432432432
4088,13.94871795,88.15384615,78.20512821,583.3076923,687.3589744,2,1.435897436,37.68750763,127.0426331,17.4025641,0,58.58974359,13.41025641,5228.824466,4.791708816,0.346844573,0,0.070568332,0.577134965,35,2,6555.131325,3.435897436
4089,14.32,214.2333333,129.9666667,0,0,2.293333333,2.486666667,37.66299057,127.0386429,14.954,0,63.00666667,12.58666667,24629.46069,1.286584185,0.891438912,0,0.103165912,0,77,0,17989.05117,4.78
409,13.9035533,384.0507614,292.2741117,0,0,6.634517766,6.492385787,37.57939911,126.8891602,15.32588832,0,56.63451777,14.55329949,7766.194586,5.013596934,0.339660497,0.39826702,0,0.262453045,76,0,18072.59187,13.12690355
410,14.13043478,247.2608696,329.1956522,0,0,1.391304348,1.47826087,37.57739258,126.8874741,15.43478261,0,62.23913043,16,6961.513051,8.912867756,0.385659291,0.29638518,0,0.317732887,93,0,13157.15899,2.869565217
4102,14.41752577,101.5721649,82.81958763,339.6494845,353.8298969,3.309278351,3.324742268,37.59286499,127.0655594,15.20876289,0,54.70618557,14.72164948,17319.13469,2.181270599,0.86167354,0,0,0.135096862,64,1,18553.31766,6.634020619
4103,15.15277778,103.0416667,62.4375,368.8333333,356.625,2.034722222,2.180555556,37.59383774,127.0678177,15.55833333,0,51.59027778,14.81944444,17490.30562,5.353086762,0.759807234,0,0,0.235402088,64,1,17671.85017,4.215277778
4104,13.50724638,120.2560386,117.6714976,327.5507246,333.4830918,3.06763285,2.990338164,37.59436417,127.0645981,14.9057971,0,55.42028986,14.80193237,17100.28627,3.995175095,0.895265241,0.022067409,0,0.081912699,62,1,20025.12266,6.057971014
4105,13.85714286,143.7321429,136.9404762,0,0,2.958333333,3.428571429,37.56324005,127.057991,14.87559524,0,53.35714286,14.16071429,12285.42884,2.684434956,0.905233631,0.094952766,0,0,56,0,14695.65723,6.386904762
4107,14.67065868,230.1497006,216.2934132,0,0,2.443113772,2.51497006,37.57739639,127.0718536,15.55568862,0,52.51497006,14.5508982,19591.97643,1.729595822,0.941476321,0.027194638,0,0.030905763,69,0,19817.36938,4.958083832
4108,12.6,137.2,130.1269231,383.0153846,373.0153846,5.319230769,5.980769231,37.5676918,127.0578919,14.82346154,0,56.54230769,15.41153846,20197.38218,13.60092617,0.904495807,0.095460182,0,0,71,1,20805.65745,11.3
411,13,320.4976303,230.8957346,110.2037915,113.4028436,4.417061611,4.44549763,37.5779953,126.8914719,14.82085308,0,59.00473934,14.57345972,7121.937031,4.624871783,0.494452082,0.324423785,0,0.180615423,84,1,19039.78172,8.862559242
4110,13.47747748,170.4594595,165.7612613,556.0900901,571.2657658,3.436936937,3.135135135,37.57958603,127.0302429,14.88513514,0,55.07207207,15.03603604,15770.71479,2.748151381,0.906489226,0.09210373,0,0,61,1,23824.80706,6.572072072
4113,13.85294118,124.8872549,68.47058824,299.9215686,301.8970588,3.308823529,3.348039216,37.59139633,127.0402985,15.24068627,0,54.21078431,14.7745098,13127.07987,6.158064205,0.996640959,0,0,0,44,1,10388.65083,6.656862745
4114,14.39303483,115.3631841,96.13432836,0,0,3.621890547,4.044776119,37.58392334,127.0682755,15.28606965,0,53.02985075,14.35820896,17366.57674,9.543313689,0.914631179,0,0,0.085398593,67,0,10475.62765,7.666666667
4116,14.28828829,74.42342342,59.24324324,286.8648649,235.8738739,1.936936937,2.153153153,37.60460281,127.0669251,15.56396396,0,52.54954955,13.08108108,18707.38599,4.636052654,0.901250676,0.013447813,0,0.08545037,39,1,15573.17694,4.09009009
4117,13.73513514,134.8324324,109.1135135,0,0,3.281081081,2.902702703,37.59087372,127.065361,15.28162162,0,53.44324324,14.4,17488.64789,5.353086762,0.926735375,0,0,0.069187177,76,0,18237.93226,6.183783784
412,13.42929293,356.6565657,243.6616162,0,0,4.272727273,4.070707071,37.57580185,126.8907394,15.04444444,0,57.42424242,14.41414141,5800.796849,4.431525061,0.501535192,0.232562113,0,0.26586904,114,0,17439.16023,8.343434343
4121,14.21658986,153.0691244,156.9078341,69.78341014,67.7281106,4.271889401,4.539170507,37.57130051,127.0336227,15.23778802,0,53.92165899,14.92165899,17555.65578,79.27450886,0.856620093,0.093751537,0,0,57,1,15228.68485,8.811059908
4122,13.192,103.16,100.852,0,0,6.392,6.492,37.57014847,127.0299225,15.006,0,54.896,14.516,19076.61648,8.17074514,0.846505433,0.102413849,0,0,56,0,21651.3619,12.884
4123,14.0326087,201.5652174,216.5597826,0,0,2.614130435,2.630434783,37.57846832,127.0668945,15.06847826,0,53.85326087,14.42391304,18313.89192,20.82874552,0.999666038,0,0,0,60,0,14765.8663,5.244565217
4125,13.25498008,187.9123506,149.7250996,766.374502,826.1992032,5.19123506,5.239043825,37.58945084,127.0595627,15.02430279,0,54.87649402,15.187251,18583.37051,3.104586929,0.966207662,0.033792338,0,0,66,1,24635.07503,10.43027888
4128,16.73529412,105.3529412,137.9117647,397.2647059,649.4117647,1.588235294,1.205882353,37.58265686,127.0319672,15.19117647,0,50.26470588,15,12946.0568,4.008215345,0.970648845,0.028263835,0,0,60,1,26183.5688,2.794117647
413,14.5971223,97.8705036,81.08633094,0,0,2.676258993,2.856115108,37.57147598,126.8896866,15.50647482,0,54.78417266,14.38848921,2550.812565,16.01770144,0.194917558,0.066471467,0,0.73858897,67,0,7377.249316,5.532374101
414,13.83408072,317.3542601,232.9058296,110.1479821,111.5650224,5.798206278,5.905829596,37.57822037,126.8944702,14.81659193,0,58.89686099,14.89237668,7080.121301,5.041331728,0.517293558,0.26411509,0,0.209542005,100,1,17918.54913,11.70403587
415,13.69264069,119.1688312,84.36363636,879.4155844,906.4242424,6.930735931,6.926406926,37.57746887,126.8973618,14.79220779,0,59.64069264,15.03463203,8989.981941,7.185603477,0.575668378,0.130641441,0,0.252825089,110,4,15258.4937,13.85714286
4152,14.82075472,227.8301887,159.0377358,281.4716981,225.4622642,2.094339623,1.801886792,37.50543213,126.9415131,14.56273585,0,58.91509434,13.85849057,23770.88484,11.45060953,0.97386291,0.016154462,0,0,177,1,23731.27533,3.896226415
4153,12.05714286,131.0285714,157.2571429,407.6,369.1142857,1.8,1.542857143,37.51120377,126.9612808,13.64428571,0,68.37142857,16.28571429,9135.610341,27.64733814,0.506206782,0,0,0.494515509,69,1,12480.79489,3.342857143
4158,12.51282051,61.61538462,62.35897436,0,0,1.794871795,1.384615385,37.50680542,126.9285049,13.13076923,0,64.33333333,13,18811.99451,7.979048279,1.000286069,0,0,0,106,0,16274.193,3.179487179
416,14.65277778,231.7222222,249.2222222,0,0,2.895833333,2.076388889,37.57566452,126.8944473,15.04305556,0,56.49305556,14.05555556,5868.403163,7.410428559,0.460201517,0.220683147,0,0.295538624,105,0,16608.20542,4.972222222
4162,18.05,279.9,96.35,0,0,1.95,1.3,37.50785828,126.9471359,13.02,0,57.125,13.9,23899.40532,7.957639629,0.989896989,0,0,0,214,0,27708.6354,3.25
4167,13.76995305,151.2065728,133.5680751,1440.71831,1387.032864,4.323943662,3.582159624,37.48500824,126.9035034,14.31877934,0,60.34741784,15.58215962,21322.1409,2.639260515,0.804540077,0.084306096,0.106693228,0,80,1,31197.33349,7.906103286
4169,12.7,226.1192308,209.4307692,391.5461538,371.3538462,4.592307692,4.869230769,37.49845505,126.9279785,14.16442308,0,63.24230769,15.80769231,29616.29145,9.016208753,0.973402093,0.02626265,0,0,136,1,25599.31251,9.461538462
417,14.23383085,100.1741294,79.05970149,828.9004975,854.0049751,5.537313433,5.029850746,37.57506943,126.8999176,14.95422886,0,59.04975124,14.64676617,12884.54905,8.44670023,0.631306777,0.076302648,0,0.251218704,120,3,14028.77184,10.56716418
4171,13.54132231,139.5,174.5826446,0,0,6.780991736,6.884297521,37.49157715,126.9088135,14.42871901,0,61.30165289,15.1322314,19602.99467,5.351951851,0.997750284,0.0017656,0,0,62,0,25347.32133,13.66528926
4173,13.57792208,339.5324675,211.474026,295.5649351,291.9935065,2.090909091,2.025974026,37.50444412,126.9502564,14.5211039,0,61.75649351,15.77922078,24307.91068,14.95664359,0.981906485,0,0,0,194,1,23633.00233,4.116883117
4175,14.0195122,206.6097561,164.6536585,327.5902439,312.8243902,3.868292683,3.907317073,37.51262665,126.9274139,14.67780488,0,60.8902439,16.02439024,14859.249,4.470805199,0.754945362,0.088336945,0,0.153967034,157,1,20122.62851,7.775609756
4177,15.84615385,303.974359,138.4102564,306.5384615,217.4871795,1.487179487,1.512820513,37.50157547,126.9459076,14.80384615,0,63.87179487,15.07692308,24599.51865,5.906759261,0.936434524,0,0,0,160,1,21788.87215,3
4178,13.71875,125.8125,151.15625,52.59375,59.65625,1.34375,1.125,37.49814987,126.9836884,15.665625,0,58.078125,14.90625,10204.16586,27.87501158,0.790548604,0,0,0.208316182,61,1,14038.67043,2.46875
4179,13.08139535,130.8992248,159.003876,0,0,8.852713178,8.658914729,37.49322128,126.9234314,14.28914729,0,62.94767442,16.08914729,25757.04001,5.34311299,0.884115038,0.106673812,0,0,67,0,24303.97103,17.51162791
418,13.99543379,70.58447489,56.8173516,388.0228311,345.0913242,7.109589041,7.310502283,37.57072067,126.8989792,15.10547945,0,58.80365297,15.16894977,11957.5532,10.73919769,0.656356548,0.027730531,0,0.29432704,87,1,13416.87768,14.42009132
4180,14.36065574,139.2295082,120.4262295,394.9508197,398.2295082,1.852459016,1.868852459,37.50682831,126.9667358,14.11393443,0,64.3852459,14.83606557,9836.806342,22.28309893,0.663349048,0,0,0.334645883,68,1,13702.22197,3.721311475
4181,14.92857143,123.2738095,89.95833333,0,0,2.845238095,2.738095238,37.49582291,126.9178162,14.49910714,0,60.73214286,15.48214286,20737.81195,4.069145474,0.997422794,0,0,0,72,0,17373.85077,5.583333333
419,14.91428571,128.5333333,113.4380952,404.9952381,362.1714286,8.39047619,8.242857143,37.56842041,126.8994293,15.20380952,0,57.93809524,14.9,13059.02228,10.46499588,0.675956776,0.032284329,0,0.291755011,104,1,14842.24325,16.63333333
420,14.78846154,104.3910256,102.5769231,441.5320513,428.3269231,6.448717949,5.243589744,37.56624603,126.8961792,16.1224359,0,58.61538462,16.26282051,6040.117041,10.46499588,0.326866371,0,0,0.673134923,60,1,7070.092469,11.69230769
4202,13.95180723,164.439759,154.7771084,1334.89759,1356.198795,2.674698795,2.536144578,37.54585266,126.9525986,14.72891566,0,59.56626506,14.9939759,23108.78461,8.094616151,0.907875559,0.091509588,0,0,115,4,32255.86111,5.210843373
4206,15.06603774,71.93396226,46.77358491,270.3962264,255.1603774,2.056603774,2.056603774,37.54737854,126.931633,15.23396226,0,55.67924528,14.52830189,14484.58567,12.36732812,0.999857613,0,0,0,172,1,17155.94362,4.113207547
4207,13.77586207,335.5086207,306.8448276,0,0,2.439655172,2.24137931,37.5573082,126.9188538,15.53275862,0,58.71551724,14.79310345,14686.67734,3.221424933,0.918637433,0.078198985,0,0,239,0,35850.26808,4.681034483
4208,14.1402439,298.8170732,296.8597561,3015.426829,2817.542683,3.18902439,2.713414634,37.5566597,126.9198685,15.41219512,0,58.10365854,14.71341463,14406.49505,1.030310843,0.904024636,0.093487474,0,0,207,3,39726.07371,5.902439024
421,13.81860465,99.81860465,108.6232558,775.2697674,784.6883721,5.265116279,4.958139535,37.56574631,126.9018631,15.10604651,0,58.83255814,14.89302326,19005.79131,8.738386315,0.707481276,0.073161071,0,0.219317526,73,2,20326.78138,10.22325581
4210,14.36702128,216.7393617,152.7074468,193.1914894,161.143617,3.074468085,3.25,37.56949234,126.9118424,15.06117021,0,59.22340426,15.73404255,22159.54201,8.561869112,0.963445353,0.034251859,0,0,122,1,17550.02746,6.324468085
4211,13.73619632,123.5460123,98.92638037,1508.791411,1343.91411,2.63190184,2.72392638,37.5483017,126.9167175,15.62453988,0,58.42331288,16.11656442,8978.643803,2.738296112,0.82035022,0.092802721,0,0.086637361,112,2,26799.13755,5.355828221
4212,14.34328358,182.9477612,135.6716418,0,0,2.417910448,2.537313433,37.58332062,126.8815613,14.90149254,0,58.89552239,14.82089552,6893.04329,5.900863118,0.609236779,0.120697645,0,0.200218241,47,0,13482.97944,4.955223881
4213,14.05050505,145.0707071,124.7929293,413.4545455,458.040404,6.141414141,5.717171717,37.56415558,126.9081497,15.45959596,0,57.69191919,14.77272727,23806.13449,20.64727924,0.937422173,0.062021223,0,0,86,1,21069.59827,11.85858586
4214,13.51724138,323.6781609,292.9712644,0,0,3.396551724,3.028735632,37.57730484,126.8901825,15.0137931,0,57.97126437,14.45977011,6823.201565,4.431525061,0.487753417,0.335831579,0,0.176392999,99,0,19091.87842,6.425287356
4216,15.42222222,59.43703704,11.02222222,0,0,2.548148148,2.755555556,37.5500679,126.9048004,15.51111111,0,56.15555556,14.57037037,15976.88949,7.323643825,0.550183679,0.000498355,0,0.449267483,48,0,10304.02046,5.303703704
4217,13.5483871,58.875,30.64112903,0,0,23.02419355,24.375,37.55557632,126.8968887,14.74516129,0,60.14112903,15.03629032,5693.122272,5.698426854,0.421341493,0,0,0.576602955,71,0,9008.071318,47.39919355
4218,13.55760369,400.8294931,296.8801843,0,0,5.875576037,5.820276498,37.58119965,126.8895798,14.95299539,0,58.25345622,14.74654378,7282.886237,7.318597756,0.376129712,0.373700071,0,0.249996764,72,0,15375.80377,11.69585253
422,14.94366197,162.6478873,158.8732394,639.5070423,563.8873239,4.23943662,4.253521127,37.56897736,126.8944016,17.1,0,56.3943662,17.69014085,3523.194745,14.29041382,0.304449467,0,0,0.695536294,53,1,6672.797039,8.492957746
4220,14.20720721,64.38738739,38.27027027,324.2747748,330.9414414,4.31981982,4.373873874,37.54985428,126.9320374,14.91711712,0,59.63513514,15.13513514,14732.55715,21.60968537,0.986946988,0.011966987,0,0,182,2,19847.73572,8.693693694
4221,14.96491228,233.6666667,190.7368421,0,0,2.719298246,1.421052632,37.55015945,126.9605255,14.63508772,0,58,13.9122807,24185.74236,8.484055778,0.953014852,0.041438524,0,0,95,0,22505.07779,4.140350877
4222,13.85454545,134.3318182,117.4090909,1531.65,1540.686364,3.9,4.040909091,37.54568481,126.9467697,14.83272727,0,59.52272727,15.25909091,22689.33397,9.427427197,0.891249926,0.096530674,0,0,116,5,40680.11617,7.940909091
4224,14.26712329,164.8630137,162.0684932,0,0,2.794520548,2.821917808,37.57892227,126.882164,15.82945205,0,57.34931507,15.15753425,8214.973118,6.612924688,0.387918068,0.048240743,0,0.531149116,62,0,7513.074973,5.616438356
4226,15.69343066,67.21167883,54.67883212,0,0,2.576642336,2.605839416,37.55152893,126.9466934,15.60218978,0,58.62043796,15.58394161,20651.73896,17.0915124,0.817805375,0,0,0,55,0,21033.87606,5.182481752
4233,13.26506024,75.64658635,61.02811245,0,0,7.228915663,7.59437751,37.56303787,126.9214325,14.71164659,0,60.06827309,15.34538153,16800.07222,13.23567076,0.994836527,0,0,0,86,0,22003.70428,14.82329317
4234,15.19607843,256.372549,188.3529412,0,0,1.62745098,1.647058824,37.54891968,126.9595184,14.6372549,0,57.80392157,15.45098039,23190.58975,9.794396335,0.962708824,0.032689485,0,0,103,0,24203.65147,3.274509804
4238,13.37951807,123.186747,92.96987952,899.8012048,915.186747,3.277108434,3.168674699,37.57649231,126.898674,14.75722892,0,57.51204819,14.05421687,10643.41022,8.341769894,0.621048435,0.076630138,0,0.26066544,112,3,14986.84693,6.445783133
424,14.96363636,58.75454545,34.05454545,1307.054545,1366.627273,2.1,1.845454545,37.57361984,126.8980484,15.18363636,0,59.86363636,15.46363636,9928.964744,10.73919769,0.540360265,0.074203085,0,0.344390337,89,4,11912.05565,3.945454545
4240,15.75,47.25,56,216.5,304.75,2.25,1.75,37.55235291,126.9514771,16.775,0,58.5,18,23489.07221,7.517091306,0.826204918,0,0,0,44,1,18856.47602,4
4244,14.6038961,21.88961039,13.88311688,0,0,2.701298701,2.824675325,37.54529572,126.9176483,15.4038961,0,58.0974026,15.18181818,6620.427694,2.911266385,0.558007202,0.006661127,0,0.435132329,52,0,13806.72052,5.525974026
4246,15.20610687,37.5648855,21.48091603,448.9083969,407,2.106870229,2.129770992,37.54758835,126.9246445,15.63664122,0,57.32061069,14.54198473,11708.50706,14.82575228,0.912822863,0,0,0.086828936,102,1,19806.77669,4.236641221
4247,14.3625,69.5375,79.225,257.75,276.6375,1.75,1.7625,37.55184937,126.9547806,15.98125,0,55.9875,14.7625,24154.87189,13.05545584,0.973069425,0.000143682,0,0,51,1,22812.14487,3.5125
4248,14.80851064,427.6702128,425.9468085,1334.446809,1442.925532,1.829787234,1.680851064,37.5560112,126.9403458,14.69042553,0,57.74468085,14.11702128,11631.04896,13.49121198,0.7428101,0.241616637,0,0.008218323,233,2,33772.18285,3.510638298
425,12.63218391,281.3678161,253.7931034,0,0,2.586206897,2.666666667,37.58450317,126.8855972,15.65172414,0,54.67816092,13.34482759,6571.514965,15.34635747,0.486902977,0.202291914,0,0.308508793,54,0,16288.82723,5.252873563
4251,14.45112782,164.8947368,105.8195489,1303.541353,1415.353383,2.030075188,2.165413534,37.54161072,126.9537582,14.83609023,0,59.18796992,15.84210526,22215.81446,5.956147105,0.886492903,0.110469075,0,0,157,4,30139.33435,4.195488722
4253,14.18181818,55.06818182,0.409090909,0,0,1.931818182,2.170454545,37.60169601,126.9491653,13.51363636,0,66.77272727,12.35227273,8539.213758,23.81670637,0.540918164,0,0,0.442998568,60,0,7410.356397,4.102272727
4255,14.86470588,248.9176471,151.5823529,0,0,3.376470588,3.082352941,37.57515717,126.91745,14.27411765,0,63.52352941,12.23529412,27039.00862,6.683145651,0.999801953,0,0,0,106,0,14889.92073,6.458823529
426,13.9138756,124.1435407,133.7416268,0,0,3.789473684,3.789473684,37.54906082,126.9541779,14.97894737,0,60.31100478,15.09090909,23480.21444,10.34261022,0.957010752,0.019355582,0,0,68,0,28734.23389,7.578947368
4262,15.8,183.25,119,0,0,1.425,1.4,37.57540131,126.9354401,14.34,0,62.925,9.425,8406.699338,12.85210555,0.999950812,0,0,0,92,0,9868.550782,2.825
4264,15.94915254,138.9237288,98.34745763,0,0,2.36440678,2.644067797,37.57675552,126.9282761,14.25762712,0,61.66949153,11.09322034,14749.74388,16.10019041,0.966979142,0,0,0.032921187,76,0,14524.80769,5.008474576
4265,13.16666667,50.33333333,19.58333333,129.8333333,67.41666667,1.666666667,1.583333333,37.57987976,126.952301,14.21666667,0,63.91666667,12,7958.608722,35.22912412,0.715297032,0,0,0.278879336,48,1,7370.072708,3.25
4266,14.51219512,341.804878,366.7804878,1575.268293,1725.536585,1.609756098,1.365853659,37.56184769,126.9641495,12.96829268,0,60.73170732,10.73170732,15749.74728,11.89007364,0.849124061,0.133811495,0,0.017443712,235,3,57955.23005,2.975609756
4267,13.30630631,343.5045045,301.6306306,660.954955,653.6171171,3.333333333,3.342342342,37.56599045,126.9660721,13.63378378,0,64.94144144,11.32432432,14062.11453,7.179098456,0.799884019,0.200078442,0,0,247,1,23907.40819,6.675675676
4269,13.78294574,321.3875969,255.5426357,0,0,2.139534884,2.069767442,37.56355667,126.9282761,14.19457364,0,63.14728682,12.46511628,15239.92078,11.04401822,0.999031768,0,0,0,106,0,23019.69254,4.209302326
427,14.72677596,93.92896175,70.85245902,412.0437158,351.8415301,2.87431694,2.989071038,37.56958389,126.9038162,15.16120219,0,58.52459016,15.3989071,22629.40043,4.872338473,0.866315359,0.034291987,0,0.098740263,84,1,20666.58537,5.863387978
4270,13.80412371,207.8659794,179.4845361,0,0,2.783505155,2.350515464,37.57913971,126.9345093,14.81752577,0,59.08247423,10.7628866,12020.69878,20.19879502,0.999650504,0,0,0,176,0,9385.390958,5.134020619
4271,12.52941176,134.0588235,110.9803922,557.6862745,604.9803922,1.803921569,1.470588235,37.55942535,126.9630585,14.06666667,0,65.37254902,10.56862745,18543.80171,9.9823701,0.972105076,0.029620396,0,4.79E-05,141,2,65486.64169,3.274509804
4272,14.05172414,324.6609195,277.5,0,0,3.218390805,3.103448276,37.57601929,126.9268341,13.98505747,0,62.52298851,11.03448276,14821.64228,11.22726246,0.94254293,0,0,0.057359988,88,0,16727.21737,6.32183908
4273,14.78666667,153.2533333,125.1733333,0,0,2.013333333,1.92,37.57716751,126.9290619,14.75466667,0,62.48,10.41333333,14887.06466,12.02522946,0.980930487,0,0,0.019015147,72,0,12393.82731,3.933333333
4274,14.75238095,552.647619,563.8190476,1398.571429,1455.657143,1.99047619,1.99047619,37.55687714,126.9360352,14.30857143,0,64.64761905,13.25714286,11609.47584,9.632007447,0.831306259,0.158786189,0,0.008218323,249,2,37021.73564,3.980952381
428,14.18,301.45,276.22,2901.28,2919.85,2.17,2.14,37.56439972,126.9914322,13.378,0,54.29,11.45,4529.124691,1.911407268,0.045483611,0.953400592,0,0,59,4,40870.00408,4.31
429,12.44444444,41,24.44444444,56.11111111,39.88888889,1.333333333,1.333333333,37.54988861,127.0073471,13.82222222,0,68.33333333,20.77777778,14967.32813,11.09398084,1.000955288,0,0,0,31,1,20639.76048,2.666666667
430,13.35632184,153.8045977,123.0977011,1188.954023,1156.850575,2.482758621,2.402298851,37.56207275,127.0063171,13.18735632,0,60.15517241,13.32183908,9247.046816,5.900836918,0.691106762,0.307892645,0,0,56,3,23312.49536,4.885057471
4303,14.30573248,144.4840764,158.0063694,445.7643312,416.2547771,2.923566879,2.961783439,37.47171783,127.038887,14.81146497,0,58.06369427,11.11464968,10670.12295,4.00008476,0.603604723,0,0,0.396201113,71,1,13694.03915,5.885350318
4304,15.13793103,194.5172414,198.8103448,0,0,1.603448276,1.482758621,37.48339462,127.0073624,14.94482759,0,54.44827586,10.03448276,12352.43695,8.307822528,0.97955451,0.020440313,0,0,84,0,23450.48023,3.086206897
4305,14.85714286,138.4857143,299.2857143,0,0,1.542857143,1.485714286,37.49801636,127.0222244,15.22571429,0,62.34285714,15.2,22901.00025,4.293237847,0.778219178,0.219402958,0,0,168,0,36319.22499,3.028571429
4306,13.39189189,205.2027027,153.3108108,2651.851351,2572.27027,2.405405405,2.216216216,37.50150681,127.003479,14.97432432,0,59.83108108,12.29054054,10735.06839,7.657407807,0.866477162,0.123430182,0,0,78,3,23674.19042,4.621621622
4307,14,147.4161074,203.4496644,2804.395973,2909.47651,2.88590604,2.825503356,37.50723267,127.0094528,15.22013423,0,58.5033557,12.63087248,15686.54525,3.553126652,0.875974381,0.124029503,0,0,77,4,26726.10996,5.711409396
4309,14.375,81.5,72.375,0,0,1.291666667,1.5,37.4572258,127.0590057,17.85833333,0,53.75,18.25,3432.391075,7.769517911,0.205983623,0,0,0.790284541,42,0,3316.933722,2.791666667
431,11.82943144,147.1270903,172,531.5551839,519.5284281,7.123745819,7.364548495,37.5710144,127.0197449,12.6458194,0,62.8729097,13.94648829,19085.85787,7.738325493,0.152711438,0.847216074,0,0,73,2,29182.16742,14.48829431
4310,13.54545455,203.4545455,139.7272727,0,0,1.272727273,1.272727273,37.46220779,127.0486755,12.59090909,0,59.27272727,8,723.3371571,19.45152715,0.143896384,0.088971215,0,0.751049134,49,0,2499.131005,2.545454545
4312,14.02272727,299.9886364,331.4659091,2737.306818,2835.409091,1.636363636,1.613636364,37.50320435,127.0065308,14.97727273,0,58.375,12.18181818,11094.78866,4.995159596,0.789951873,0.205034807,0,0,111,3,30503.44845,3.25
4313,13.8317757,137.8504673,130.4859813,152.5420561,167.3271028,2.205607477,2.130841121,37.49979782,126.9964676,15.07476636,0,60.59813084,11.29906542,14920.4804,2.752218774,0.999392913,0,0,0,97,1,17747.50435,4.336448598
4314,16,51,34,0,0,1,1,37.45916748,127.0554428,20.3,0,37.5,11.5,1901.568678,13.68815565,0.110888469,0,0,0.886777677,21,0,2282.019794,2
4315,14.95522388,49.17910448,57.23880597,1875.044776,1691.61194,2.223880597,1.611940299,37.48389053,127.0290527,14.48208955,0,56.65671642,9.179104478,7376.816693,3.313374335,0.809295805,0.104364552,0,0.070686125,38,2,17564.17625,3.835820896
4316,14.04081633,278.2755102,304.3979592,3007.193878,3153.265306,2.663265306,2.071428571,37.50365829,127.0059433,15.41836735,0,54.16326531,11.67346939,11636.00495,5.104868445,0.794217013,0.205034807,0,0,93,3,30679.05896,4.734693878
4317,14.33846154,188.8666667,174.3487179,406.3179487,379.7282051,3.251282051,3.625641026,37.47039795,127.0424118,14.97948718,0,58.37948718,11.76410256,11046.18167,2.136073721,0.892915854,0,0,0.106896454,103,1,16525.32051,6.876923077
4318,13.89240506,96.85443038,70.91139241,466.9240506,508.5443038,2.170886076,2.417721519,37.48116684,126.9975891,14.92088608,0,58.89240506,11.91772152,12534.47265,12.75846884,0.988937818,0,0,0,90,1,18886.90575,4.588607595
4319,14.47368421,154.3684211,151.9473684,0,0,1.842105263,1.736842105,37.46559143,127.021843,13.72105263,0,52.15789474,9.263157895,4969.186758,14.06597141,0.474872564,0,0,0.522010454,54,0,7120.711591,3.578947368
432,15.38461538,80.65384615,67.42307692,352.5769231,353.8461538,2.769230769,1.5,37.56333923,126.9082031,16.36538462,0,55.80769231,17.80769231,23768.81691,6.182929298,0.95350544,0.046264151,0,0,69,1,21581.77279,4.269230769
4320,14.83962264,331.490566,206.4339623,0,0,2.08490566,2.160377358,37.47901154,127.0414429,14.92641509,0,56.83962264,11.22641509,11469.97605,3.82992696,0.970920675,0.030131695,0,0.000420689,127,0,19391.33762,4.245283019
4323,14.32075472,13.88679245,0.660377358,0,0,1.679245283,1.754716981,37.45199966,127.0539169,16.07358491,0,53.37735849,11.16981132,3600.75752,29.28440047,0.233360775,0,0,0.473815016,34,0,6792.531572,3.433962264
4324,13.95238095,152.8571429,115.8571429,255.8095238,253.8095238,1.523809524,1.19047619,37.50209427,126.9914703,15.5952381,0,62.28571429,15.52380952,10775.03356,7.642009795,0.979757735,0,0,0.019728377,80,2,7992.620314,2.714285714
4327,13.94736842,77.26315789,25.05263158,1237.526316,594.7894737,1.947368421,1,37.4928894,127.0026474,14.21052632,0,57.15789474,11.68421053,11706.45492,10.75097692,0.999505529,0,0,0,50,1,10780.7302,2.947368421
4329,14.03529412,243.2352941,269.8352941,1326.494118,1957.294118,2.129411765,1.8,37.48573685,127.0331574,14.71764706,0,56.38823529,10.6,11814.89608,8.658250669,0.803083845,0.175626697,0,0,158,2,24186.02086,3.929411765
433,14.21428571,766.4175824,914.9175824,5456.038462,5274.5,4.78021978,4.516483516,37.56634521,126.9822922,13.52252747,0,58.26373626,13.41208791,3302.874866,1.991280609,0.015749306,0.984488869,0,0,95,4,49127.62927,9.296703297
4332,14.90643275,135.8362573,127.7426901,46.4502924,50.32163743,3.479532164,3.67251462,37.49817276,126.9844818,15.32923977,0,57.74853801,12.44444444,10732.30198,27.87501158,0.837650251,0,0,0.161211947,62,1,14699.06437,7.152046784
4333,15.33333333,128.5714286,146.2857143,0,0,1.571428571,1.333333333,37.48285294,127.0059738,15.56666667,0,54.42857143,13.33333333,12451.56744,9.189604578,0.99998835,0,0,0,78,0,21158.00202,2.904761905
4334,12.5,17.5,10.5,0,0,2,1,37.4801178,127.0218048,16.55,0,47.5,12.5,5534.358761,7.72149506,0.191286687,0.008284339,0,0.799850364,24,0,6125.994918,3
4335,16.8,17.2,29.4,0,0,1.2,1,37.4797554,127.0198517,18.44,0,47.4,13.2,6018.990156,11.61983624,0.151292745,0.021840884,0,0.826216568,23,0,6584.110299,2.2
434,14.94736842,139.4736842,84.36842105,0,0,3.368421053,1.421052632,37.56148911,127.0239334,12.63157895,0,53.78947368,11.89473684,25862.94936,10.48697137,0.959713517,0.04059844,0,0,107,0,25304.57956,4.789473684
435,13.88607595,527.0379747,456.4936709,5300.278481,4434.860759,1.734177215,1.860759494,37.55686188,126.9756165,13.66708861,0,55.69620253,12.79746835,6762.021732,8.728370322,0.431730573,0.547603884,0,0,115,5,39505.88782,3.594936709
4353,14.2173913,43.40096618,41.48792271,790.4347826,814.4251208,5.884057971,5.657004831,37.54655838,127.0499878,16.06956522,0,53.57004831,14.06763285,9943.925906,2.469763875,0.027570022,0.002120273,0.967239322,0.002819264,40,1,29449.35923,11.5410628
436,15.01136364,204.7613636,185.5568182,640.3295455,675.0113636,2.806818182,1.693181818,37.55659103,126.9461899,15.16931818,0,58.39772727,15.09090909,16770.44633,10.13300458,0.757105763,0.148135635,0,0.001051076,140,1,21362.92852,4.5
4360,15.11111111,51.18518519,66.08333333,0,0,3.537037037,3.490740741,37.54824448,127.0595779,15.91018519,0,54.23148148,13.12037037,10108.69483,2.289783822,0.145584318,0,0.565395797,0.288987524,32,0,19270.81712,7.027777778
4362,16.21641791,25.32089552,23.95522388,274.2761194,522.4776119,2.805970149,2.582089552,37.5540123,127.0415497,16.88283582,0,52.52238806,14.2761194,10180.75109,10.27421624,0.61643121,0,0.014223175,0.333145641,26,1,14530.05721,5.388059701
4363,15.78947368,117.9473684,32.10526316,230.1578947,172.3684211,1.421052632,1.473684211,37.55507278,127.0198898,16.61578947,0,51.84210526,15.89473684,27341.84625,10.94535286,0.998310771,0,0,0,212,1,21530.38342,2.894736842
4367,13.72727273,100.9251337,98.03208556,1214.55615,1214.71123,2.663101604,2.588235294,37.55862045,127.0343552,15.67326203,0,54.48663102,13.80213904,24001.0536,10.93618943,0.911400286,0.086933785,0,0,138,4,32664.1527,5.251336898
437,14.35233161,126.1243523,122.6994819,318.0829016,300.0518135,3.176165803,3,37.54846954,126.9409256,15.16632124,0,59.10362694,15.03108808,18474.89693,23.13656388,0.994010682,0,0,0,112,1,26446.48719,6.176165803
4370,14.36607143,25.29464286,26.52678571,500.3125,527.4017857,3.223214286,2.535714286,37.55141449,127.044754,16.25535714,0,52.40178571,13.10714286,8693.94963,9.291511002,0.302030181,0,0.265346091,0.425122518,14,1,16102.58027,5.758928571
4373,14.4009901,73.21782178,60.6039604,483.2970297,460.480198,4.405940594,4.272277228,37.54127502,127.0484924,15.86683168,0,54.09405941,13.87128713,9754.0559,13.28425615,0.398686414,0.022854421,0.533283627,0.044053268,63,1,19168.66376,8.678217822
4377,14.21649485,64.39690722,60.59278351,1603.78866,1465.376289,5.907216495,5.75257732,37.54332352,127.0597153,16.06597938,0,52.48453608,13.71134021,13681.91192,2.130792033,0.054180873,0,0.945678034,0,42,1,29164.62563,11.65979381
438,14.63285024,142.1062802,98.57487923,398.2705314,399.1642512,3.995169082,3.782608696,37.56472015,126.9067688,15.33816425,0,58.24154589,15.58454106,24618.76107,8.482450224,0.925870697,0.073161071,0,0,81,1,22302.6933,7.777777778
4381,13.3876652,30.72687225,29.9339207,1189.889868,1168.718062,4.629955947,4.59030837,37.55140305,127.0463638,15.56651982,0,55.42290749,13.78414097,8207.719174,8.942016071,0.262596726,0,0.344439526,0.392911971,17,2,15336.89048,9.220264317
4382,14.24285714,157.1761905,148.9571429,0,0,6.714285714,6.742857143,37.54753494,127.0668259,15.75333333,0,53.53333333,13.6,11383.83167,2.950931554,0.618743059,0.035758574,0.240837391,0.104338664,69,0,29692.44553,13.45714286
4383,14.61202186,128.2076503,121.8415301,0,0,5.983606557,6.579234973,37.54808044,127.0646133,15.86721311,0,53.45901639,13.6284153,10917.70076,3.055025898,0.398411996,0.020714731,0.34757463,0.233312881,60,0,25070.13656,12.56284153
4385,14.43506494,104.8051948,75.24675325,571.7662338,529.9025974,2.24025974,2.331168831,37.56168747,127.0615158,15.51103896,0,54.03246753,13.11038961,10987.45908,2.397702968,0.835278859,0.164699136,0,0,62,1,11604.18929,4.571428571
4386,14.75496689,47.78145695,38.56291391,1740.523179,1598.543046,3.238410596,3.026490066,37.546978,127.0579681,15.80728477,0,51.23178808,13.2384106,11097.82171,3.454218073,0.057168413,0,0.769697958,0.17306373,50,1,25931.8054,6.264900662
4387,14.53968254,35.03968254,37.29365079,1614.02381,1847.206349,2.96031746,2.952380952,37.54555893,127.0533676,16.12301587,0,52.4047619,12.42857143,11366.60011,2.860017568,0.017046322,0,0.982655959,0,58,1,29096.71437,5.912698413
4388,15.01360544,42.12244898,41.07482993,1647.571429,1697.006803,3.666666667,3.299319728,37.54644394,127.0533218,16.11496599,0,51.95918367,13.42857143,10694.09592,2.645973188,0.04062174,0,0.942695672,0.016491013,51,1,31324.62385,6.965986395
440,14.58974359,33.15384615,1.957264957,0,0,7.230769231,7.282051282,37.57012177,126.8813477,16.81025641,0,53.38461538,15.60683761,0,12.74964823,0,0,0,1.000155331,14,0,1568.427451,14.51282051
4406,13.56896552,219.454023,171.4770115,0,0,2.66091954,2.620689655,37.61745453,127.0484467,13.5683908,0,62.45402299,14.28735632,15652.28373,1.963829721,0.878142548,0,0,0.007738091,155,0,16099.10778,5.281609195
4408,12.94583333,64.40833333,46.65416667,232.9416667,229.3291667,5.1125,5.370833333,37.61131287,127.0575943,13.47875,0,62.45416667,13.87916667,16646.83201,5.290400812,0.913889471,0.085131941,0,0,62,1,14051.98342,10.48333333
441,14.27419355,331.8790323,336.3064516,0,0,2.588709677,2.838709677,37.55989075,126.9714966,13.50080645,0,57.75806452,12.82258065,5477.707728,3.027039393,0.338377719,0.626747801,0,0.030280554,141,0,36948.16153,5.427419355
4411,13.80821918,180.7876712,147.239726,0,0,2.534246575,2.561643836,37.60623932,127.0346603,13.89794521,0,61.7739726,13.75342466,20151.5515,7.605397423,0.908421807,0.090660443,0,0,120,0,27487.50415,5.095890411
4414,14.02484472,181.1304348,182.8385093,548.7142857,545.8819876,2.838509317,2.608695652,37.58625031,127.0309525,13.95838509,0,60.20496894,13.55900621,8488.243116,11.05659961,0.999534006,0,0,0,62,1,24217.13453,5.447204969
4415,14.14285714,228.4285714,24.85714286,0,0,1.285714286,1.214285714,37.61207962,127.0219803,12.68571429,0,72.07142857,12.42857143,28488.44372,8.488524197,0.981465085,0,0,0,145,0,27117.53959,2.5
4417,15.875,215.5,79.25,172.25,170.75,1.25,1.125,37.61566925,127.0087662,15.0875,0,54.5,16.375,22678.66509,20.03265362,0.872573918,0,0,0.125269565,108,1,16196.14492,2.375
4418,12.92887029,206.8995816,173.4518828,0,0,4.928870293,5.456066946,37.60108948,127.0333176,13.41422594,0,62.24686192,13.86610879,18599.59228,7.079976637,0.983417083,0.01589687,0,0,120,0,28921.58398,10.38493724
4419,14.36752137,77.64957265,61.99145299,293.0512821,252.4786325,3.094017094,2.512820513,37.60665131,127.0561829,14.27350427,0,56.76923077,11.92307692,14761.77576,2.815665064,0.974816903,0.024617432,0,0,20,1,12404.16998,5.606837607
442,14.77272727,360.3409091,393.6477273,3410.375,3311.011364,1.943181818,1.920454545,37.55641556,126.9691925,13.60909091,0,61.31818182,13.5,12888.72558,9.359675942,0.575252867,0.312115069,0,0.022352183,134,4,23850.3865,3.863636364
4420,14.99305556,73.99305556,59.28472222,0,0,2.895833333,3.131944444,37.60289764,127.0584793,14.33888889,0,57.71527778,12.99305556,13938.59967,9.118435104,0.978086628,0.019973024,0,0,22,0,8005.140693,6.027777778
4421,16.4,330.8,233.4,683.2,527.8,1.2,1.2,37.60668945,127.0258942,14.14,0,57.6,12.2,23705.86023,5.418734718,0.686141336,0.162265611,0,0,118,1,22650.74074,2.4
443,14.91891892,491,501.7567568,0,0,1.783783784,1.810810811,37.5621109,126.9707184,13.22702703,0,58.24324324,11.54054054,5407.604169,4.006420561,0.457243749,0.511753406,0,0.030280554,118,0,37251.85586,3.594594595
445,13.47457627,542.8418079,583.039548,1280.169492,1180.711864,4.598870056,4.615819209,37.56015396,126.9741058,13.59661017,0,58.93220339,13.59887006,3532.589103,4.006420561,0.208489636,0.764068491,0,0.026283361,125,1,44192.89888,9.214689266
4452,13.71491228,252.5,276.3464912,2529.22807,2433.315789,7.438596491,7.307017544,37.51633835,127.0998535,15.46885965,0,59.89341149,13.87280702,18038.11008,8.244899701,0.667035579,0.321480256,0,0.011480282,75,2,33294.14508,14.74561404
4453,14.39712919,74.08133971,65.51674641,0,0,5.502392344,5.38277512,37.47434616,127.1432648,15.99473684,0,58.99958901,14.36363636,6271.682181,5.123455897,0.320233722,0.007648775,0,0.027413396,9,0,13027.44526,10.88516746
4454,15.16666667,25.375,13.26388889,0,0,1.875,1.388888889,37.48687744,127.1526947,16.44027778,0,57.01569444,14.88888889,8179.194066,3.126692493,0.233719332,0,0,0.000182514,2,0,4122.690052,3.263888889
4456,14.72108844,131.9251701,81.7414966,0,0,2.25170068,2.68707483,37.4745636,127.136795,15.94829932,0,60.2229618,13.2585034,6300.180247,4.136839135,0.467459374,0.002087912,0,0.024683448,14,0,9920.369646,4.93877551
4457,14.61818182,51.61818182,46.47727273,0,0,10.52727273,10.03636364,37.52478027,127.1091309,15.72954545,0,59.2414359,14.09090909,11684.7475,2.479102192,0.652905603,0,0,0.347086631,51,0,13756.77208,20.56363636
4458,14.96992481,48.15037594,30.90977444,661.406015,583.3834586,2.127819549,2.135338346,37.49917603,127.1258926,15.68120301,0,59.23515038,13.5037594,21939.37288,5.867053393,0.997912088,0.002098268,0,0,39,3,18502.19861,4.263157895
446,14.12820513,206.7008547,192.8034188,0,0,2.256410256,1.965811966,37.60012817,126.9578323,13.79615385,0,63.28598291,13.34188034,6698.06855,20.03060244,0.662050736,0,0,0.337327938,96,0,8119.679546,4.222222222
4460,14.15606936,75.73410405,69.57803468,1418.028902,1317.930636,3.132947977,3.184971098,37.48807144,127.1186371,15.63352601,0,58.86365051,13.33526012,14456.08183,2.661473907,0.645299544,0.008578174,0,0.016990662,16,3,20935.82569,6.317919075
4461,13.640625,68.296875,90.953125,0,0,1.53125,1.46875,37.50585175,127.1219406,15.9234375,0,57.93322917,15.328125,23958.88557,2.845561091,0.996915378,0,0,0,13,0,18003.44853,3
4462,15.12,61.352,35.096,0,0,1.992,2.32,37.50223541,127.1172867,16.3504,0,59.76768821,14.096,24002.61127,3.002885419,0.998824659,0,0,0,20,0,22682.78259,4.312
4463,14.22289157,49.05421687,58.39156627,278.6506024,269.8493976,2.578313253,2.638554217,37.50801468,127.125946,15.61024096,0,59.97047807,14.05421687,21364.93139,1.493923324,0.998265466,0,0,0,16,1,21535.81322,5.21686747
4464,14.49238579,54.93401015,62.88324873,0,0,5.253807107,5.279187817,37.52357483,127.1280441,15.84416244,0,59.029877,13.89340102,13714.70562,6.624318252,0.490743545,0,0,0.509244805,21,0,14216.00495,10.53299492
4465,13.08085106,121.1404255,110.3617021,1164.582979,1115.651064,4.65106383,4.646808511,37.48245621,127.1246033,15.47106383,0,61.64969394,14.46808511,15066.32935,3.068878831,0.586234794,0.209331014,0,0.035356007,59,2,25900.55077,9.29787234
4467,13.88888889,84.05228758,37.21568627,0,0,2.294117647,2.699346405,37.48488998,127.1327057,15.54379085,0,59.98406569,13.38562092,18131.35096,4.396473169,0.730399124,0,0,0.206457384,41,0,13246.95349,4.993464052
4468,14.23756906,76.40331492,77.09392265,279.8287293,264.8674033,3.149171271,3.027624309,37.49650955,127.1103287,15.5480663,0,61.01861099,13.60220994,21125.96042,1.619841943,0.533920486,0.408628916,0,0.057449304,28,1,15501.99911,6.17679558
4469,15.23129252,78.06122449,49.44217687,361.5170068,329.2789116,2.414965986,2.401360544,37.49198532,127.1437302,15.65986395,0,60.50008896,14.11564626,15349.93793,5.28937802,0.921350554,0,0,0.000709347,23,1,18323.36642,4.816326531
447,16.91666667,135.8333333,120.25,0,0,1,1.083333333,37.60399246,126.9619446,15.6,0,56.375,11.91666667,6796.948888,14.27734368,0.921008825,0,0,0.078042359,111,0,7833.390241,2.083333333
4472,15.1625,22.25,16.95,0,0,2.0875,1.875,37.49763107,127.159668,15.925,0,58.98977083,13.05,8836.128736,21.24664414,0.339087066,0,0,0.227847806,12,0,4231.70821,3.9625
4473,15.97297297,108.1621622,25.40540541,363.7837838,219.4054054,1.324324324,1.432432432,37.49808884,127.1542969,16.62972973,0,62.2289605,12.62162162,14897.2831,15.91056165,0.77890393,0,0,0.209681804,26,1,11918.75891,2.756756757
4474,15.39215686,147.0980392,70.78431373,0,0,1.921568627,1.794117647,37.49146652,127.1266403,16.09117647,0,56.98193313,12.51960784,18572.49527,4.828656787,0.999970228,0,0,0,39,0,21548.23376,3.715686275
4475,14.97777778,163.7111111,141.1777778,526.4888889,502,1.962962963,1.814814815,37.48174286,127.1287842,15.53185185,0,61.16141121,13.3037037,16133.86304,2.986290403,0.87565854,0.069800736,0,0.051453513,84,1,24937.26601,3.777777778
4478,13.52970297,113.6683168,89.11386139,801.6188119,717.2376238,3.495049505,3.465346535,37.4861145,127.1266708,15.45891089,0,59.86175235,13.55445545,17051.37771,4.410650472,0.927306218,0.003083328,0,0.00183291,61,1,24416.231,6.96039604
4479,11.85,120.475,131.225,0,0,1.35,1.225,37.48827362,127.1306839,13.7575,0,61.54870192,12.225,19468.61468,4.518544478,0.95958278,0,0,0.040424987,45,0,17018.92126,2.575
4480,14.67625899,164.7913669,119.2877698,554.1510791,532.2158273,2.705035971,2.489208633,37.49201584,127.1174545,16.03021583,0,59.79260007,14.39568345,15211.7315,2.120108107,0.632120972,0.325324707,0,0.037153967,50,2,19819.08708,5.194244604
4481,13.97797357,51.13656388,59.62555066,0,0,7.585903084,7.757709251,37.52397537,127.1275101,15.40528634,0,59.9481543,14.01321586,13708.95622,30.56741674,0.51113467,0,0,0.488856269,21,0,14125.80242,15.34361233
4484,14.83919598,19.56281407,18.13567839,495.1708543,490.2663317,5.135678392,5.251256281,37.52080917,127.1036224,15.94371859,0,59.21266074,14.29145729,13358.82292,5.551927601,0.676953486,0.073885951,0,0.249167036,33,1,21994.54851,10.38693467
4485,15.55752212,28.18584071,35.84955752,476.8938053,448.1327434,2.309734513,1.991150442,37.51988602,127.1043396,16.24955752,0,56.65604266,13.84955752,15314.21585,9.481399832,0.746844832,0.133288546,0,0.119873094,52,1,25801.05974,4.300884956
4486,14.27586207,237.6453202,259.0738916,2638.399015,2618.034483,5.172413793,4.955665025,37.51613998,127.103508,15.90591133,0,58.67386068,14.19211823,18483.74259,1.628491806,0.576971867,0.423013894,0,0,77,2,42967.45212,10.12807882
4488,15.46666667,100.1333333,135.3111111,536.2888889,554.0666667,1.488888889,1.288888889,37.48051071,127.128624,15.99111111,0,57.3777037,13.24444444,15605.98984,2.914727497,0.744175721,0.131941047,0,0.124011381,79,1,23792.08497,2.777777778
449,15.95454545,76.31818182,79.90909091,0,0,2.136363636,1.5,37.60871887,126.9728622,15.38181818,0,66.61181818,15.68181818,3757.435938,15.85749131,0.730647654,0,0,0.269356229,25,0,3555.371737,3.636363636
4490,16.35820896,111.3283582,37.29850746,0,0,1.76119403,1.71641791,37.4777832,127.1320572,17.19104478,0,55.45698622,15.64179104,12119.02089,3.861862858,0.585310572,0.000337846,0,0.254401702,44,0,14680.55293,3.47761194
4491,13.34222222,127.7288889,115.0444444,460.9377778,448.5422222,3.262222222,3.32,37.47953415,127.1267853,15.20266667,0,61.78082108,14.03555556,13853.57271,3.054113729,0.545547038,0.263540364,0,0.149101279,71,1,24811.74041,6.582222222
4493,14.18548387,148.8064516,70.02419355,0,0,2.290322581,2.177419355,37.49900436,127.1469421,15.94758065,0,56.64123242,13.70967742,18105.30617,6.081224845,0.908342847,0,0,0.084360462,23,0,22580.61701,4.467741935
4496,13.8744186,37.91627907,31.43255814,675.4232558,660.3348837,3.311627907,3.618604651,37.51921082,127.1079407,15.56465116,0,60.17651163,14.06976744,17420.45491,4.674335242,0.820847281,0.155671795,0,0.023482218,50,2,26894.81991,6.930232558
4497,14.36551724,69.25517241,63.07586207,0,0,2.503448276,2.731034483,37.50679016,127.0792694,15.57586207,0,59.26789832,13.87586207,16515.22617,1.946093534,0.973605319,0.026063308,0,0.000323607,16,0,20498.70201,5.234482759
4499,15.02083333,56.8125,30.40625,0,0,2.1875,1.760416667,37.49236679,127.1365509,16.19479167,0,58.44821848,13.88541667,18673.77151,4.123476986,0.875909659,0,0,0.041281898,21,0,16207.15882,3.947916667
450,14.21232877,158.2465753,125.0479452,0,0,3.506849315,2.431506849,37.58360291,126.9725494,14.43150685,0,58.99630137,11.66438356,3616.617488,4.796083649,0.774105486,0,0,0.225844032,46,0,9409.80477,5.938356164
4507,14.4010989,113.9615385,71.57142857,668.3571429,489.7197802,2.802197802,3.098901099,37.52124786,126.8549576,15.96373626,0,53.28869048,16.19230769,21861.9659,3.751041883,0.923132982,0.076867018,0,0,102,2,23847.52756,5.901098901
4508,13.52244898,133.3632653,127.355102,668.155102,617.3428571,7.224489796,7.506122449,37.52109528,126.8732071,15.20122449,0,54.63027211,15.23673469,24192.52782,4.080796446,0.824465207,0.134967419,0,0.037937096,87,1,21089.75914,14.73061224
4509,12.79770992,51.30916031,48.54961832,240.9427481,251.9427481,8.381679389,8.805343511,37.52198029,126.8592835,15.12633588,0,56.02671756,15.74045802,22068.17094,2.977150836,0.989886634,0.010078416,0,0,79,1,20662.19025,17.1870229
451,14.8,58.44,3.16,0,0,2.76,1.88,37.58351517,126.9796677,15.482,0,53.12,12.96,3217.307548,4.830586355,0.67209032,0,0,0.327834603,41,0,7318.614612,4.64
4510,13.98543689,132.6941748,69.03883495,348.7621359,272.8786408,3.296116505,3.582524272,37.52175903,126.8522873,15.35291262,0,54.22471683,15.52912621,21956.05138,3.46850797,0.924589213,0.075390076,0,0,81,1,25105.63381,6.878640777
4512,14.81034483,105.2471264,74.56321839,291.4367816,263.8850575,3.229885057,2.701149425,37.5140686,126.8699875,15.65172414,0,53.1434387,15.07471264,18290.77571,5.380572864,0.865501164,0.01968825,0.001227118,0.11425916,83,1,13712.85924,5.931034483
4514,13.59166667,150.9708333,140.2416667,0,0,6.275,5.770833333,37.52319717,126.8693008,15.32958333,0,54.10520833,15.37083333,26205.35924,0.69696362,0.817814436,0.180750043,0,0.001422576,92,0,24341.79325,12.04583333
4515,14.14864865,58.58108108,57.61261261,272.018018,241.472973,7.022522523,6.900900901,37.51481247,126.8611755,15.53963964,0,53.24305556,15.54054054,23118.81392,2.433674132,0.846673708,0.121796614,0,0.031519322,51,1,19283.35675,13.92342342
4516,14.31182796,150.4193548,142.8602151,0,0,1.774193548,1.827956989,37.53528214,126.8300095,15.58602151,0,52.86066308,15.49462366,18422.19708,3.074891617,0.973896565,0,0,0.025738406,30,0,14480.97688,3.602150538
4517,14.24210526,93.11052632,81.6,0,0,3.468421053,3.489473684,37.52893829,126.8331223,15.52210526,0,54.18399123,16.16842105,20011.86549,2.652480012,0.734780763,0.00028348,0,0.247550295,15,0,12450.2959,6.957894737
4518,14.29378531,207.1355932,138.4011299,0,0,3.11299435,3.231638418,37.52011108,126.8447495,15.55706215,0,53.75094162,15.6779661,21759.17279,4.950263304,0.997900438,0,0,0,56,0,18844.70568,6.344632768
4519,12.44186047,72.02325581,98.69767442,0,0,4.558139535,4.976744186,37.53924561,126.8237381,15.05116279,0,49.8372093,11.3255814,9721.31449,7.915600435,0.39025451,0,0,0.376303165,31,0,8773.636768,9.534883721
452,13.75555556,367.962963,435.2074074,1806.037037,1984.62963,2.096296296,2.177777778,37.57123947,127.0044098,14.13481481,0,62.42222222,14.11851852,5261.806289,8.12966968,0.076498106,0.923598976,0,0,103,3,26172.10745,4.274074074
4520,13.65168539,270.6741573,217.3764045,0,0,2.539325843,3.45505618,37.52091599,126.8409576,15.41966292,0,53.60931648,15.38764045,23316.3137,1.89459184,0.996420907,0,0,0,87,0,17615.29389,5.994382022
4522,13.42727273,224.7045455,162.7818182,0,0,3.568181818,5.318181818,37.51779556,126.8416138,15.23318182,0,53.95852273,15.06363636,21799.56534,4.182452109,0.972679803,0,0,0.026284655,88,0,14077.95582,8.886363636
4523,14.73333333,33.6,8.933333333,0,0,1.466666667,1.266666667,37.51351166,126.8268127,17.79333333,0,51.46666667,14.6,5155.820696,10.12374511,0.275671743,0,0,0.537377903,38,0,3759.541027,2.733333333
4526,14.68421053,98.42105263,72.75438596,0,0,3.567251462,3.929824561,37.53968811,126.8749847,15.67134503,0,52.06091618,15.13450292,23211.56413,12.82062951,0.811267219,0.007006739,0,0.181732514,83,0,12852.08752,7.497076023
4527,14.15246637,151.7623318,141.206278,0,0,5.313901345,5.282511211,37.53684616,126.8847504,15.43811659,0,53.62201046,15.53811659,11490.31379,6.19615357,0.521796873,0.105394917,0.079725115,0.297055694,57,0,17980.06472,10.59641256
4528,14.7826087,65.32608696,65.9076087,295.9891304,272.4945652,3.72826087,3.195652174,37.51292038,126.8667984,15.50434783,0,52.91938406,15.08152174,19257.17777,5.380572864,0.892581892,0.056919883,0.007607353,0.042883105,60,1,16323.49599,6.923913043
453,13.91017964,508.8023952,532.2994012,921.1736527,1025.191617,3.892215569,3.880239521,37.57114029,127.0006714,14.13922156,0,58.20335329,11.38922156,4132.748802,2.258222161,0,0.979708547,0,0.020612472,111,1,28663.84343,7.77245509
4530,14.31690141,142.3028169,127.584507,0,0,2.492957746,2.232394366,37.53936005,126.8288651,15.71971831,0,51.12617371,15.11971831,14586.89458,4.252782718,0.874701958,0,0,0.124016558,50,0,11361.54212,4.725352113
4531,14.33023256,71.86511628,125.055814,0,0,7.08372093,7.390697674,37.53315735,126.8840866,15.52232558,0,53.41957364,15.66511628,11964.08719,6.19615357,0.591479816,0.057511436,0,0.352154317,28,0,15692.17608,14.4744186
4532,14.23963134,52.23502304,46.93548387,697.4009217,640.8663594,4.65437788,4.67281106,37.5221405,126.8780594,15.62396313,0,53.58621352,15.640553,19147.1513,4.395070013,0.46053289,0.000335257,0.106070608,0.426546388,39,1,17351.63505,9.32718894
4535,14.25806452,63.40552995,60.95852535,0,0,5.69124424,5.843317972,37.51412201,126.860405,15.58986175,0,53.70065284,15.68202765,23217.54328,3.06515968,0.832734013,0.102134253,0,0.065123967,59,0,18868.02823,11.53456221
4536,12.55434783,58.77173913,68.02173913,0,0,3.217391304,6.5,37.51174164,126.8738327,15.14347826,0,52.10009058,13.51086957,14362.26106,1.747469965,0.437128337,0,0.085465903,0.479721491,45,0,8175.590582,9.717391304
4537,14.5359116,126.8674033,82.21546961,486.281768,465.6519337,3.79558011,3.79558011,37.52164078,126.8655548,15.47016575,0,51.95695212,14.03867403,23572.40552,0.941925198,0.838837241,0.131309366,0,0.029839154,86,1,19090.7774,7.591160221
4538,12.40740741,95.33333333,57.74074074,0,0,1.555555556,1.259259259,37.50922012,126.8371582,14.91481481,0,55.81481481,17.22222222,9834.237167,6.66164304,0.40687626,0.148067031,0,0.445323361,110,0,8087.277807,2.814814815
4539,15.25174825,156.2447552,104.5384615,492.6363636,381.3846154,2.447552448,2.440559441,37.52624512,126.8657837,15.87062937,0,51.63199301,15.65034965,24817.6695,1.480567759,0.936367214,0.063830834,0,0,61,1,26975.91825,4.888111888
454,13.48148148,785.6296296,777.1798942,1503.899471,1485.650794,3.513227513,3.476190476,37.57035828,126.9863815,14.11111111,0,60.8994709,12.71428571,2731.640099,1.556222569,0,0.999667332,0,0,117,1,48547.9621,6.989417989
4540,12.53358209,143.2462687,84.52985075,380.3022388,365.1865672,8.167910448,8.268656716,37.52653122,126.8644562,15.15335821,0,56.49673507,16.20895522,24026.60721,1.480567759,1.000042716,0.000401273,0,0,59,1,24466.23512,16.43656716
4541,14.32835821,51.15920398,31.17412935,283.9402985,242.3731343,4.139303483,4.248756219,37.51097488,126.8698425,15.61343284,0,53.08354063,15.54228856,13888.95598,4.962258352,0.648240484,0,0.00644884,0.346474366,46,1,10113.57938,8.388059701
4542,13.56818182,154.875,150.9204545,0,0,1.943181818,1.75,37.53642654,126.8334122,15.79090909,0,53.3219697,16.625,24490.72236,3.074891617,0.999968934,0,0,0,45,0,17409.19259,3.693181818
4543,15.96551724,123.9655172,140.3103448,913.7931034,805.3103448,3.137931034,3.103448276,37.5236702,126.8756714,14.93793103,0,52.96551724,13.24137931,23386.9545,8.323292979,0.574289812,0.120216118,0,0.305636457,46,1,22442.32731,6.24137931
455,13.09868421,363.2828947,417.2763158,2265.934211,2152.598684,3.677631579,3.585526316,37.570961,127.0060577,14.3375,0,59.07210526,11.53947368,5534.573322,8.12966968,0.133021894,0.866853841,0,0,96,3,30200.65962,7.263157895
4552,14.31382979,149.1329787,164.3882979,385.606383,384.6914894,3.989361702,3.856382979,37.52617645,126.9019775,15.2537234,0,58.08510638,13.64893617,21535.59542,0.999252883,0.108388929,0.121698238,0.764679461,0,68,1,34792.06233,7.845744681
4553,14.23376623,54.48051948,53.94805195,821.2900433,790.4805195,6.138528139,5.926406926,37.52762222,126.8986359,15.25108225,0,58.67965368,13.49350649,18441.7637,1.423676501,0.030821625,0.004148642,0.960209283,0,73,2,30999.4763,12.06493506
4555,12.83552632,87.74342105,79.46052632,1020.256579,912.2105263,2,2.098684211,37.49519348,126.900177,15.03618421,0,60.07894737,14.44078947,19742.67709,1.801638026,1.000022005,0,0,0,91,2,23852.44348,4.098684211
4556,13.46560847,78.8042328,44.35978836,0,0,3.978835979,3.957671958,37.51374817,126.8885117,15.18571429,0,59.4973545,13.2962963,16281.59396,16.2436994,0.117396854,0.014507949,0.626086349,0.250869208,84,0,15893.87483,7.936507937
4557,14.35897436,110.1384615,77.94358974,1435.707692,1250.189744,3.871794872,3.743589744,37.51288223,126.8902664,15.49948718,0,58.99487179,14.08717949,16697.19786,17.45713161,0.122279436,0.050702745,0.593180694,0.240631577,82,2,18045.55376,7.615384615
4558,14.07446809,196.1914894,190.1276596,0,0,2.973404255,3.265957447,37.50545502,126.9062653,15.28031915,0,58.42553191,13.31914894,23973.76353,2.705331462,0.943682026,0.052791952,0.003082033,0,177,0,19349.98832,6.239361702
4559,14.08878505,58.28971963,46.09813084,359.6261682,348.9766355,5.037383178,4.341121495,37.51756287,126.9169846,15.24018692,0,59.85046729,14.78504673,14057.42936,7.209493532,0.594893223,0.190472492,0.004556387,0.209896679,42,2,16181.82001,9.378504673
456,12.18518519,197.8477366,205.5308642,1032.378601,1052.09465,2.938271605,3.04526749,37.57447052,127.0198288,13.28559671,0,64.89489712,12.76954733,20210.52389,8.821820984,0.530881169,0.46860106,0,0,84,5,26758.54726,5.983539095
4560,14.37745098,86.29411765,70.19607843,301.4803922,300.8137255,4.931372549,5.06372549,37.53374481,126.8936539,15.26617647,0,59.12254902,13.98039216,14446.46363,1.336687471,0.001515775,0.00867914,0.759655786,0.231759568,87,1,19685.70177,9.995098039
4561,13.41563786,83.02469136,83.58847737,0,0,7.703703704,7.534979424,37.52572632,126.8860016,14.99423868,0,59.82716049,13.55967078,13724.70078,5.311906847,4.27E-05,0,0.670943457,0.329455227,70,0,15469.84909,15.23868313
4563,14,239.9054054,251.6081081,0,0,2.77027027,2.763513514,37.51850891,126.9344864,15.44797297,0,56.55405405,13.06756757,8793.014236,13.74042693,0.429871774,0.285999984,0,0.285153429,57,0,18646.52157,5.533783784
4564,14.24242424,139.2626263,152.4747475,0,0,7.484848485,7.51010101,37.52070999,126.9396591,15.54949495,0,57.68181818,13.38888889,5097.750794,5.57458566,0.281580807,0.112809401,0,0.605611087,16,0,9255.79184,14.99494949
4565,13.1640625,399.8164063,425.140625,1296.488281,1270.367188,12.765625,12.73828125,37.51803589,126.9036484,15.18984375,0,60.48828125,14.40234375,13591.41474,1.058190974,0.203021972,0.312094359,0.483628075,0,121,1,27798.25148,25.50390625
4566,13.38164251,75.83574879,60.80193237,0,0,3.690821256,4.057971014,37.5038414,126.8961563,15.33913043,0,58.69565217,14.25603865,19628.14468,28.35441212,0.697279889,0.065419097,0.148041142,0.08668396,151,0,18384.41762,7.748792271
4567,14.22222222,144.4646465,150.6010101,0,0,3.474747475,3.525252525,37.49128342,126.90802,15.27727273,0,58.81313131,13.31818182,19647.23632,4.831114469,0.997242868,0.00229761,0,0,76,0,23740.99865,7
4568,13.39130435,96.51304348,87.02173913,358.6130435,347.3217391,5.273913043,5.37826087,37.51874924,126.9122086,15.23956522,0,59.64782609,14.42173913,13106.0243,2.932560361,0.524924211,0.27191143,0.04953776,0.153897134,57,2,19360.68561,10.65217391
4569,14.2122905,88.5027933,77.55307263,0,0,2.94972067,3.245810056,37.50508881,126.9133453,15.46703911,0,59.8547486,14.8547486,23103.30496,5.827963552,0.89677325,0.055616394,0,0,113,0,16886.2538,6.195530726
457,13.94285714,392.4971429,435.0457143,2002.874286,2039.628571,3.211428571,3.068571429,37.57131958,127.0072098,13.64028571,0,60.56285714,12.18285714,5810.166166,9.394138101,0.208973752,0.790939522,0,0,91,3,29144.62918,6.28
4571,13.85654008,75.51898734,25.77637131,44.18565401,41.60759494,10.13080169,10.5021097,37.51800156,126.8845978,15.3164557,0,59.02953586,13.95780591,14572.82382,1.681272622,0,0,0.685094144,0.308497143,65,1,17321.8207,20.63291139
4573,14.65714286,167.5142857,145.7357143,1528.585714,1581.85,2.128571429,2.257142857,37.51470184,126.9121399,15.62785714,0,56.85,13.93571429,14798.43918,2.338459874,0.68618923,0.150979494,0.080264892,0.07984938,109,1,21725.4732,4.385714286
4574,12.44202899,200.4927536,180.4601449,307.6268116,299.5869565,6.974637681,6.981884058,37.52341461,126.9054031,14.92391304,0,60.99637681,14.35507246,22105.15758,7.34796316,0.423868217,0.213710064,0.358622573,0,57,1,29406.02332,13.95652174
4575,13.63675214,135.457265,139.1880342,318.7521368,316.3247863,4.423076923,4.747863248,37.49582291,126.9083557,15.20811966,0,59.76068376,13.97008547,20953.30041,2.157739306,0.998121785,0,0,0,92,1,25720.4491,9.170940171
4576,14.63888889,114.1555556,111.2444444,243.7555556,229.7277778,3.044444444,2.994444444,37.50160599,126.91745,15.48944444,0,58.77222222,13.63888889,22043.71592,3.38028897,0.958709041,0,0,0,113,1,18025.22126,6.038888889
4578,14.61458333,123.8125,119.59375,268.3020833,255.25,2.416666667,2,37.50400543,126.9202805,15.50729167,0,56.25,14.39583333,22386.695,3.369372929,0.999291948,0,0,0,148,1,17380.02093,4.416666667
4579,14.38356164,11.06849315,31.82191781,0,0,2.369863014,2.136986301,37.5325737,126.9140472,15.64794521,0,54.69863014,13.71232877,3565.306096,4.559634881,0.005674772,0.446333015,0,0.547992213,11,0,1727.550395,4.506849315
458,13.84037559,523.8075117,561.7605634,2773.2723,2743.478873,7.549295775,6.962441315,37.56989288,126.9775696,14.00328638,0,61.06084507,12.71361502,4000.735764,1.944906474,0.187207945,0.813049646,0,0,112,2,36865.11572,14.51173709
4580,13.74576271,123.1016949,179.8813559,1284.067797,1041.728814,2.593220339,3.118644068,37.52974701,126.9131699,15.12542373,0,55.79661017,10.89830508,6789.80065,4.559634881,0.127160724,0.569948301,0,0.302889681,28,1,7275.715312,5.711864407
4581,12.95348837,21.73255814,40.24418605,0,0,3.034883721,2.930232558,37.53050232,126.9128952,15.45465116,0,53.1744186,10.88372093,6748.968201,4.559634881,0.122627637,0.516426291,0,0.360959016,24,0,5683.712239,5.965116279
4582,13.91304348,161.673913,200.1086957,802.0326087,839.7391304,3.130434783,2.77173913,37.53054047,126.9181747,15.47934783,0,51.32608696,11.19565217,1183.338813,6.10356727,0,0.806476541,0,0.193513103,46,1,6568.289775,5.902173913
4583,13.7826087,143.6304348,178.6304348,740.8478261,775.0869565,1.956521739,1.782608696,37.53214645,126.9174728,14.96086957,0,53.86956522,11.2826087,678.0662958,6.10356727,0,0.615725747,0,0.38427037,33,1,3408.985446,3.739130435
4584,14.8372093,115.0930233,138.744186,736,785.9767442,1.88372093,1.76744186,37.52864075,126.9151077,16.59534884,0,56.62790698,14.8372093,3972.888275,6.10356727,0.037758465,0.735444804,0,0.226790259,32,1,7088.200743,3.651162791
4585,15.25423729,125.4576271,160.0508475,0,0,2.322033898,2.254237288,37.53271866,126.9179916,16.28813559,0,54.88135593,14.13559322,543.7539814,6.10356727,0,0.522633074,0,0.47735916,27,0,2735.126303,4.576271186
4588,14.19047619,136.7619048,127.3129252,0,0,2.707482993,2.585034014,37.52194977,126.8904953,15.3585034,0,56.7414966,12.95238095,15197.0122,1.023006741,0,0,0.998718516,0,135,0,22628.6998,5.292517007
4589,13.70289855,471.115942,489.0652174,2210.5,2305.898551,3.688405797,3.347826087,37.52347946,126.9271164,15.18478261,0,56.3115942,12.00724638,7849.609655,3.896169425,0.12035721,0.822445899,0,0.057195596,70,2,38326.25672,7.036231884
4591,14.94805195,91.22077922,58.58441558,0,0,2.792207792,1.467532468,37.50601196,126.9158859,15.7987013,0,54.33766234,12.77922078,22999.03417,4.865346992,0.931040642,0.025445866,0,0,152,0,14786.6402,4.25974026
4592,12.85294118,135.3382353,132.8823529,328.3970588,322.5147059,4.794117647,5.977941176,37.51283264,126.9176331,16.22132353,0,62.27941176,14.35294118,17910.32635,2.754139331,0.914395593,0.081683585,0,0,147,2,19165.84122,10.77205882
4594,13.68510638,81.07234043,93.64255319,273.4255319,273.5957447,4.672340426,4.982978723,37.53972626,126.8903656,15.2706383,0,60.14042553,14.12340426,9545.069858,3.240876186,0.160421052,0,0.364186025,0.478654882,90,1,13297.02197,9.655319149
4598,14.21596244,85.13615023,66.65258216,0,0,4.281690141,4.469483568,37.52364349,126.8818359,15.37042254,0,58.85915493,14.07981221,14214.94186,4.395070013,0.096930652,0,0.430357184,0.474303015,50,0,14301.66142,8.751173709
4599,14.7244898,101.3979592,79.2755102,1138.510204,928.0102041,1.969387755,1.836734694,37.49484634,126.9002914,15.55918367,0,60.6122449,14.20408163,19773.43165,1.801638026,1.000019416,0,0,0,94,2,24468.78508,3.806122449
4600,14.30526316,87.56842105,80.33157895,909.0789474,867.4421053,3.278947368,2.978947368,37.52915192,126.8944778,15.33105263,0,58.18421053,13.6,16088.10939,2.299295602,0.000120382,0,0.968546694,0.031367874,110,2,23479.9717,6.257894737
4601,14.34131737,93.28143713,85.40718563,0,0,3.48502994,3.101796407,37.5255661,126.8858414,15.58982036,0,58.56287425,14.26347305,13668.17721,5.311906847,0,0,0.672696112,0.327725871,69,0,15378.40466,6.586826347
4602,16.55172414,103.4827586,63.37931034,0,0,1.655172414,1.310344828,37.54498672,126.9643021,17.94137931,0,51.03448276,15.65517241,18345.20293,11.22964307,0.995890191,0,0,0,67,0,18529.85436,2.965517241
4603,14.45070423,158.1760563,151.0211268,0,0,2.85915493,2.957746479,37.53200531,126.9555588,15.43873239,0,53.97887324,14.17605634,14662.45325,8.179639362,0.719449557,0.175024788,0,0.064782238,56,0,14885.22112,5.816901408
4604,14.16666667,178.40625,150.6354167,0,0,2.572916667,2.791666667,37.5332222,126.9572372,15.31458333,0,53.90625,12.92708333,14614.63096,7.122369988,0.715840692,0.22825814,0,0.005083219,65,0,16088.93919,5.364583333
4605,15.82417582,36.15384615,42.1978022,0,0,2.626373626,2.879120879,37.51758957,126.9592209,16.28241758,0,54.38461538,14.87912088,1830.778741,3.481592223,0.091031944,0,0,0.909352501,14,0,4535.916194,5.505494505
4607,14.87179487,64.8974359,72.96153846,488.025641,575.7820513,3.217948718,2.858974359,37.52087784,126.9797134,16.96025641,0,49.17948718,14.15384615,5972.75686,2.49668613,0.507112882,0,0,0.486022766,27,2,9687.741562,6.076923077
4608,15.28125,67.34375,66.84375,439.9375,528.4375,1.71875,1.4375,37.52145767,126.9776764,17.3875,0,53,14.8125,7276.083029,2.325936167,0.516327915,0,0,0.478720898,35,2,12024.3878,3.15625
4609,16.9,59.26,48.76,445.5,490.9,1.66,1.74,37.52330017,126.9720612,16.496,0,52.96,15.02,9016.660339,5.555534048,0.591210575,0.012039475,0,0.357097737,31,2,14924.4524,3.4
461,13.68023256,363.2965116,318.9418605,1101.860465,954.6046512,3.215116279,2.930232558,37.57436371,126.9723663,13.64011628,0,59.10151163,10.94767442,5384.021702,6.308467575,0.505296799,0.392607781,0,0.10201646,82,1,25651.47932,6.145348837
4610,14.11340206,266.5051546,269.185567,0,0,1.855670103,1.948453608,37.53591919,127.0054169,15.6814433,0,57.08247423,14.02061856,8633.721452,14.96178638,0.943061995,0.048077645,0,0,51,0,13797.32746,3.804123711
4611,16.35,62.55,48.125,459.05,540.9,1.475,1.575,37.54143906,127.0037613,16.615,0,47.575,12.325,8216.339087,20.58360645,0.96711894,0,0,0,19,1,7864.740249,3.05
4612,16.11111111,174.1111111,283.2222222,493.1944444,578.3055556,1.777777778,1.666666667,37.53749847,127.0008469,17.025,0,51.77777778,16.77777778,8450.016945,11.57748164,0.963186468,0.002865864,0,0,52,1,14624.62497,3.444444444
4613,14.65384615,64.30769231,48.38461538,1563.461538,1362.5,2.115384615,1.615384615,37.53599548,126.9994888,17.73461538,0,55.61538462,18.34615385,9330.293525,10.63262923,0.950106273,0.03558512,0,0,51,2,17881.2752,3.730769231
4615,14.3125,136.875,119.7946429,0,0,2.776785714,2.571428571,37.53030014,126.9913788,16.35178571,0,55.47321429,14.72321429,7072.321057,7.859387087,0.529256662,0.073092466,0,0.376989212,62,0,11796.42686,5.348214286
4616,13.65486726,99.57522124,79.30973451,1777.477876,1686.212389,2.168141593,2.03539823,37.53248215,126.964119,14.76725664,0,56.39823009,13.72566372,10111.17466,4.407545442,0.468547988,0.435037836,0,0,57,1,18073.80524,4.203539823
4617,13.25806452,50.48387097,47,0,0,1.419354839,1.451612903,37.52761078,126.9551163,15.70322581,0,62.80645161,17.67741935,7755.797795,14.55136866,0.600035985,0.045937955,0,0.318103093,20,0,10544.61515,2.870967742
4618,14.112,128.136,103.872,0,0,2.936,2.784,37.53237915,126.9525299,15.0704,0,54.928,12.424,17594.58507,10.4759415,0.627616363,0.104477168,0,0.247411791,70,0,15174.60084,5.72
4619,14.33727811,130.556213,107.5266272,0,0,3.076923077,3.236686391,37.52301788,126.96241,15.39822485,0,54.37278107,14.28994083,7123.310886,2.16844188,0.469442438,0.118324958,0,0.317976239,39,0,10299.79653,6.313609467
462,13.63636364,135.6363636,185.4545455,0,0,1.181818182,1.090909091,37.60351181,126.9620667,16.94545455,0,53.36363636,12.72727273,6552.881061,14.27734368,0.902466144,0,0,0.096591512,105,0,7743.506134,2.272727273
4620,13.86592179,101.452514,91.25698324,389.2402235,399.5977654,3.061452514,3.201117318,37.53528595,126.974083,14.97318436,0,56.3575419,13.82122905,9980.952022,2.242439995,0.234576243,0.209874673,0,0.448406689,61,2,17311.8433,6.262569832
4621,14.98214286,92.92857143,72.35714286,0,0,3.428571429,1.660714286,37.55240631,126.9820175,16.15892857,0,51.30357143,14.66071429,5729.711051,17.22965272,0.993525271,0,0,0,44,0,9354.788723,5.089285714
4622,15.25,61.8625,55.7375,0,0,1.9,1.9125,37.5251503,126.9920883,15.27375,0,55.475,13.7875,7956.741088,7.556826744,0.571461487,0.010836951,0,0.385529848,33,0,7202.448658,3.8125
4623,14.38709677,125.7741935,95.96774194,827.3225806,761.2580645,1.677419355,1.451612903,37.53453064,126.9961929,16.19032258,0,53.4516129,14.19354839,10440.96372,12.80319936,0.926969666,0.065844964,0,0,86,1,20855.9261,3.129032258
4625,14.60869565,195.3695652,163.4782609,488.9130435,360.9347826,1.717391304,1.804347826,37.5393219,126.9731903,15.94782609,0,55.89130435,13.63043478,9622.212942,2.7766987,0.128554823,0.366543178,0,0.429825175,88,1,19205.28677,3.52173913
4627,14.55140187,141.5700935,123.6448598,388.317757,397.5140187,2.028037383,1.953271028,37.53851318,126.9635544,15.55233645,0,56.02803738,14.6728972,13701.32605,5.475879079,0.835201193,0.136813274,0,0,111,2,22765.5838,3.981308411
4629,14.86725664,243.6371681,256.3982301,1460.938053,1788.415929,2.982300885,2.955752212,37.52544022,126.9645996,16.41858407,0,55.46902655,14.45132743,8954.313268,3.189866131,0.47618123,0.331100445,0,0.028591326,56,1,19861.33593,5.938053097
4632,14.92857143,109.3809524,94.5,0,0,1.380952381,1.476190476,37.52529526,126.9958344,16.06666667,0,51.5,12.16666667,12129.1535,8.73091396,0.917086709,0.001341027,0,0.055347153,41,0,10182.73663,2.857142857
4633,13.85046729,211.5186916,214.3971963,2001.476636,2162.752336,3.957943925,3.985981308,37.52703476,126.9661789,15.2588785,0,55.64018692,14.45794393,9071.672633,5.61319158,0.365656495,0.441187664,0,0.08493001,55,2,19925.78515,7.943925234
4634,13.72649573,112.1623932,88.17094017,746.5128205,649.4957265,2.41025641,2.162393162,37.53440094,126.9946671,15.85811966,0,55.11111111,13.98290598,9727.968213,12.86049529,0.906586309,0.087149954,0,0,82,1,20748.75372,4.572649573
4636,14.56028369,148.9219858,134.1914894,357.9361702,372.0496454,2.319148936,2.446808511,37.53786087,126.9656525,15.71985816,0,55.34751773,14.95744681,12385.44069,4.610751708,0.693489804,0.249433688,0,0,108,2,26091.34031,4.765957447
4637,15.11494253,237.1609195,273.6321839,0,0,1.804597701,1.770114943,37.52468109,126.9681931,16.09310345,0,53.36781609,14.09195402,8721.287131,5.61319158,0.536277639,0.214138519,0,0.158185574,53,0,16581.11666,3.574712644
4638,13.82580645,199.4,192.6193548,380.8774194,463.9870968,2.212903226,2.025806452,37.54733658,126.9703827,15.47741935,0,55.79354839,14.52903226,12481.788,8.979204582,0.77046426,0.113442376,0,0.02061506,102,1,22293.72468,4.238709677
4639,15.56363636,69.62727273,69.00909091,92.21818182,96.65454545,2.936363636,2.936363636,37.51794052,126.9837036,16.64909091,0,54.84545455,16.17272727,5148.14922,2.433413504,0.511986403,0,0,0.469931732,21,1,5228.599921,5.872727273
464,14.30263158,95.82894737,11.48026316,0,0,2.835526316,2.789473684,37.58419037,126.9816971,14.00296053,0,61.14776316,12.54605263,2729.205317,8.396826466,0.78607765,0,0,0.213856334,61,0,6572.463321,5.625
4640,14.37373737,189.989899,157.3131313,392.5454545,410.8383838,2.060606061,2.141414141,37.53577805,126.9622116,15.37575758,0,54.81818182,13.4040404,11031.97706,4.250586141,0.643999938,0.264970707,0,0,111,2,17173.63675,4.202020202
4641,14.58715596,166.9174312,187.587156,824.3394495,901.2844037,2.091743119,2.018348624,37.54039001,126.9734955,15.4146789,0,54.11926606,13.7706422,9413.860642,2.7766987,0.136711014,0.313119546,0,0.482608065,93,2,17144.97387,4.110091743
4642,14.2,164.8333333,186.8,334.8,420.3333333,1.733333333,1.9,37.53930283,126.9705048,14.45333333,0,54.03333333,12.36666667,10746.08843,4.595384081,0.36693539,0.384212121,0,0.168886611,109,1,25299.23906,3.633333333
465,14.4,65.5,12.4,0,0,1.5,1.4,37.58760452,126.9835968,13.915,0,56.75,11.6,1066.64741,18.40509893,0.455964854,0,0,0.543976897,39,0,4929.009965,2.9
4652,14.1878453,158.6243094,94.60220994,0,0,3.154696133,3.325966851,37.59931564,126.9075928,12.26961326,0,72.03867403,11.4640884,19001.08645,9.922211193,0.902937316,0,0,0.097954545,77,0,19739.99171,6.480662983
4653,13.61666667,142.7333333,107.3611111,637.9444444,582.8444444,2.494444444,2.466666667,37.61156845,126.9304886,11.79833333,0,74.42222222,12.23888889,19514.6951,10.35590236,0.782902418,0.152770982,0,0.011652441,104,2,34698.47891,4.961111111
4657,14,226.8693694,189.1171171,0,0,4.121621622,4.148648649,37.60049438,126.9221573,12.4963964,0,70.06756757,11.51801802,26162.96132,2.35047177,0.971615783,0.026757121,0,0,108,0,24993.71192,8.27027027
4658,14.09482759,165.4051724,91.1637931,400.6810345,260.6551724,2.086206897,1.715517241,37.60176849,126.9354248,12.91896552,0,69.87931034,11.53448276,13475.06165,18.51340833,0.7795149,0,0,0.205687199,54,1,12308.8103,3.801724138
4659,13.89201878,197.3802817,169.3380282,550.0516432,486.57277,3.131455399,3.258215962,37.59750366,126.9199982,12.58309859,0,71.0657277,11.68544601,28377.79034,3.983390183,0.947323252,0.026757121,0,0,104,1,24202.78616,6.389671362
466,14.67857143,545.3095238,819.4880952,3550.785714,5150.761905,3.023809524,1.80952381,37.56584167,126.9798126,13.38690476,0,58.35714286,12.76190476,3405.71954,1.722745346,0.151234496,0.848902713,0,0,96,3,48235.00126,4.833333333
4663,13.8375,126.575,86.275,641.25,592.75625,2.54375,2.4,37.61326218,126.9278641,12.389375,0,71.8875,11.55625,21809.0532,9.088422931,0.864806056,0.131604495,0,0,87,2,35737.41829,4.94375
4665,14.79646018,167.3539823,106.3097345,631.4070796,420.8141593,1.85840708,1.938053097,37.59967041,126.91716,12.79115044,0,71.53097345,12.30088496,31098.65733,2.138686081,0.973211812,0.026757121,0,0,85,1,32172.36536,3.796460177
4667,14.75,66.88461538,65.01923077,0,0,1.557692308,1.461538462,37.62962723,126.9301148,12.96346154,0,65.15384615,11.69230769,12264.18064,13.12917537,0.222820248,0,0,0.353975577,59,0,6033.559132,3.019230769
4668,15.55555556,89.11111111,47.94444444,0,0,1.222222222,1.333333333,37.63390732,126.931778,15.92777778,0,68.22222222,13.05555556,8287.617726,16.64357252,0.275609611,0,0,0.173525841,89,0,8365.270653,2.555555556
4671,13.46629213,240.2865169,168.9325843,1010.741573,865.7865169,2.702247191,2.45505618,37.62087631,126.9197998,12.99382022,0,69.2247191,11.76404494,22351.68504,7.126510294,0.823460731,0.175714718,0,0,157,2,30153.5415,5.157303371
4672,15.21153846,281.3461538,152.4615385,1237.538462,880.3653846,1.596153846,1.538461538,37.62205124,126.9195862,11.79807692,0,75.28846154,10.34615385,21304.94265,7.126510294,0.867746996,0.131212284,0,0,178,2,28897.42249,3.134615385
4674,14.26285714,187.0342857,122.3428571,381.8971429,257.0914286,3.348571429,3.588571429,37.60034561,126.9314804,12.62285714,0,72.27428571,12.04,18186.7258,7.230723162,0.987050542,0,0,0,69,1,16271.30185,6.937142857
4676,15.31896552,133.1637931,61.02586207,0,0,1.715517241,2.060344828,37.62360764,126.9168854,13.36982759,0,69.29310345,12.63793103,20492.12857,9.432709155,0.978227721,0.017911,0,6.47E-05,148,0,21273.67627,3.775862069
4677,14.59259259,206.5308642,144.2098765,593.6358025,438.7839506,3.154320988,3.549382716,37.59612656,126.9196243,12.71296296,0,70.83333333,11.93209877,28056.6863,6.099204709,0.950921762,0.0231845,0,0,110,1,22375.96108,6.703703704
4678,14.91836735,227.1020408,201.755102,0,0,1.918367347,1.653061224,37.59954453,126.9265366,12.81122449,0,68.47959184,11.29591837,21210.70724,3.863470727,0.984632551,0.004722073,0,0,92,0,17658.3595,3.571428571
468,14.17592593,752.5925926,977.2962963,3949.638889,4620.148148,2.935185185,2.675925926,37.56415939,126.9794846,13.73796296,0,55.34259259,11.81481481,3323.593528,1.882527016,0.12495243,0.874963432,0,0,104,3,55655.16167,5.611111111
4681,15.12820513,127.1282051,54.94871795,0,0,1.487179487,1.307692308,37.62794495,126.9197693,13.69230769,0,70.33333333,12.20512821,15719.67153,16.7802823,0.63219346,0,0,0.199194348,118,0,12879.31087,2.794871795
4683,14.39252336,55.00934579,57.61682243,708.7196262,622.8504673,2.074766355,1.728971963,37.63470078,126.9173584,13.26261682,0,68.85046729,11.94392523,7928.279393,12.54528795,0.202396763,0.080624743,0,0.386489019,81,1,7101.601411,3.803738318
4684,13.86666667,134.9111111,111.7777778,0,0,2.488888889,1.2,37.59586716,126.9234924,13.6,0,65.4,12.24444444,23101.24695,16.54675057,0.973896565,0.000207108,0,0,87,0,15822.3591,3.688888889
4685,14.13170732,59.53170732,59.98536585,752.2731707,782.4536585,3.873170732,3.902439024,37.57890701,126.9012985,12.50341463,0,70.8,11.87804878,13137.33992,8.911110162,0.752628336,0.054149807,0,0.166955324,67,3,13223.50164,7.775609756
4686,15.32258065,70.24731183,47.21505376,0,0,1.838709677,1.903225806,37.63406754,126.9253922,13.50430108,0,67.91397849,12.10752688,10646.19448,12.40168273,0.558466724,0.002736421,0,0.388068222,37,0,8746.150883,3.741935484
4687,11.75675676,139.4054054,127.027027,0,0,2.054054054,1.297297297,37.60354233,126.906723,11.10540541,0,80,11.37837838,15304.83371,9.895174787,0.784952792,0,0,0.199945116,76,0,16845.62645,3.351351351
469,13.90434783,602.9913043,653.0608696,1171.530435,1290.26087,2.234782609,2.086956522,37.5592308,126.9801407,13.18521739,0,59.55652174,13.87826087,4090.972998,2.028742432,0.382134564,0.617321777,0,0,100,1,35659.77162,4.32173913
470,14.17647059,712.9764706,751.0941176,1404.576471,1509.282353,2.176470588,2.094117647,37.55974579,126.9800034,13.42352941,0,56.87058824,11.88235294,3865.11853,1.856226842,0.316586024,0.682869022,0,0,110,1,42601.2589,4.270588235
4703,18,257.0555556,92.27777778,137.7777778,103.1111111,2.333333333,1.166666667,37.58131409,127.0126801,12.775,0,61.13888889,11.66666667,17717.75174,11.27617946,1.001421282,0,0,0,123,1,13708.17923,3.5
4705,13.41573034,256.2022472,221.5168539,1228.578652,1132.5,4.735955056,4.612359551,37.57752991,126.9891281,14.10702247,0,59.7694382,12.16853933,3636.211433,5.663073541,0.332024667,0.375973086,0,0.292030725,91,1,19098.26153,9.348314607
4707,14.18867925,390.754717,378.7358491,3461.691824,3514.993711,2.955974843,2.893081761,37.56855774,126.9921188,14.38553459,0,60.97169811,12.63522013,3440.584205,3.655320788,0,0.987460876,0,0.012127496,84,5,40632.77927,5.849056604
4708,13.55191257,731.7540984,705.5081967,1599.131148,1454.852459,3.863387978,3.912568306,37.5721817,126.9828339,13.85601093,0,60.80852459,12.19672131,3065.484202,1.724750764,0.033532157,0.966724139,0,0,127,1,41949.28876,7.775956284
4709,16.2,133.4,97,0,0,1.4,1.4,37.60469818,126.9645157,15.01,0,60.3,9.8,6485.956139,15.0305996,0.809200018,0,0,0.189655708,67,0,5952.793273,2.8
471,13.87878788,619.4545455,690.0909091,2606.734848,2384.742424,2.909090909,3.03030303,37.56035995,126.9826508,13.11060606,0,57.91666667,12.95454545,3708.920284,3.302492419,0.348140295,0.650689542,0,0,73,2,38460.70369,5.939393939
4710,14.30851064,210.9787234,159.1382979,0,0,3.638297872,3.755319149,37.58114624,126.9712372,14.1125,0,60.21010638,12.46276596,5070.849658,6.632987831,0.805077264,0,0,0.194802354,66,0,15505.97475,7.393617021
4711,13.80188679,157.495283,46.58962264,0,0,3.896226415,3.683962264,37.58983612,126.9993439,13.38207547,0,62.71679245,12.52358491,14311.10837,10.09511139,0.973403388,0.009781992,0,0.014194698,153,0,19561.21425,7.580188679
4713,14.83333333,115.7758621,113.8505747,3083.172414,3411.586207,3.477011494,3.522988506,37.57528305,126.9906235,14.14252874,0,59.6091954,12.24712644,3274.152241,6.414257012,0.096617401,0.581260307,0,0.322152064,46,4,25872.66915,7
4715,14.15841584,520.5841584,468.009901,1065.80198,1005.376238,3.158415842,2.069306931,37.56883621,126.9695511,14.52425743,0,59.45009901,12.79207921,9057.035884,6.680308453,0.772886134,0.226935235,0,0,100,1,26520.75194,5.227722772
4718,14.35294118,608.1503268,661.3660131,1487.633987,1493.156863,2.816993464,2.888888889,37.56993103,126.9764328,13.65,0,59.36901961,11.4248366,4234.03673,1.424364223,0.268261143,0.731939493,0,0,114,1,36721.28232,5.705882353
4719,13.48760331,459.0165289,414.4876033,1296.404959,1276.92562,3.330578512,3.016528926,37.57571411,126.9805069,14.80165289,0,58.10743802,11.60330579,4052.113346,4.022540831,0.259488804,0.548797347,0,0.191264682,86,1,27650.2127,6.347107438
472,14.04065041,710.1788618,712.2682927,1467.764228,1418.731707,4.536585366,4.008130081,37.56787109,126.9884033,13.8203252,0,54.92682927,12.19512195,3221.70268,2.429623289,0,0.99959355,0,0,103,2,55373.79067,8.544715447
473,13.96428571,147.1964286,124.7410714,698.9375,681.71875,4.785714286,4.839285714,37.56605148,126.9979858,13.23973214,0,59.9375,13.625,4918.923226,2.614148084,0.012691867,0.984152318,0,0,51,2,27967.69129,9.625
474,13.62719298,162.3070175,168.8377193,1073.868421,1090.622807,4.456140351,3.688596491,37.56629944,127.0084915,13.40131579,0,59.95175439,13.92982456,8207.347452,2.135700711,0.195272231,0.803725882,0,0,52,3,30295.24102,8.144736842
475,12.91826923,194.1778846,198.1346154,1987.067308,1994.158654,3.514423077,3.182692308,37.56764984,127.0118103,12.61875,0,59.68269231,12.61057692,11750.61651,3.048220694,0.105481644,0.893226517,0,0,68,5,34959.56241,6.697115385
4752,14.01818182,158.0363636,143.7090909,583.0181818,658.0181818,1.381818182,1.509090909,37.55891418,126.964859,12.06,0,56.58181818,10.67272727,16943.72102,6.357720462,0.855029241,0.113288339,0,0.029630751,161,2,58377.9639,2.890909091
4753,14.09649123,397.8508772,470.4649123,2554.842105,2342.035088,1.964912281,1.973684211,37.56284332,126.9726181,13.25087719,0,58.28947368,12.35087719,3229.972375,3.438232343,0.39328865,0.575427614,0,0.030280554,98,2,40828.23459,3.938596491
476,13.69767442,186.1918605,202.8895349,1015.505814,1112.593023,2.412790698,2.377906977,37.56443024,127.0099564,13.42267442,0,59.28488372,13.71511628,10846.1172,5.900836918,0.473799483,0.525540359,0,0,50,3,27775.1616,4.790697674
4760,15.1875,391.9375,510.28125,3712.875,4821.65625,1.6875,1.78125,37.55664444,126.9736404,12.703125,0,54.96875,10.8125,7402.326407,7.647900562,0.362433369,0.567262362,0,0.004407527,148,5,33566.13542,3.46875
4761,14.96666667,295.5333333,273.3666667,2955.166667,3271.611111,1.755555556,1.777777778,37.56474304,126.9909515,13,0,56.25555556,11.98888889,4355.342586,1.911407268,0.021469383,0.977303499,0,0,54,4,37541.00237,3.533333333
4762,15.6835443,705.2658228,1195.886076,2929.265823,4576.392405,2.708860759,2.151898734,37.56693268,126.9825821,13.66835443,0,52.78481013,11.92405063,3247.486502,1.991280609,0.005298094,0.994958203,0,0,104,2,53709.98161,4.860759494
4765,13.86057692,271.8028846,270.3125,2216.793269,2254.504808,4.793269231,4.783653846,37.5683136,127.0094605,13.36057692,0,59.06730769,13.25,8168.861296,3.048220694,0.055112861,0.944366779,0,0,86,5,33644.28097,9.576923077
4766,14.3030303,300.4090909,389.2727273,656.6666667,715.0606061,2.227272727,1.666666667,37.56024551,126.9687805,13.45454545,0,59.1969697,13.06060606,9262.493988,5.240770676,0.547108118,0.418047174,0,0.030280554,138,2,30678.18857,3.893939394
4768,14.30348259,362.0895522,404.278607,3443.975124,3389.865672,6.900497512,6.651741294,37.5670166,126.9768372,13.60348259,0,59.05970149,13.47761194,3701.244744,2.103010146,0.378708213,0.621478185,0,0,85,3,38053.53371,13.55223881
477,14.83333333,86.97916667,85.1875,0,0,2.4375,1.3125,37.55928802,127.0026856,14.27708333,0,58.16666667,15.79166667,8592.341576,6.871567884,0.918343598,0.081415638,0,0,42,0,17605.10683,3.75
4772,14.91666667,579.9166667,788.5,3806.694444,3743.416667,1.805555556,1.944444444,37.56253433,126.972496,13.35555556,0,54.05555556,11.66666667,3283.18604,3.438232343,0.371248424,0.597592105,0,0.030280554,113,2,42959.48296,3.75
4774,14.21875,701.7109375,780.390625,6093.179688,6005.335938,2.7578125,2.7109375,37.56590271,126.981781,13.6203125,0,55.484375,13.0546875,3343.373244,1.991280609,0.032639002,0.967619883,0,0,77,4,52335.67359,5.46875
4775,13.79674797,632.9674797,736.7886179,3457.520325,3622.99187,2.691056911,2.544715447,37.56589127,126.9844513,13.85284553,0,55.27642276,12.08943089,3295.197749,2.833329127,0,0.99962591,0,0,70,2,53537.95148,5.235772358
4776,14.47058824,639.6705882,865.4235294,2427.176471,2958.023529,2.117647059,2.035294118,37.56027603,126.9813919,14.27058824,0,56.31764706,12.07058824,3663.970427,3.406766903,0.310613533,0.688758669,0,0,85,2,44250.62003,4.152941176
4777,13.52631579,101.0526316,47.94736842,443.0526316,434.7894737,1.421052632,1.421052632,37.55281448,127.0091934,13.47368421,0,61.94736842,13.84210526,17684.16614,7.77174378,0.99993269,0,0,0,49,2,24897.02591,2.842105263
4778,14.05357143,417.7559524,421.4642857,4509.321429,4176.113095,3.398809524,3.172619048,37.56520844,126.9873962,13.30178571,0,59.21428571,12.7797619,3672.356606,2.833329127,0.001454937,0.997459038,0,0,65,4,45638.1768,6.571428571
4781,13.74157303,331.7977528,332.4382022,1740.47191,1627.168539,1.93258427,1.786516854,37.56147003,126.9680176,12.71235955,0,57.52808989,11.94382022,9731.276921,5.240770676,0.616195624,0.350377067,0,0.030280554,171,3,33829.02195,3.719101124
4782,12.29032258,610.8709677,311.9677419,3257.741935,1515.903226,2.032258065,1.903225806,37.56157303,126.9684906,13.21290323,0,58.87096774,12.38709677,8912.659381,4.006420561,0.587773869,0.379021464,0,0.030280554,156,3,35518.32737,3.935483871
4784,13.67368421,291.8947368,229.4631579,3312.031579,2874.221053,1.957894737,1.842105263,37.56459045,126.9907684,13.04105263,0,58.08421053,11.87368421,4363.020457,1.810397644,0.031287619,0.967762271,0,0,53,4,39935.99982,3.8
4785,13.64835165,852.4285714,675.2197802,4283.021978,3073.934066,2.516483516,2.582417582,37.56689835,126.9877396,13.12967033,0,57.48351648,12.61538462,3358.763868,1.679922571,0,0.999313953,0,0,98,3,51158.05217,5.098901099
479,15.15714286,67.01428571,68.61428571,0,0,1.771428571,1.571428571,37.55937576,127.0060272,14.56142857,0,55.55714286,13.94285714,10700.63008,4.322240759,0.970400315,0.028913638,0,0,34,0,18851.82,3.342857143
4791,14.15934066,243.0989011,198.7032967,1139.538462,1137.945055,3.505494505,3.373626374,37.56122589,126.9874954,13.62802198,0,57,12.9010989,4177.914504,4.02519034,0.383439347,0.616559359,0,0,51,1,27907.6954,6.879120879
4792,13.2293578,104.4862385,103.6284404,1627.110092,1679.844037,3.876146789,3.857798165,37.5625267,126.9983139,13.19541284,0,59.85321101,13.71559633,6205.025755,2.604205159,0.389037748,0.607727476,0,0,41,4,23108.46974,7.733944954
4793,13.76973684,226.1973684,229.2565789,1201.5,1171.855263,2.671052632,2.671052632,37.56430817,127.0064774,13.25855263,0,59.09868421,12.94736842,8477.670279,5.961414432,0.39959122,0.59974215,0,0,54,3,28043.89457,5.342105263
4794,13.72020725,262.8549223,244.1502591,2790.010363,2645.963731,3.720207254,3.637305699,37.55540848,126.9694214,13.07098446,0,58.92746114,13.43005181,13682.37509,14.36452447,0.575694266,0.300488517,0,0.00470654,121,4,21464.62716,7.357512953
4796,13.89583333,858.875,882.59375,3892.864583,3564.90625,5.713541667,5.666666667,37.5664711,126.9792557,13.34010417,0,58.55208333,13.08333333,3466.857628,1.471236194,0.198371092,0.801806245,0,0,105,3,45171.96476,11.38020833
4797,14.01176471,340.4176471,332.2058824,824.2588235,807.1764706,3.211764706,3.258823529,37.56339645,126.9689407,13.32941176,0,57.81176471,12.68823529,8443.878843,3.824059658,0.594534666,0.374518149,0,0.030280554,173,1,33801.69578,6.470588235
4798,13.43724696,218.0283401,220.7732794,514.6720648,523.194332,5.396761134,5.582995951,37.57162094,127.0220413,13.02348178,0,60.55870445,13.74898785,19103.78983,7.738325493,0.337379715,0.661309029,0,0,68,3,28221.16878,10.97975709
480,12.52212389,62.32743363,53.39823009,410.2831858,441.6106195,1.752212389,1.513274336,37.55432129,127.010704,13.45663717,0,61.79646018,14.25663717,18554.55865,6.966015078,0.999082251,0,0,0,36,2,24883.63426,3.265486726
4800,13.90909091,115.4545455,92.25174825,1275.867133,1055.951049,2.335664336,2.391608392,37.55969238,126.9964829,12.77132867,0,58.63636364,12.90909091,5007.185302,6.362419707,0.729579751,0.267345982,0,0,31,2,16549.1441,4.727272727
4801,15.66666667,128.2142857,118.047619,511.4047619,625.7142857,1.904761905,1.285714286,37.55937576,126.9641419,14.08095238,0,56.52380952,12.76190476,17416.39681,7.941324791,0.902968382,0.076300059,0,0.021605298,148,2,64696.23862,3.19047619
4802,14.16666667,62.4,7.066666667,65.83333333,78.83333333,1.333333333,1.2,37.61571121,127.1010437,14.37,0,52.06666667,15.5,8282.416011,6.005680133,0.246213151,0,0,0.688501078,78,2,6927.564941,2.533333333
4804,13.08974359,76.26068376,43.6965812,642.3076923,592.5726496,3.833333333,3.722222222,37.59596252,127.0847778,14.99871795,0,54.50854701,14.68376068,27015.98246,2.114563112,0.894825136,0.105163214,0,0,43,2,23064.05278,7.555555556
4807,13.70434783,171.3565217,97.47826087,259.8869565,188.1565217,2.07826087,2.330434783,37.59432602,127.0784607,15.8773913,0,51.06956522,14.72173913,20649.41452,2.282480971,0.997826655,0.001858799,0,0,45,1,24334.08106,4.408695652
4808,14.79699248,263.6616541,219.3157895,0,0,2.293233083,2.315789474,37.60641098,127.0940476,15.4075188,0,52.4962406,14.97744361,20188.18416,8.209641678,0.729257438,0.007143948,0,0.263449754,112,0,20042.0813,4.609022556
4809,14.27368421,168.2105263,129.2631579,0,0,2.815789474,2.647368421,37.61022568,127.096283,15.57210526,0,52.85789474,15.75789474,19090.62729,4.514762607,0.758366535,0.006929073,0,0.213262192,92,0,17496.39038,5.463157895
481,12.82730924,97.2811245,105.502008,625.6947791,604.7269076,3.863453815,3.97188755,37.56703186,127.0157929,12.82208835,0,60.54618474,13.18473896,18101.94227,3.456618893,0.227179881,0.772581944,0,0,32,2,33765.22163,7.835341365
4811,14.75438596,77.03508772,53.59649123,0,0,1.684210526,1.578947368,37.58032227,127.0941544,15.47894737,0,56.1754386,15.71929825,13437.53538,6.486993053,0.620168224,0.007291513,0,0.372405643,33,0,13874.29922,3.263157895
4812,14.62626263,99.65151515,67.47979798,330.0505051,255.2020202,4.050505051,4.232323232,37.6132164,127.0773468,15.74949495,0,50.99494949,15.27777778,19085.17162,4.126509079,0.869827142,0.060642658,0,0.069756725,91,1,23063.8485,8.282828283
4813,13.14876033,169.107438,135.5041322,285.7066116,261.2272727,4.409090909,4.545454545,37.59877777,127.0963898,15.06528926,0,54.23140496,15.23553719,22935.1754,3.425224497,0.861175185,0.138431309,0,0,129,1,29499.77854,8.954545455
4815,13.42424242,85.75757576,6.454545455,0,0,1.681818182,2.015151515,37.61755371,127.1039963,14.25606061,0,53.65151515,13.01515152,7080.375623,8.339618486,0.218065814,0,0,0.641105597,70,0,4229.330803,3.696969697
4819,13.34545455,163.3363636,147.8590909,0,0,3.209090909,3.590909091,37.58333206,127.0835495,14.98409091,0,54.59090909,15.05454545,26411.18798,1.848652344,0.891387135,0.027740887,0,0.081033782,49,0,19150.93708,6.8
4820,13.41517857,142.1741071,115.71875,292.5669643,296.1339286,3.602678571,3.816964286,37.60025406,127.091713,14.80357143,0,54.54017857,14.71428571,23689.88424,7.419286135,0.803615855,0.184068957,0,0.011973459,95,1,23631.53973,7.419642857
4823,13.95833333,107.4270833,95.01041667,1020.8125,882.078125,2.723958333,2.838541667,37.59780884,127.0884476,15.22083333,0,53.63541667,15.546875,27102.08573,9.094378356,0.755472194,0.24458476,0,0,58,3,25636.28736,5.5625
4824,13.62311558,148.2964824,97.45728643,0,0,3.08040201,3.170854271,37.59354401,127.0897903,15.22864322,0,54.85427136,15.28643216,26689.57337,1.61122109,0.790564138,0.209428096,0,0,61,0,28209.66449,6.251256281
4825,13.77848101,192.8987342,130.4113924,0,0,2.417721519,2.689873418,37.6030426,127.100502,15.04493671,0,52.79113924,14.24050633,20308.16593,9.255480104,0.90557536,0,0,0.092541247,155,0,21016.93617,5.107594937
4826,14.33928571,123.9761905,99,0,0,2.553571429,2.839285714,37.57984543,127.0824204,15.30714286,0,53.81547619,15.23809524,24989.19695,1.663262683,0.701409114,0.049495044,0,0.249255057,35,0,19305.52965,5.392857143
4827,13.87719298,57.80701754,29.47368421,0,0,2.561403509,1.736842105,37.6127243,127.11306,15.27368421,0,49.21052632,12.56140351,3753.608489,19.87795385,0.135753137,0,0,0.677213666,10,0,5035.425814,4.298245614
4828,14.26506024,230.313253,158.2650602,0,0,2.63253012,3.102409639,37.60428619,127.0973663,15.55783133,0,53.24698795,15.5,24028.67928,6.578729133,0.945287117,0.007143948,0,0.045865468,144,0,24846.56521,5.734939759
4829,14.8019802,259.4257426,163.9009901,0,0,1.782178218,1.772277228,37.60446167,127.0974121,15.64455446,0,53.96039604,15.48514851,24114.441,9.221058931,0.93678402,0.007143948,0,0.05316863,130,0,24823.31233,3.554455446
483,13.60869565,39.17391304,20.26086957,90,63.73913043,1.260869565,1.173913043,37.54758453,127.0064392,14.69130435,0,59.7826087,13.7826087,12572.3287,13.64580316,0.998792299,0,0,0,20,1,12031.41212,2.434782609
4830,16.05882353,150.4705882,50.11764706,0,0,1.411764706,1.352941176,37.61727142,127.1085434,14.36470588,0,50.41176471,13.70588235,7073.444345,17.0924599,0.26920737,0,0,0.450543789,33,0,5855.649747,2.764705882
4834,13.24242424,323.3333333,205.6060606,0,0,1.212121212,1.242424242,37.58686447,127.0953217,15.0030303,0,49.09090909,12.42424242,19604.80658,5.9509811,0.821693837,0,0,0.160586738,101,0,14623.65612,2.454545455
4835,14.13580247,94.5,93.81481481,0,0,2.382716049,2.543209877,37.60064316,127.1040497,15.39567901,0,54.12345679,15.64814815,13458.21124,7.399273158,0.844422698,0,0,0.15555918,103,0,15094.82187,4.925925926
4836,15.14414414,47.01801802,38.03603604,134.6486486,129.7657658,2.144144144,2.171171171,37.60655212,127.1070862,15.65045045,0,52.14414414,13.47747748,4953.949939,21.99440172,0.298096414,0,0,0.386988669,60,1,6220.842436,4.315315315
4837,14.17293233,46.40601504,34.02255639,194.0601504,203.9022556,2.436090226,2.45112782,37.60924149,127.1062088,14.95037594,0,53.93233083,14.96992481,7070.902552,8.002031647,0.093207877,0,0,0.475368329,80,3,6651.157785,4.887218045
4838,14.54135338,227.1804511,148.2857143,0,0,2.112781955,1.646616541,37.58973694,127.0941925,15.44736842,0,53.15037594,14.66165414,23036.90828,5.016161752,0.974192989,0,0,0.015486537,93,0,20115.24567,3.759398496
484,16.4,305.1,581,2942.1,6080.3,1.3,1.8,37.55614853,126.9774246,13.94,0,59.4,13.9,6803.520716,8.089767169,0.546242146,0.450323736,0,0,103,5,30135.80359,3.1
4840,13.95945946,72.52702703,105.9324324,131.3243243,146.7162162,2.067567568,1.905405405,37.60405731,127.107254,14.97702703,0,53.74324324,15.47297297,5924.883543,20.93031789,0.560596058,0,0,0.332592921,86,1,7745.424022,3.972972973
485,13.94736842,370.2748538,417.1169591,4147.748538,4098.187135,3.660818713,3.643274854,37.55677032,126.9731979,13.50350877,0,57.00584795,13.33918129,7355.931191,6.506878438,0.345103567,0.577622964,0,0.010000751,151,5,32841.25221,7.304093567
4852,12.85882353,62.38823529,65.33529412,509.7,503.3647059,3.370588235,3.705882353,37.47600174,127.1231003,14.94470588,0,62.79391101,13.92941176,6299.779709,1.936493608,0.048951384,0.278157045,0,0.357229769,30,1,11602.95605,7.076470588
4854,13.58293839,150.7962085,104.9952607,501.7772512,471.3033175,3.71563981,3.616113744,37.492733,127.1179886,15.48862559,0,59.76930915,13.90995261,16433.79205,2.837077136,0.639249387,0.33106679,0,0.029665701,48,2,24755.63041,7.331753555
4855,14.75694444,67.54861111,50.55555556,329.8402778,291.9166667,2.305555556,2.291666667,37.48933029,127.1460495,15.125,0,63.06651442,14.54861111,14091.84274,2.853775605,0.714191591,0.013104789,0,0.001070492,19,1,13538.83009,4.597222222
4856,14.73417722,42.84177215,36.24050633,246,241.4050633,3.35443038,3.088607595,37.5202179,127.1145706,15.85696203,0,58.23416423,14.3164557,12351.02945,4.856473518,0.439405236,0.04448043,0,0.516017252,46,1,16288.14159,6.443037975
4857,15.67716535,60.4488189,42.88188976,294.8582677,260.1496063,3.086614173,2.881889764,37.51275635,127.126297,16.70866142,0,55.90692106,13.27559055,14027.32384,1.748008448,0.656286648,0,0,0.342983294,29,1,18002.0284,5.968503937
4859,15.15873016,15.40740741,12.38624339,491.1693122,480.7037037,4.767195767,5.079365079,37.52148438,127.1002808,15.95396825,0,58.44023742,13.97883598,10127.25057,3.539492777,0.500098377,0.00413052,0,0.495776281,8,1,15662.86396,9.846560847
486,11.88,129.96,160.64,0,0,1.36,1.24,37.60627365,126.9683228,12.198,0,66.78,10.36,5553.163995,10.70878777,0.695978989,0,0,0.303852736,41,0,3488.122425,2.6
4860,14.69014085,88.6056338,82.42253521,0,0,2.85915493,2.957746479,37.50226974,127.1219559,16.19366197,0,58.49407006,13.38732394,23525.58847,4.063587051,0.996971038,0,0,0,31,0,23230.84674,5.816901408
4862,14.00943396,60.8490566,62.6509434,0,0,2.141509434,2.018867925,37.52301788,127.1158829,15.43301887,0,61.77171384,13.4245283,10932.68474,8.21045664,0.432190095,0,0,0.567807317,74,0,10811.34525,4.160377358
4864,12.69318182,123.8143939,109.1363636,708.8901515,657.5909091,6.977272727,7.015151515,37.50205612,127.1105499,15.18787879,0,62.19650447,14.63257576,24733.75156,1.885050447,0.999963756,0,0,0,40,3,24849.53541,13.99242424
4865,13.45454545,55.68181818,40.19834711,216.9628099,202.9214876,7.479338843,7.826446281,37.51647949,127.1149826,15.42933884,0,61.21319135,14.26859504,12697.85756,7.951087777,0.570277085,0.110436714,0,0.319199474,34,1,20181.81791,15.30578512
4867,14.3027027,21.29189189,14.18918919,0,0,3.232432432,2.956756757,37.5000267,127.1184311,15.57081081,0,60.7143562,13.91351351,23737.10466,4.171838526,0.999695809,0,0,0.000289952,27,0,23769.00427,6.189189189
4868,13.26422764,91.14227642,80.08130081,0,0,6.43902439,6.768292683,37.50717163,127.1012421,15.34715447,0,61.61965604,14.4796748,19957.05099,1.036086255,0.952389644,0.046572225,0,0,26,0,30520.89379,13.20731707
487,13.96832579,37.84162896,31.02262443,0,0,4.963800905,5.248868778,37.54364014,126.9383087,14.97104072,0,59.36651584,15.18552036,21566.20663,3.132594426,0.999882207,0,0,0,80,0,20668.02154,10.21266968
4870,12.49815498,60.6199262,49.53874539,200.8523985,183.5719557,11.2804428,11.55719557,37.5170784,127.1123276,15.17232472,0,62.7330509,14.62361624,16319.72286,10.94880177,0.6880778,0.146054195,0,0.165790339,63,1,23864.75045,22.83763838
4871,14.09489051,37.80291971,31.38686131,290.5693431,280.1021898,2.364963504,2.299270073,37.51072693,127.1304016,15.59781022,0,59.61860004,13.39416058,16114.77455,1.945769571,0.852027463,0,0,0.142994167,18,1,17528.23971,4.664233577
4872,14.18181818,83.32323232,44.29292929,219.7222222,181.3787879,3.080808081,3.146464646,37.49806213,127.134613,15.85656566,0,59.68782699,14.3030303,19874.96752,9.976257281,1.000016828,0,0,0,33,1,17246.61112,6.227272727
4873,14.15104167,81.640625,52.22916667,231.21875,219.390625,3.15625,3.067708333,37.49827194,127.1348648,15.36354167,0,60.61816707,13.94270833,19846.74458,9.976257281,0.999968934,0,0,0,32,1,17272.68078,6.223958333
4874,14.47863248,64.41880342,55.37606838,0,0,2.35042735,2.333333333,37.50117111,127.0851669,16.36324786,0,55.75741069,13.4957265,14503.61581,4.915715212,0.560062754,0,0,0.438285556,15,0,14155.49731,4.683760684
4875,15.54477612,115.6791045,67.93283582,0,0,2.395522388,2.880597015,37.4826355,127.1399231,16.38955224,0,59.27472254,14.07462687,13982.01685,15.02184294,0.526621206,0.048172138,0,0.18528313,30,0,13509.94128,5.276119403
4876,13.98550725,135.4589372,110.4782609,0,0,4.439613527,5.45410628,37.50291443,127.0925369,15.83478261,0,59.35320079,13.89371981,19405.2408,1.962008276,0.989818029,0,0,0.01016126,36,0,27120.86224,9.893719807
4879,14.45454545,63.89393939,40.78787879,356.6515152,280.0151515,1.575757576,1.590909091,37.49222183,127.1565933,15.67121212,0,56.33297786,13.40909091,10733.04639,6.809403898,0.456724683,0,0,0.017289675,27,1,8290.170556,3.166666667
488,13.63207547,158.4528302,123.1792453,0,0,4.188679245,4.382075472,37.58456802,126.8802109,15.00283019,0,57.94811321,14.56132075,5709.802109,5.900863118,0.522938559,0.065870852,0,0.175206008,36,0,11610.85583,8.570754717
4880,13.20261438,30.88235294,28.67320261,0,0,2.294117647,2.267973856,37.48995972,127.1119614,15.43267974,0,58.74456595,13.56862745,8605.948235,0.74684674,0.369372798,0.350876716,0,0.267379638,14,0,15506.96145,4.562091503
4881,14.12195122,95.64634146,68.58536585,354.8902439,313,1.475609756,1.475609756,37.49535751,127.139473,15.90853659,0,56.99861789,12.98780488,18252.28294,5.083010819,0.987352144,0,0,0,27,1,18283.69878,2.951219512
4882,15.74193548,48.01612903,18.4516129,0,0,1.919354839,1.903225806,37.48868561,127.1522675,15.44516129,0,63.22616212,14.9516129,10545.47908,3.079707539,0.35338014,0,0,0.000212286,17,0,6601.808103,3.822580645
4883,17.65909091,37.27272727,5.272727273,0,0,1.681818182,1.613636364,37.48714828,127.1532822,16.90681818,0,60.7311451,14.11363636,8206.481155,3.416859403,0.213140515,0,0,0.000203225,2,0,4018.271944,3.295454545
4884,13.87654321,8.592592593,3.734567901,0,0,4.333333333,4.660493827,37.48352432,127.1168366,15.75864198,0,58.35416825,13.48148148,10414.62855,1.212699089,0.266781612,0.034680315,0,0.256867588,2,0,20606.60592,8.99382716
4885,14.078125,82.9375,86.25,652.046875,612.375,2.453125,2.046875,37.47709656,127.123703,16.075,0,56.60008413,12.65625,8612.116158,1.771159057,0.139837057,0.348720199,0,0.239396693,40,1,17499.89807,4.5
4886,14.92,42.24,40.18666667,0,0,2.346666667,2.38,37.49793243,127.096756,15.98066667,0,59.52772308,14.08,18004.36984,2.467842669,0.543359455,0,0,0.456982274,9,0,14646.30386,4.726666667
4887,15.31578947,14.38345865,7.571428571,0,0,2.616541353,2.736842105,37.48633575,127.1137466,16.02030075,0,59.72675246,14.83458647,8173.087868,8.645049567,0.425936713,0,0,0.334741671,4,0,15491.78052,5.353383459
4888,14.92537313,4.52238806,1.880597015,0,0,2.298507463,1.597014925,37.51869202,127.139061,16.37910448,0,58.00114045,14.11940299,4539.486614,5.259364888,0.431693034,0,0,0.289180394,4,0,3586.466374,3.895522388
4889,14.02816901,76.67605634,27.29577465,302.1267606,249.8098592,2.316901408,2.267605634,37.49459076,127.1510925,15.57323944,0,59.28462261,13.88028169,14141.74281,7.036935326,0.795097224,0,0,0.000212286,37,1,19468.36639,4.584507042
489,13.32894737,349.7894737,307.8552632,0,0,2.565789474,2,37.58320236,126.8827667,14.99605263,0,58.31578947,15.38157895,7327.927269,15.7800327,0.624916186,0.159410103,0,0.214665352,57,0,14636.381,4.565789474
4892,14.39506173,79.34567901,69.79012346,0,0,1.864197531,1.950617284,37.52597046,127.1182098,15.4617284,0,60.32912156,13.44444444,10964.75319,1.730048658,0.562762931,0,0,0.433634676,61,0,10723.58137,3.814814815
4895,14.06077348,46.19337017,51.95027624,0,0,3.127071823,3.121546961,37.48641586,127.1420593,15.33370166,0,62.09187633,14.11049724,14300.33429,6.515454269,0.609899526,0.024559183,0,0.008321878,8,0,11234.73076,6.248618785
4896,15.46296296,66.03703704,54.7962963,0,0,1.611111111,1.759259259,37.48688889,127.1416931,15.52407407,0,59.08408594,13.2962963,14617.27247,6.515454269,0.59686852,0.024559183,0,0.026311838,8,0,10988.74549,3.37037037
4897,14.66176471,36.37745098,35.39705882,0,0,5.475490196,5.857843137,37.51633453,127.0938034,16,0,58.81014517,14.21078431,18114.35488,6.091527371,0.734007989,0.009319882,0,0.256672129,17,0,15175.72325,11.33333333
490,13.90055249,332.6022099,241.4198895,0,0,4.44198895,4.370165746,37.58207703,126.8876648,15.30165746,0,56.66850829,14.45303867,7239.879233,16.38688547,0.403125008,0.332117865,0,0.263954581,60,0,15665.10596,8.812154696
4901,14,399.4883721,351.1976744,2519.22093,2654.5,2.802325581,2.279069767,37.50687408,127.0647354,15.89651163,0,56.55813953,13.91860465,3965.523217,3.746242665,0.666534635,0.165251857,0,0.167505456,115,1,28275.78158,5.081395349
4902,13.83435583,251.595092,223.4294479,0,0,2.472392638,2.576687117,37.49524307,127.0393753,14.81656442,0,59.74233129,13.09815951,16574.49038,4.45478313,0.970802882,0.003087211,0,0,50,0,31172.82396,5.049079755
4903,13.72222222,238.9722222,169.1666667,1362.722222,1383.680556,1.861111111,1.736111111,37.51916885,127.0189743,16.35555556,0,53.875,12.43055556,11670.53382,4.467215114,0.925055207,0.062216682,0,0.012725522,54,1,32166.55268,3.597222222
4905,14.04347826,212.1428571,231.3167702,1751.447205,2092.732919,4.472049689,4.043478261,37.50971985,127.0667954,15.95838509,0,55.53416149,13.50931677,4439.882318,4.284070588,0.481496152,0.153591649,0,0.36455882,111,1,17311.76367,8.51552795
4906,13.5049505,353.5247525,337.0792079,1823.950495,1834.40099,4.193069307,4.084158416,37.50767136,127.060173,15.10594059,0,59.04950495,14.1039604,5003.814633,2.165669858,0.571721667,0.427917188,0,0,119,1,40777.30389,8.277227723
4907,14.6091954,138.1724138,200.3448276,1255.137931,1322.770115,2.011494253,1.643678161,37.5257225,127.0258865,15.66896552,0,58.50574713,13.66666667,8134.265434,3.146799982,0.963548907,0,0,0.031260436,25,1,26712.65427,3.655172414
4908,16.16326531,250.5306122,514.2244898,0,0,1.918367347,1.428571429,37.52210999,127.0364609,16.6877551,0,50.95918367,12.85714286,10295.61663,4.387772362,0.903971564,0.080734769,0,0,30,0,27993.54789,3.346938776
4909,13.54166667,188.125,195.1666667,1783.208333,1475.416667,1.625,1.25,37.50570297,127.0291977,15.45,0,62.16666667,13.25,14199.00865,7.438404835,0.87619055,0.122372635,0,0,61,2,36494.21226,2.875
491,14.87179487,258.8205128,257.1282051,0,0,2.320512821,2.179487179,37.57597733,126.8880692,16.55128205,0,54.67948718,14.67948718,5792.637029,7.117371138,0.396278778,0.196829428,0,0.406878849,92,0,14930.05201,4.5
4911,13.95294118,238.4823529,281.8705882,0,0,1.682352941,1.576470588,37.49107361,127.0361939,14.96,0,55.29411765,12.42352941,17345.19457,6.665691981,0.877232565,0.102576947,0,0,64,0,31418.24434,3.258823529
4913,15.10638298,164.4680851,183.1276596,855.0212766,1311.553191,1.723404255,1.468085106,37.51292038,127.056427,15.4893617,0,54.61702128,12.36170213,10059.9179,12.82254525,0.723217637,0.2711982,0,0,77,2,36598.78172,3.191489362
4914,14.65648855,237.4961832,344.2442748,2104.122137,2974.679389,3.106870229,2.603053435,37.50999069,127.0584717,16.50610687,0,53.04580153,13.6870229,6818.814584,13.50915039,0.465506083,0.532374939,0,0,111,2,51220.5658,5.709923664
4915,14.61538462,327.9230769,300.9807692,2674.615385,2944.326923,1.538461538,1.480769231,37.49775314,127.0385742,14.60384615,0,59.61538462,13.30769231,15745.34961,5.157682383,0.796016268,0.191047218,0,0,27,1,39422.63245,3.019230769
4916,17.28571429,65.85714286,176.5714286,419.1428571,1553.428571,1.142857143,1,37.51973724,127.0576782,15.88571429,0,54.28571429,14.14285714,9492.080936,14.18051483,0.892546942,0.056333507,0,0.03926259,39,1,12242.50462,2.142857143
493,14.00456621,294.9497717,326.0821918,2915.283105,2745.205479,4.479452055,4.589041096,37.55657578,126.9288559,15.00547945,0,58.87671233,14.80365297,15614.58002,5.368304844,0.953514501,0.0463923,0,0,141,3,30305.63351,9.068493151
494,13.93406593,97.45054945,89.85714286,268.2637363,266.1758242,2,1.868131868,37.54724503,126.9350281,14.99010989,0,56.9010989,15.32967033,16856.46184,5.894934423,0.998886792,0,0,0,157,1,20942.98922,3.868131868
495,13.92857143,173.5714286,174.1071429,1687.668367,1781.454082,2.964285714,3.015306122,37.54243088,126.9469986,14.97397959,0,58.38265306,14.31122449,22732.22215,4.235606189,0.815951754,0.182229575,0,0,143,5,32503.48486,5.979591837
4951,14.92571429,59.85142857,46.15428571,0,0,3.194285714,3.777142857,37.547966,127.1351624,14.64057143,0,60.33142857,15.22857143,28165.83651,2.442491292,0.999961167,0,0,0,83,0,38480.14495,6.971428571
497,13.58078603,138.3886463,102.0131004,1384.60262,1257.458515,5.790393013,4.908296943,37.551754,126.9123001,15.02270742,0,59.33624454,14.88646288,14822.93618,1.572001567,0.899218424,0.100425608,0,0,130,2,29046.28098,10.69868996
498,13.3562753,124.3279352,98.22672065,0,0,6.170040486,6.493927126,37.56465149,126.9221268,14.8611336,0,59.85020243,15.42105263,16268.7519,15.54019969,0.929612888,0,0,0.06360172,108,0,17839.03299,12.66396761
500,12.86055777,95.96414343,80.17131474,602.9721116,551.9521912,4.932270916,4.912350598,37.54706955,127.0742722,14.31115538,0,55.86454183,13.90836653,10800.49681,3.517179065,0.954957789,0.044521851,0,0,22,1,22215.50476,9.844621514
501,13.87323944,137.9671362,111.5821596,1620.178404,1501.131455,3.816901408,3.408450704,37.53730774,127.0703507,14.4657277,0,54.72300469,14.15023474,21350.0443,3.57489075,0.927172892,0.057080392,0,0,86,2,29357.84868,7.225352113
502,13.63821138,36.70325203,20.06097561,288.304878,306.2398374,22.8699187,24.56910569,37.53186035,127.0671921,14.45772358,0,55.28455285,13.78861789,13396.63747,4.204915322,0.536685384,0,0,0.463328855,45,1,16084.83899,47.43902439
505,12.61923077,72.16538462,60.35,584.1730769,550.3,4.7,4.719230769,37.53701019,127.0822449,14.31230769,0,56.69230769,13.76153846,22425.15205,2.442706756,0.938099158,0.061863303,0,0,63,1,28444.54503,9.419230769
5052,13.75313808,39.84518828,24.25941423,320.9456067,316.5564854,12.94560669,13.48953975,37.55974579,126.8243866,14.54309623,0,60.72496513,14.30543933,11565.02179,2.484476469,0.516551851,0.144270473,0.05581703,0.004860577,31,1,16136.42855,26.43514644
5053,13.40254237,40.53389831,26.86864407,157.5974576,154.9364407,4.275423729,4.652542373,37.57108688,126.8075409,14.43135593,0,61.28794926,14.16949153,13463.31462,8.899299403,0.660757603,0,0,0.337207556,80,1,13536.57191,8.927966102
5055,14.64736842,71.8,59.46315789,356.6578947,351.1157895,5.015789474,4.9,37.55905914,126.8270493,15.03789474,0,58.90653104,13.98947368,10797.17319,2.428903817,0.384329913,0.158580375,0.172437227,0.015461943,32,1,15295.16785,9.915789474
5056,15.05952381,53.76785714,56.04166667,350.952381,340.327381,3.761904762,3.988095238,37.55932999,126.827179,15.36190476,0,57.33189408,13.0297619,10597.41225,2.428903817,0.364613186,0.159582262,0.192212203,0.009331531,26,1,15322.36024,7.75
5057,14.47593583,52.54010695,51.61497326,335.171123,333.4438503,4.631016043,4.176470588,37.55931091,126.8274384,14.99144385,0,57.44724119,13.72192513,10629.76981,2.428903817,0.348395298,0.161495427,0.204936431,0.007937433,25,1,14769.64116,8.807486631
5059,14.31693989,144.2021858,114.8251366,0,0,2.879781421,3.360655738,37.5318222,126.8546219,14.71530055,0,60.34061721,14.67759563,29038.93453,8.713727802,1.000349496,0,0,0,167,0,21820.70846,6.240437158
506,14.75862069,34.26206897,27.84827586,0,0,3.482758621,3.186206897,37.54906082,127.0577927,15.59586207,0,53.37241379,13.11724138,8936.389014,2.402779622,0.178126238,0,0.507537454,0.314288414,30,0,16932.99432,6.668965517
5061,13.32231405,98.47520661,83.54545455,608.1404959,580.1694215,5.669421488,5.640495868,37.55545425,126.8375168,14.22479339,0,61.8363986,14.62809917,21340.50161,3.419088905,0.750765654,0.062043229,0.033269389,0.067189874,157,1,15068.9727,11.30991736
5062,14.08482143,29.40625,30.12946429,325.7321429,325.5178571,5.540178571,5.316964286,37.56354141,126.8245544,14.63839286,0,59.59116758,13.83482143,11241.69875,2.484476469,0.340222279,0.150525149,0.107089323,0.048010335,36,1,12988.3495,10.85714286
5063,14.63276836,28.63841808,20.57062147,0,0,3.661016949,3.796610169,37.57334137,126.8233185,14.95706215,0,59.16780168,13.5480226,10150.56501,4.72857831,0.376391186,0.020899835,0.053263124,0.448788545,95,0,9321.023862,7.457627119
5064,13.48927039,45.17596567,28.89270386,327.9227468,333.8111588,5.403433476,5.622317597,37.56902695,126.8398819,14.47381974,0,61.23638825,13.91416309,7545.471242,15.16721512,0.209299947,0.039836022,0.488581851,0.122860634,105,1,13376.02246,11.02575107
5065,14.43589744,68.94358974,60.46153846,0,0,3.943589744,3.98974359,37.56724548,126.8503876,14.66666667,0,59.64111177,13.55897436,13079.69753,6.133527325,0.413086926,0.016454769,0.309372177,0.26106024,68,0,14091.06203,7.933333333
5066,14.22891566,70.88554217,87.48192771,736.9578313,700.8915663,4.78313253,5.114457831,37.55791473,126.8329773,15.15120482,0,57.18902147,13.39759036,14191.99898,1.917995601,0.305825444,0.198918635,0.235024115,0.055474007,36,1,12851.8691,9.897590361
5067,14.07643312,186.0382166,144.2802548,522.6624204,464.2484076,2.554140127,2.898089172,37.55085754,126.8723373,14.5044586,0,61.12752082,14.57961783,27842.18134,18.07843688,0.338218505,0,0.598650947,0.063142198,119,1,21007.98949,5.452229299
5070,13.75675676,20.26126126,10.28828829,0,0,6.427927928,6.986486486,37.5567627,126.8186951,14.64459459,0,60.9644583,14.49099099,13247.61299,1.959317831,0.630279001,0.1885192,0,0.05327089,57,0,14825.32646,13.41441441
5072,14.09473684,52.34736842,54.66315789,276.1473684,305.4631579,1.957894737,1.631578947,37.56154633,126.8070831,14.47789474,0,59.4437166,13.34736842,7958.670671,1.856966412,0.389694023,0.092864854,0,0.517092922,79,2,10350.62353,3.589473684
5073,13.70892019,49.5915493,34.82629108,411.1455399,331.6807512,3.600938967,3.281690141,37.54661942,126.8362351,14.53896714,0,61.449176,15.10798122,27242.31356,7.396988394,0.966335811,0.006201605,0,0.027435402,114,1,26241.78607,6.882629108
5074,13.97424893,55.21888412,31.49356223,324.9484979,320.2360515,6.931330472,7.060085837,37.55823517,126.8257599,14.54291845,0,60.06312699,13.96995708,11655.43985,2.428903817,0.492083278,0.176438304,0.087986155,0.023930091,42,1,16452.41178,13.99141631
5075,13.67592593,161.0601852,161.0555556,350.1018519,335.9722222,3.587962963,3.587962963,37.5518837,126.8635712,14.40509259,0,61.03319266,14.40740741,22021.01999,3.284245618,0.729051624,0,0.267239839,0,56,1,21515.35925,7.175925926
5076,13.3592233,42.04854369,33.75728155,0,0,5.087378641,5.339805825,37.549263,126.8167419,14.69126214,0,57.71664302,11.24271845,3794.443401,2.059502565,0.04936819,0.116560653,0,0.833817449,77,0,3771.266104,10.42718447
5078,13.9478673,182.9383886,155.6824645,359.3127962,335.5165877,4.706161137,4.862559242,37.55221558,126.870224,14.75308057,0,59.34646069,13.68720379,27803.00963,6.341389837,0.297633009,0,0.679876304,0.022774166,99,1,23193.62815,9.568720379
508,14.25490196,17.15196078,15.95588235,1503.019608,1442.627451,4.794117647,4.171568627,37.54516602,127.0575104,15.80147059,0,53.86764706,13.85294118,12527.66984,1.871396297,0.0293175,0,0.956912375,0.013696343,43,1,27462.49365,8.965686275
5080,13.71914894,111.1404255,86.02978723,717.0978723,716.0297872,6.2,6.676595745,37.56250763,126.8527527,14.49446809,0,60.46271249,13.74042553,20105.19682,4.454266735,0.608003189,0.025304773,0.240183705,0.126499271,199,1,27071.68485,12.87659574
5082,13.81742739,103.0041494,77.32780083,710.8381743,707.9045643,9.564315353,10.32365145,37.56019592,126.8549118,14.36307054,0,60.79890786,13.96680498,21091.86128,5.878103215,0.411298027,0.042801556,0.39206671,0.146060667,193,1,25765.23929,19.8879668
5084,14.40217391,55.77173913,58.10326087,357.4130435,343.4782609,2.961956522,2.989130435,37.56418228,126.8402786,14.81793478,0,59.50347547,13.32065217,11140.04617,0.801224743,0.499206516,0.051000463,0.371943532,0.01668906,102,1,24917.65202,5.951086957
5086,14.70707071,69.52525253,67.22222222,264.3131313,277.5555556,3.050505051,2.646464646,37.56035995,126.8627625,15.78686869,0,55.1052331,13.41414141,17592.64893,2.725550345,0.374023678,0,0.329416394,0.300988166,93,1,12576.15668,5.696969697
5087,14.24226804,57.64948454,40.22164948,237.4587629,221.0721649,4.659793814,4.840206186,37.57625198,126.8173447,14.75773196,0,59.05444819,13.62371134,15979.49551,11.04647466,0.697445576,0,0,0.295256439,125,1,15365.68245,9.5
5088,14.00518135,225.0207254,172.7564767,363.7823834,345.9015544,3.295336788,3.378238342,37.55064774,126.8661652,14.96062176,0,59.62629069,14.19689119,24306.83812,4.080203536,0.723466168,0,0.276463933,0,66,1,24315.22978,6.67357513
5089,13.69827586,24.06034483,18.54310345,0,0,8.387931034,8.25862069,37.56364822,126.8345413,14.58362069,0,55.0556985,10.24137931,9802.382359,2.121850067,0.06381789,0.099536336,0.585349405,0.20117094,28,0,17865.26747,16.64655172
509,14.17467249,83.99126638,59.82532751,0,0,10.93886463,11.02620087,37.53965378,127.0525894,15.72838428,0,54.49344978,13.79039301,11201.38744,13.28425615,0.471894085,0,0.502741599,0.024522939,60,0,17857.70272,21.9650655
5090,12.84745763,23.28813559,10.16949153,1131.372881,1133.440678,2.457627119,2.949152542,37.56980896,126.8285751,14.7,0,59.54868318,12.45762712,10633.44505,2.399559067,0.094517839,0.162304444,0.211398215,0.340522586,35,2,13729.64915,5.406779661
5091,14.63473054,85.95808383,67.58083832,0,0,3.886227545,3.580838323,37.55948639,126.8313141,15.3754491,0,56.06072317,13.29341317,11290.30012,4.866919829,0.158097553,0.211925047,0.407215401,0,24,0,12279.45803,7.467065868
510,15.32903226,38.29677419,18.42580645,462.4,521.1612903,4.212903226,4.348387097,37.54122162,127.0438004,16.61290323,0,53.27741935,14.25806452,7005.627651,1.568616921,0.238157925,0.082303616,0.202155999,0.385226952,37,1,10576.62116,8.561290323
511,14.32795699,57.34408602,43.0483871,1408.091398,1381.532258,5.053763441,5.032258065,37.54458237,127.0446091,16.08010753,0,52.08064516,13.62365591,8480.615577,8.969072484,0.171681281,0.105353495,0.446549184,0.121567501,45,2,24028.9013,10.08602151
512,14.00442478,48.19469027,42.77433628,805.4690265,783.5929204,6.747787611,6.566371681,37.5485611,127.0450058,15.62566372,0,54.36283186,13.71238938,8672.732608,9.704094506,0.217595937,0.058587106,0.470815826,0.218797166,23,1,22066.96358,13.31415929
513,14.4516129,49.03763441,44.01612903,880.844086,847.7365591,4.096774194,3.946236559,37.54630661,127.0498047,16.09623656,0,52.88172043,13.55913978,10036.08113,2.523072328,0.03043718,0.007212553,0.957955684,0.004146053,45,1,29941.81694,8.043010753
514,13.52054795,84.54794521,68.40182648,0,0,5.844748858,5.853881279,37.54257965,127.0633087,15.69726027,0,53.93607306,13.60273973,14618.87034,2.025258128,0.405550766,0.003278786,0.591103137,0,39,0,32271.7817,11.69863014
515,15.40322581,99.75806452,78.48387097,0,0,2.346774194,2.387096774,37.53023529,127.0868301,15.41290323,0,54.76612903,14.48387097,11455.90827,6.47649124,0.740401169,0,0,0.259682969,38,0,12627.5162,4.733870968
516,13.27802691,196.0358744,184.5784753,611.6950673,577.0672646,3.721973094,3.802690583,37.54840469,127.0693665,14.45336323,0,55.26457399,13.98654709,11426.60894,3.307989217,0.820276438,0.055297964,0.085042626,0.038896267,77,1,28373.09165,7.524663677
518,13.5177305,167.5460993,174.3404255,72.24113475,70.22695035,2.680851064,2.453900709,37.57152557,127.0353546,15.86879433,0,53.36170213,13.55319149,16742.92939,79.27450886,0.908050307,0.078151091,0,0,57,1,13952.24095,5.134751773
519,13.2628866,107.242268,85.93814433,355.4639175,326.5,3.020618557,3.036082474,37.56699371,127.0299149,15.50670103,0,55.62886598,13.34020619,22863.17874,3.578734666,0.856266714,0.122727308,0,0,62,1,25925.14444,6.056701031
520,13.81875,91.8625,73.46875,358.675,312.58125,2.14375,2.2125,37.56385803,127.0303192,15.520625,0,55.6125,13.50625,27062.47202,4.966797296,0.85101522,0.148503253,0,0,46,1,29252.13627,4.35625
521,12.62139918,87.4691358,68.49794239,878.1687243,879.1316872,3.87654321,3.827160494,37.56144714,127.0349197,15.45843621,0,56.3744856,13.61728395,23330.20417,3.160816879,0.819802677,0.180040697,0,0,104,3,32059.82961,7.703703704
522,14.03508772,128.9824561,88.80701754,209.754386,259.1052632,1.50877193,1.456140351,37.5486412,127.0164261,16.05438596,0,57.10526316,14.80701754,23211.04019,18.69166078,0.999676393,0,0,0,201,1,21314.98999,2.964912281
523,12.54166667,126.1666667,51.79166667,286.2083333,249.375,1.625,1.166666667,37.54366302,127.014061,16.76666667,0,56.08333333,12.58333333,16885.14199,15.17492425,0.998552829,0,0,0.000661453,139,2,24364.38221,2.791666667
524,15.66197183,163.5352113,51.94366197,231.1408451,150.8873239,1.507042254,1.830985915,37.55220032,127.0250549,16.34929577,0,53.15492958,13,28794.16152,20.74423343,0.997347717,0.003645109,0,0,234,1,28484.52664,3.338028169
525,14.05797101,54.87439614,44.65700483,1273.449275,1385.94686,4.222222222,3.821256039,37.55805206,127.0403519,16.27101449,0,54,14.36231884,13875.0652,11.62510545,0.979153237,0.00062262,0,3.88E-05,84,4,24628.10796,8.043478261
526,13.46902655,146.5044248,127.3628319,0,0,2.946902655,2.752212389,37.56351089,127.0567246,15.12389381,0,53.05309735,11.75221239,12596.15723,2.684434956,0.909013361,0.090512878,0,0,58,0,15753.70942,5.699115044
529,13.68202765,101.6635945,86.70046083,518.3225806,488.1658986,5.059907834,4.516129032,37.56137085,127.0636597,15.55437788,0,54.83870968,13.67281106,10801.94789,0.533393476,0.797955322,0.202027851,0,0,47,1,13129.7477,9.576036866
530,13.80733945,105.0779817,96.48623853,0,0,3.376146789,3.536697248,37.56874847,127.0304031,15.47614679,0,55.29357798,13.93119266,20497.32335,8.17074514,0.842399507,0.106339849,0,0,62,0,22131.61119,6.912844037
5301,13.26104418,84.79116466,90.34939759,378.1164659,412.8273092,5.381526104,5.413654618,37.64805984,127.0623932,12.67269076,0,69.18473896,15.85140562,21441.13214,2.218072229,0.813023758,0.020872652,0,0.166107474,94,1,22811.66267,10.79518072
5305,14.16666667,45.83333333,31.46078431,492.6372549,514.872549,2.264705882,2.215686275,37.64255524,127.0603867,14.05196078,0,64.39215686,15.2745098,20575.17709,10.46582002,0.647632103,0.009700443,0,0.342883623,93,1,18406.57548,4.480392157
5306,12.36996337,126.8681319,76.15384615,350.5384615,341.2783883,7.615384615,7.941391941,37.62786102,127.0763779,12.31904762,0,70.78754579,15.97435897,20907.78289,3.487263206,0.982604182,0,0,0.017712953,124,1,24685.23557,15.55677656
5308,13.94444444,101.3888889,33.61111111,0,0,1.333333333,1.111111111,37.66767883,127.0682526,14.62777778,0,61.5,16.11111111,15217.80677,19.83975747,0.442762982,0,0,0.552315602,90,0,10751.04255,2.444444444
5309,14.82608696,200.173913,121.5108696,0,0,1.652173913,1.793478261,37.62514877,127.0499344,13.55652174,0,67.15217391,15.82608696,15898.0989,6.08587958,0.717153242,0,0,0.268674066,139,0,14560.5341,3.445652174
5310,14.29710145,122.8695652,99.4057971,0,0,2.210144928,2.137681159,37.64862823,127.0691834,13.00362319,0,66.42028986,15.65217391,23742.52371,1.6049063,0.867407856,0,0,0.132589555,71,0,21681.88104,4.347826087
5311,14.15492958,136.0469484,124.1314554,1134.507042,913.0046948,4.455399061,4.427230047,37.65229416,127.061348,13.42816901,0,66.22065728,15.67605634,19657.84347,4.400584997,0.771532163,0.160511662,0,0.067963942,109,2,34934.09488,8.882629108
5313,14.01408451,42.64084507,40.0915493,0,0,1.971830986,1.788732394,37.65694046,127.0780487,12.84929577,0,69.66197183,15.99295775,22853.8873,8.796739689,0.638694077,0,0,0.361317572,13,0,14615.37548,3.76056338
5314,13.58125,78.9125,69.95,304.34375,280.60625,2.24375,2.18125,37.61985016,127.0631027,13.205,0,66.61875,15.475,20746.78509,2.279544386,0.693390133,0.303943345,0,0,69,1,18431.10417,4.425
5315,13.31147541,19.85245902,0.37704918,230.7868852,242.2622951,1.770491803,1.491803279,37.67073822,127.0796204,14.23770492,0,65.14754098,16.60655738,7865.164062,17.21176256,0.404022047,0,0,0.365063647,28,1,9705.588083,3.262295082
5318,13.84375,56.28125,60.40625,482.0625,695.53125,1.78125,1.84375,37.65868759,127.0775909,12.03125,0,68.75,16.96875,22915.04601,10.11326483,0.681965511,0,0,0.31804355,34,1,17058.99769,3.625
533,15.48684211,136.1447368,85.28947368,223.0526316,195.6315789,1.723684211,2.197368421,37.54814911,127.0210877,16.95526316,0,52.47368421,14.80263158,23113.67499,12.2669881,0.996174965,0.003647698,0,0,224,1,21064.61432,3.921052632
534,15.89705882,185.2647059,136.0588235,0,0,2.029411765,2,37.54863358,127.0257263,17.46911765,0,51.05882353,13.92647059,19860.11062,12.1532769,0.943613422,0.003647698,0,0.053090965,180,0,18849.37056,4.029411765
535,14.74074074,154.4444444,76.71604938,77.41975309,61.90123457,1.950617284,1.802469136,37.5539856,127.0335922,16.48148148,0,52.0617284,14.34567901,25218.13741,9.197957117,0.932741521,0,0,0.059807752,193,1,21915.40662,3.75308642
536,15.14935065,132.3571429,67.88961039,239.9935065,192.3896104,2.441558442,2.545454545,37.55735016,127.029213,15.99805195,0,53.62337662,14.11688312,29497.2762,7.900100148,0.999603905,0,0,0,183,1,28002.592,4.987012987
537,13.56221198,64.95391705,43.59447005,946.124424,937.5898618,3.718894009,3.668202765,37.56035614,127.0413971,15.73410138,0,54.15207373,13.59907834,14818.66644,11.44446443,0.979601109,0.017283203,0,0,104,3,24474.16397,7.387096774
538,13.94736842,103.8421053,81.12280702,503.4035088,502.6608187,3.087719298,3.339181287,37.56764984,127.0511551,15.90409357,0,53.80116959,13.29239766,18131.71993,3.861631864,0.901829286,0.097939012,0,0,67,2,20629.80288,6.426900585
539,13.19469027,72.00884956,56.11946903,0,0,4.752212389,4.765486726,37.55979538,127.0742035,14.44690265,0,55.87168142,14.24778761,16746.34994,2.722328326,0.733487629,0.032803395,0,0.233416436,41,0,15935.52427,9.517699115
542,14.57692308,47.91826923,46.64423077,802.2692308,825.1538462,5.317307692,5.125,37.53582382,127.094162,14.79134615,0,54.24519231,13.65384615,13755.72503,3.159338794,0.806437708,0,0,0.193315056,88,1,21960.12148,10.44230769
543,14.39814815,47.45833333,46.00925926,804.837963,817.8287037,5.791666667,5.671296296,37.53596878,127.0946732,14.82824074,0,53.81018519,14.04166667,13479.43915,3.159338794,0.781453953,0,0,0.218269039,85,1,22002.11528,11.46296296
544,15.35294118,9.007352941,5.25,0,0,3.389705882,3.441176471,37.54072952,127.1029053,15.33382353,0,52.75735294,15.11764706,12567.93153,3.769241953,0.560770806,0,0,0.439310743,44,0,19006.76135,6.830882353
546,13.09205021,126.0041841,109.3054393,0,0,4.092050209,4.037656904,37.53247833,127.0850906,14.30209205,0,56.38912134,13.82426778,16410.40967,2.707179902,0.991707894,0.008272689,0,0,63,0,21241.44788,8.129707113
548,13.89035088,75.21929825,46.02631579,0,0,5.51754386,5.574561404,37.5297699,127.0748596,14.48245614,0,55.19298246,13.88157895,14840.79527,7.590781122,0.570920416,0,0,0.429111945,52,0,12277.25348,11.09210526
549,12.50929368,128.2416357,94.98513011,427.070632,424.0780669,6.096654275,6.107806691,37.55122375,127.0897064,14.23159851,0,57.23420074,14.23420074,18745.52811,4.42373729,1.000512593,0,0,0,116,1,24318.76285,12.20446097
550,13.28961749,169.7322404,175.1803279,69.35519126,68.44808743,3.710382514,3.765027322,37.57164001,127.0356598,15.68907104,0,55.40437158,13.74863388,16578.17698,79.27450886,0.918120957,0.075515635,0,0,58,1,13962.30968,7.475409836
5503,14.1,112.1235294,102.2647059,333.5823529,308.9176471,2.747058824,2.694117647,37.55034256,126.9458008,14.83058824,0,57.61764706,14.27058824,20282.77414,18.26290025,0.837198495,0,0,0,77,1,22884.36354,5.441176471
551,13.98283262,60.15879828,56.91845494,0,0,6.944206009,6.974248927,37.54006195,127.0944977,14.70085837,0,54.44635193,13.75107296,18014.49431,6.843055356,1.000059544,0,0,0,131,0,31617.39719,13.91845494
552,14.5508982,61.58083832,54.92814371,769.1796407,791.7185629,2.892215569,2.778443114,37.53657913,127.0929718,14.83233533,0,54.73652695,14.26946108,15213.15676,5.199012707,0.930199264,0.00788695,0,0.061899547,126,1,24086.06617,5.670658683
553,14.23391813,92.67836257,67.05847953,0,0,2.935672515,3.198830409,37.57125473,127.0798035,14.79181287,0,55.1754386,13.73099415,22413.56274,3.867148845,0.751931934,0.001098969,0,0.246530286,72,0,19028.25558,6.134502924
555,14.92372881,63.53389831,57.15254237,796.8220339,801.1864407,1.881355932,2.06779661,37.53784943,127.0921707,14.60084746,0,51.93220339,13.04237288,16960.9005,2.238429294,0.986778712,0.013222582,0,0,134,1,28882.21216,3.949152542
556,15.8125,16.4375,9.75,293.8125,275.5625,1.5625,2.0625,37.54205322,127.020401,17.7,0,44.75,12.5625,16854.97132,14.29001327,0.534946967,0,0,0.465015494,45,2,12757.3399,3.625
557,13.91509434,149.754717,133.7783019,364.2924528,340.8584906,3.962264151,3.900943396,37.56764221,127.0256958,15.63349057,0,54.79716981,13.76886792,21476.31434,5.11692757,0.644032299,0.344330794,0,0,89,1,29986.60353,7.863207547
558,13.47663551,83.86448598,54.42990654,950.7616822,961.6074766,3.728971963,3.518691589,37.56460571,127.0365219,15.65794393,0,54.50934579,13.92990654,19828.02562,7.30213694,0.825958977,0.173875336,0,0,100,3,26021.31693,7.247663551
559,13.62820513,105.5769231,81.8974359,938.025641,949.2350427,5.696581197,5.478632479,37.56109619,127.0367966,15.69017094,0,55.81196581,14.06410256,20382.84277,7.30213694,0.835340991,0.163543212,0,0,133,3,32853.1618,11.17521368
560,14.27488152,169.014218,168.7109005,0,0,5.668246445,5.592417062,37.55120468,127.0689316,15.88009479,0,54.77725118,13.91469194,11108.43052,3.56775234,0.71843602,0.029142752,0.021798168,0.230413363,72,0,19108.02436,11.26066351
561,14.11059908,52.44239631,29.89861751,471.0737327,450.7926267,5.585253456,5.539170507,37.54281616,127.0446701,15.78064516,0,54.01843318,13.43317972,8144.31967,4.869294835,0.207016576,0.105353495,0.359386286,0.210497293,46,1,17945.64815,11.12442396
562,13.72340426,80.13297872,65,0,0,3.585106383,3.521276596,37.55924606,127.07341,15.51117021,0,55.74468085,13.19680851,16341.40952,2.782581263,0.710194397,0.048884074,0,0.240616044,36,0,15188.70931,7.106382979
563,13.84615385,109.989011,102.4505495,0,0,5.417582418,5.406593407,37.5479126,127.0627518,15.72967033,0,54.35714286,13.61538462,10999.39689,2.949090705,0.24972364,0.010767052,0.483369189,0.256147886,52,0,21891.34183,10.82417582
564,14.9,114.85,42.75,225.15,143.65,1.55,1.55,37.54792786,127.0155716,16.92,0,55.95,14.7,21617.54385,18.69166078,1.000041422,0,0,0,192,1,21114.24319,3.1
565,13.9789916,29.22689076,20.78151261,219.487395,224.6890756,11.20588235,12.64705882,37.54136658,127.0177612,15.61344538,0,55.24369748,13.83193277,16166.29847,28.03375004,0.665914604,0,0,0.333388994,57,2,16943.12784,23.85294118
567,13.11522634,12.34156379,10.80658436,1355.613169,1267.666667,10.41152263,9.674897119,37.54459,127.0570831,15.5308642,0,55.85185185,14.07407407,12749.71275,2.262948568,0.006420363,0,0.993500677,0,42,1,25859.59562,20.08641975
568,13.17741935,96.33870968,100.8669355,495.0927419,507.3508065,5.915322581,6.157258065,37.57110214,127.0235596,15.51774194,0,55.86290323,13.93548387,18937.21354,3.05260064,0.411600923,0.565684455,0,0,59,3,28294.08185,12.07258065
569,15.45,140,62.98333333,81.23333333,56.96666667,1.616666667,1.833333333,37.54958344,127.0302429,16.815,0,55.56666667,15.51666667,20816.42774,15.47886728,0.831465474,0,0,0.169013465,171,1,14799.75511,3.45
571,13.58928571,118.0297619,104.3988095,780.6488095,655.3988095,3.44047619,3.333333333,37.55039597,127.0758591,15.12261905,0,52.0952381,13.54166667,15307.15511,3.873807226,0.976161814,0.02366085,0,0,25,1,16870.18568,6.773809524
573,13.33193277,98.72268908,92.14285714,0,0,4.449579832,4.457983193,37.54523087,127.0847321,14.38277311,0,56.26890756,13.7394958,21815.81739,10.98928118,0.951279024,0,0,0,82,0,18022.59346,8.907563025
574,13.29385965,153.3157895,105.4692982,468.7280702,437.8815789,6.583333333,4.039473684,37.55184937,127.0889816,14.49035088,0,56.55701754,14.21929825,18855.3275,4.266471026,1.000516477,0,0,0,115,1,24370.42839,10.62280702
575,14.6372549,66.57843137,40.46078431,346.0196078,330.3627451,2.029411765,1.81372549,37.56429291,127.086937,14.25196078,0,56.80392157,13.74509804,20417.05576,12.44762185,0.785134012,0,0,0.214829744,84,1,13914.47143,3.843137255
5751,14.53061224,76.48979592,74.44897959,0,0,2.469387755,2.551020408,37.52471542,127.1174393,16.2744898,0,57.55939822,15.19387755,10579.62378,8.137954044,0.457637255,0,0,0.542351095,76,0,9257.144899,5.020408163
5752,14.72815534,12.9223301,10.47572816,0,0,5.373786408,5.873786408,37.53488159,127.1152268,15.78543689,0,60.00133184,14.23300971,13083.2169,1.841887827,0.74509606,0,0,0.238260185,54,0,14864.18526,11.24757282
5753,14.40229885,73.48850575,75.73563218,0,0,2.844827586,2.833333333,37.48294449,127.1404419,15.71034483,0,60.30538683,13.86781609,13826.03152,15.02184294,0.544187889,0.049854895,0,0.151264268,24,0,13682.47197,5.67816092
5756,14.42372881,79.64971751,64.24293785,0,0,2.988700565,3.13559322,37.52618027,127.1167603,15.85367232,0,58.81599522,13.48022599,11005.74886,1.730048658,0.624772504,0,0,0.363430079,74,0,11681.45531,6.124293785
5758,16.06976744,28.18604651,15.37209302,0,0,1.61627907,1.61627907,37.51064301,127.1316757,16.56395349,0,52.84889684,13.01162791,15699.517,1.945769571,0.812367483,0,0,0.181648376,14,0,13800.07141,3.23255814
5759,14.40336134,131.3865546,81.65546218,1110.957983,939.4705882,2.302521008,2.235294118,37.53913879,127.1216202,16.27058824,0,58.83312648,13.68067227,18197.15975,3.598525476,0.710640975,0.181975867,0,0.106694523,69,2,25030.75466,4.537815126
576,13.03629032,33.69354839,22.85080645,317.1209677,323.7540323,5.322580645,5.266129032,37.54483032,127.1042633,14.34072581,0,56.41129032,13.96774194,12161.8402,9.58820361,0.797352118,0,0,0.209267587,81,1,15691.14053,10.58870968
5760,14.4084507,91.65492958,70.33802817,337.7394366,287.2887324,2.330985915,2.387323944,37.52765274,127.1193008,16.10070423,0,59.47190683,14.93661972,12042.92944,1.106050332,0.724012416,0,0,0.249714579,65,1,15254.19022,4.718309859
5761,15.24,173.12,172.52,345.12,270.36,1.76,1.56,37.49755478,127.1149445,15.364,0,57.27630769,13.64,22957.93386,2.553638948,0.733130367,0.23691398,0,0.029953064,51,1,20163.15794,3.32
5763,16.13333333,38.68333333,29.61666667,610.7166667,534.0666667,1.85,1.583333333,37.51919556,127.1326218,17.44833333,0,58.85169231,14.81666667,11031.8794,4.157816685,0.535062171,0,0,0.39320969,15,2,10196.80861,3.433333333
5764,16.1884058,30.98550725,27.28985507,662.7101449,595.4057971,2.260869565,2.086956522,37.51795959,127.1317825,17.02898551,0,55.92296544,15.4057971,10101.8829,4.157816685,0.52789104,0,0,0.467777804,11,2,8821.8285,4.347826087
5765,14.21875,143.125,116.015625,0,0,2.53125,2.546875,37.50301743,127.0921402,14.4984375,0,60.23894231,14.59375,19568.7001,1.962008276,0.988199994,0,0,0.011779295,33,0,27694.67544,5.078125
577,13.49779736,38.11894273,22.56828194,329,327.4845815,4.480176211,4.453744493,37.54654694,127.1061325,14.5845815,0,55.2907489,14.11013216,8338.998561,11.89021052,0.772719153,0,0,0.233301232,90,1,12603.7096,8.933920705
578,14.9,108.9368421,101.6684211,0,0,4.905263158,4.826315789,37.54829025,127.0624619,16.01157895,0,52.84210526,13.46842105,10526.39281,2.949090705,0.245274691,0.008579469,0.463636928,0.282486907,47,0,20694.53248,9.731578947
579,15.41176471,28.64117647,27.05294118,175.2647059,172.0352941,2.9,2.876470588,37.56520462,127.0418472,15.88882353,0,52.89411765,13.07058824,15173.22202,2.984282554,0.982123949,0.017681887,0,0,46,1,18921.6295,5.776470588
582,14.22222222,50.49074074,41.81018519,1269.509259,1271.481481,5.263888889,5.263888889,37.54317856,127.0490799,15.81574074,0,53.90740741,13.85648148,10623.12337,13.28425615,0.17643442,0.036632313,0.768354342,0.017478661,61,2,26762.82655,10.52777778
583,13.03861004,52.95752896,45.07335907,187.996139,185.2702703,11.18918919,11.8996139,37.56797028,127.0468903,15.48687259,0,56.35135135,13.94980695,16874.36873,4.044382148,0.949218295,0.050797238,0,0,65,2,17244.95908,23.08880309
584,13.1563786,121.7736626,106.6296296,607.5226337,566.1646091,6.444444444,4.769547325,37.54782867,127.0726318,14.54197531,0,55.60493827,13.87654321,11667.2851,3.517179065,0.940656948,0.056550971,0.002241949,0,27,1,26327.31989,11.21399177
585,13.16996047,72.20158103,59.18972332,0,0,8.411067194,8.664031621,37.53680801,127.0554886,15.46007905,0,56.22529644,14.11067194,11448.63816,0.663743225,0.545984555,0,0.235508231,0.21862889,58,0,13296.66821,17.07509881
5851,13.64795918,108.4387755,84.29591837,0,0,3.357142857,3.239795918,37.50208282,126.8931885,15.32040816,0,58.78061224,13.78061224,18947.94277,28.35441212,0.644761062,0.248231164,0.045869351,0.058541801,158,0,21075.19654,6.596938776
5852,14.41538462,102.2461538,75.75384615,0,0,1.723076923,2,37.50300598,126.8938294,16.53538462,0,57.03076923,13.21538462,19214.37729,28.35441212,0.587946028,0.21672867,0.108401873,0.084163709,161,0,19891.53841,3.723076923
5853,13.8,385.75,339.1388889,2088.972222,2058.688889,4.172222222,3.35,37.52260971,126.9230118,15.23555556,0,57.62222222,12.86666667,7211.69587,0.979895254,0.16344613,0.624978318,0,0.211575552,61,2,27201.04598,7.522222222
5854,13.68,340.3244444,347.2977778,1833.733333,1833.093333,12.73333333,13,37.52508926,126.9240799,15.30666667,0,58.88444444,14.00444444,5661.619601,2.29682925,0.020207316,0.76457979,0,0.2152116,66,2,24993.67737,25.73333333
5855,14.00591716,385.6213018,442.7337278,2044.923077,2158.023669,6.301775148,5.846153846,37.52464294,126.9234238,15.73136095,0,56.93491124,13.52071006,5515.810499,2.67365851,0.051465163,0.733883724,0,0.214653702,70,2,28101.74512,12.14792899
5857,13.31696429,156.3839286,143.4464286,295.3169643,285.5758929,4.553571429,5.700892857,37.51382446,126.9209366,15.240625,0,59.60267857,14.58035714,15990.85606,7.209493532,0.812591419,0.101591888,0,0.081917876,130,1,18457.57752,10.25446429
5858,12.41366906,289.5,316.5611511,1188.640288,1179.176259,8.830935252,9.201438849,37.51669312,126.9080734,14.96618705,0,61.42805755,14.55755396,12345.61411,3.927080646,0.366562595,0.343450583,0.209821602,0.07984938,99,1,24083.00894,18.0323741
5859,15.17391304,241.2608696,347.7391304,845.8405797,821.1014493,3.666666667,3.608695652,37.52539444,126.9304581,15.20434783,0,54.82608696,13.97101449,6877.130469,9.869720359,0.216152649,0.554846209,0,0.228999847,54,1,26758.47182,7.275362319
586,15.30714286,19.15714286,10.42142857,236.5642857,234.9071429,2.771428571,2.721428571,37.56594086,127.0453949,15.96428571,0,53.88571429,13.77142857,15361.49689,4.044382148,0.999913273,0,0,0,30,2,13885.26756,5.492857143
587,14.1884058,27.2705314,23.58937198,1508.357488,1446.797101,5.429951691,5.22705314,37.54541779,127.0526428,15.93768116,0,53.77294686,13.85990338,11410.21106,2.860017568,0.019298627,0,0.980420482,0,52,1,29357.20391,10.65700483
588,14.21100917,47.12844037,22.81192661,303.2522936,307.3073394,5.637614679,5.559633028,37.53268814,127.0674973,14.80825688,0,53.94954128,13.88990826,15723.61622,4.204915322,0.655319711,0,0,0.34263121,50,1,17667.07559,11.19724771
589,13.37860082,14.51851852,11.30452675,1364.580247,1277.547325,11.69135802,11.64609053,37.54415894,127.0566559,15.56296296,0,55.21399177,13.70781893,12784.9348,2.645973188,0.002684644,0,0.997259696,0,46,1,25476.97234,23.33744856
590,13.45070423,86.99061033,88.56338028,1640,1455.873239,5.816901408,5.962441315,37.53989029,127.0733643,14.67464789,0,54.07511737,13.53051643,17712.50004,2.937516024,0.933467695,0.057124402,0,0,39,2,29142.43937,11.77934272
591,13.63087248,125.8053691,112.261745,0,0,3.912751678,3.798657718,37.54277802,127.0753708,15.06308725,0,50.20805369,12.97986577,9552.262282,3.057837246,0.963827209,0.015451587,0,0,28,0,22411.53955,7.711409396
592,14.49038462,28.18269231,22.16826923,0,0,9.509615385,10.59615385,37.54191208,127.0776367,14.98653846,0,52.15384615,13.49519231,13623.43645,4.593115289,0.953153356,0,0,0,17,0,18256.79982,20.10576923
593,15.00561798,111.0393258,69.81460674,0,0,4.376404494,5.146067416,37.52858734,127.0778732,14.96573034,0,53.79213483,14.62921348,10726.75627,2.564520401,0.519655889,0,0,0.480355761,46,0,12360.04801,9.52247191
594,13.91071429,2.535714286,1.696428571,0,0,4.089285714,2.714285714,37.55836487,127.0569077,16.32321429,0,46.32142857,11.71428571,9233.742615,2.053553945,0.942986919,0.000245941,0,0.056690769,3,0,4401.227352,6.803571429
600,13,91.37804878,87.31707317,0,0,1.731707317,1.463414634,37.58991241,127.0686798,15.54146341,0,53.17073171,13.40243902,17639.27116,3.622197901,0.773221391,0,0,0.222684333,64,0,14275.91182,3.195121951
601,14.01604278,252.8395722,275.6203209,677.9946524,697.197861,2.818181818,2.663101604,37.57594681,127.0373612,15.09090909,0,53.09090909,14.57754011,14177.06062,3.108089389,0.840686979,0.159307843,0,0,50,2,19697.20392,5.481283422
602,13.40392157,264.4117647,271.772549,0,0,9.329411765,9.82745098,37.57217407,127.0713882,14.91411765,0,55.16862745,15.0745098,25416.04801,0.941358639,0.818742541,0.180895019,0,0,79,0,26423.93053,19.15686275
605,13.40540541,296.8423423,276.463964,546.1081081,558.3153153,3.662162162,3.635135135,37.57419968,127.0264969,15.08783784,0,53.86486486,14.40990991,18321.04829,1.955390268,0.688233132,0.260951508,0,0,83,3,24436.44848,7.297297297
6053,12.44444444,187.8888889,95.77777778,2914.333333,3234.666667,1.666666667,1.444444444,37.56092453,126.9906616,11.52222222,0,49.55555556,11.22222222,4751.467499,4.711190614,0.473578136,0.526134501,0,0,43,3,24348.28591,3.111111111
606,14.30379747,101.4177215,87.40506329,0,0,2.215189873,1.987341772,37.58462524,127.0702896,16.65063291,0,50.55696203,14.91139241,17540.68812,5.05541095,0.762273119,0,0,0.23763886,66,0,11143.40709,4.202531646
607,14.61589404,52.41721854,33.93377483,269.589404,277.7152318,2.390728477,2.324503311,37.60271072,127.0678635,15.20397351,0,53.91390728,14.82119205,18296.55317,1.755663174,0.819489426,0.001717706,0,0.178814873,56,1,14058.46102,4.715231788
608,14.72222222,206.3518519,177.6851852,0,0,1.333333333,1.388888889,37.58131027,127.0553436,15.64814815,0,52.74074074,14.53703704,18337.02841,8.52456228,0.964285437,0.035564409,0,0,59,0,19152.78191,2.722222222
609,13.35319149,125.0978723,94.22978723,274.6978723,273.9361702,3.744680851,3.676595745,37.58774567,127.037384,15.07191489,0,54.52765957,14.85957447,10777.20937,3.352332346,0.997640258,0,0,0,55,1,16920.91819,7.421276596
610,15.05202312,146.433526,137.3641618,0,0,3.046242775,3.121387283,37.57308578,127.0521622,15.58786127,0,52.54913295,14.65895954,21386.68401,1.919801364,0.957792586,0.042239775,0,0,56,0,19541.25309,6.167630058
612,13.03875969,155.0736434,132.7403101,0,0,5.100775194,5.127906977,37.57366562,127.0308151,14.81860465,0,55.3372093,15.03875969,17824.36617,9.165268574,0.817956823,0.130891265,0,0,50,0,19082.47204,10.22868217
613,12.56666667,259.0555556,261.5185185,488.3962963,488.837037,4.9,4.962962963,37.57527161,127.023468,14.80740741,0,56.33333333,15.33333333,19317.74414,5.102501032,0.686348444,0.311826412,0,0,61,3,23922.80234,9.862962963
614,12.51481481,127.5444444,124.6259259,529.8111111,534.962963,5.840740741,5.8,37.57768631,127.0310135,14.6862963,0,55.98888889,14.95185185,16149.98292,4.100722131,0.889677196,0.110212778,0,0,56,1,23269.447,11.64074074
615,14.04,222.885,205.395,647.505,678.105,3.655,3.675,37.57638168,127.0351105,15.4685,0,52.68,15.52,15031.20629,3.108089389,0.866343836,0.133639336,0,0,49,2,22177.50203,7.33
616,15.36363636,255.5454545,258.9393939,0,0,1.848484848,1.242424242,37.58256149,127.0543671,16.27575758,0,43.51515152,12.27272727,18761.91242,8.52456228,0.947510944,0.052364791,0,0,79,0,19427.49916,3.090909091
617,14.24757282,215.5631068,209.1067961,0,0,3.766990291,3.805825243,37.57420349,127.0576935,15.29563107,0,53.2038835,14.52427184,22513.29503,14.69326967,0.920371967,0.079599556,0,0,41,0,21872.91765,7.572815534
621,15.52631579,182.6710526,164.1710526,0,0,1.894736842,1.618421053,37.57489014,127.0535355,16.39210526,0,51.97368421,14.71052632,20746.36172,2.340637277,0.937841567,0.062124778,0,0,35,0,19713.24672,3.513157895
622,14.2020202,204.2373737,218.2727273,0,0,3.328282828,3.404040404,37.57779312,127.0578308,15.32222222,0,53.68686869,14.88888889,19076.25958,6.24286786,0.920216635,0.079734176,0,0,26,0,19802.39604,6.732323232
623,13.33760684,227.5811966,188.2393162,0,0,3.995726496,3.294871795,37.58369827,127.0538559,15.02222222,0,53.93589744,14.66239316,19124.63983,8.52456228,0.937832506,0.062047112,0,0,93,0,21214.53484,7.290598291
624,13.84433962,81.66037736,78.23584906,43.48584906,39.3490566,3.806603774,4.273584906,37.57418823,127.0458908,14.9495283,0,54.73113208,15.44339623,16395.05353,2.860038944,0.932918857,0.067116092,0,0,75,1,16966.07351,8.080188679
626,13.3776824,106.472103,96.87553648,0,0,4.772532189,4.703862661,37.56115341,127.0709686,15.10085837,0,53.96995708,14.70815451,14718.67118,20.52723094,0.608660759,0.12905965,0,0.261001991,38,0,14838.91173,9.47639485
627,14.27979275,211.3160622,212.8445596,0,0,3.212435233,3.300518135,37.57863235,127.071907,15.20518135,0,53.45595855,14.48186528,18382.8006,2.040613848,0.906962987,0.027194638,0,0.065359553,70,0,16732.64319,6.512953368
628,14.5380117,86.40935673,54.22807018,0,0,3.052631579,2.900584795,37.58681488,127.067543,15.49239766,0,53.26315789,14.97076023,17518.42646,5.568131464,0.859145522,0,0,0.136831396,63,0,11169.04444,5.953216374
630,13.46090535,251.399177,255.3580247,66.59259259,64.44032922,5.847736626,5.946502058,37.57485199,127.0403061,15.00123457,0,54.71193416,14.88065844,13548.06513,3.475873353,0.842408568,0.157483994,0,0,71,1,16660.98777,11.79423868
631,12.7472119,98.14498141,87.23048327,423.9516729,433.8996283,8.992565056,9.089219331,37.5681839,127.0512772,14.73457249,0,56.41635688,15.17100372,18850.33004,3.861631864,0.90524787,0.09485439,0,0,77,2,21729.61955,18.08178439
633,12.98449612,241.3875969,258.248062,1077.972868,1089.189922,6.034883721,6.864341085,37.58040619,127.0448227,14.86395349,0,55.4496124,15.25968992,13391.79646,3.726970539,0.597149411,0.402783279,0,0,97,2,18862.3184,12.89922481
634,12.46863469,122.7306273,101.6789668,302.3099631,302.6383764,7.095940959,7,37.59601974,127.0598297,14.76088561,0,55.98892989,14.95940959,13608.40885,5.727132048,0.853158793,0.146621155,0,0,77,1,23187.47337,14.09594096
636,14.3,42.25454545,28.5,0,0,2.590909091,2.763636364,37.59090042,127.0425873,15.50181818,0,50.64545455,13.67272727,13723.2476,8.779460932,0.996294053,0,0,0,20,0,7265.210377,5.354545455
637,13.89756098,45.75121951,42.0195122,0,0,2.717073171,2.6,37.59161377,127.0457916,15.10487805,0,54.5804878,15.34634146,14773.73727,11.45852723,0.998261583,0,0,0,16,0,10090.61855,5.317073171
640,12.81730769,203.3269231,201.0432692,1084.721154,1119.644231,2.836538462,2.990384615,37.58255005,127.0446014,14.80865385,0,54.96153846,14.45192308,13558.13625,5.879562663,0.681043879,0.318786551,0,0,90,2,17940.68177,5.826923077
641,13.56504065,183.3902439,164.7642276,66.18699187,63.75203252,5.926829268,6.044715447,37.57375336,127.0385361,15.06341463,0,54.60569106,14.74796748,14612.24528,57.21451036,0.906918977,0.092075253,0,0,41,1,16481.29406,11.97154472
642,13.53913043,85.9826087,67.46521739,42.22608696,39.75217391,4.5,4.430434783,37.57035446,127.0484314,14.99173913,0,55.29130435,15.18695652,19282.76328,5.877607712,0.945279351,0.054839737,0,0,80,1,19390.4866,8.930434783
643,13.66108787,104.8786611,98.17573222,0,0,5.451882845,5.907949791,37.56697083,127.074295,14.89037657,0,54.51464435,14.72803347,21358.92735,1.333730962,0.645039364,0.087855418,0,0.266149931,78,0,16072.08469,11.35983264
646,12.08650519,90.22491349,74.59515571,437.83391,413.2214533,9.951557093,12.01730104,37.56196594,127.0645065,14.55778547,0,56.78200692,15.07958478,11008.89308,0.533393476,0.790907161,0.209086367,0,0,47,1,15877.75443,21.96885813
647,13.92146597,66.77486911,44.4973822,244.6858639,253.7434555,2.607329843,2.528795812,37.60279846,127.0672684,14.77277487,0,53.86910995,14.22513089,18261.51362,1.755663174,0.870060139,0.013398624,0,0.116776822,59,1,14775.06259,5.136125654
648,13.79338843,91.30165289,85.93801653,0,0,6.94214876,6.987603306,37.56669998,127.0624237,14.93512397,0,54.51652893,14.70247934,19582.8939,8.33945498,0.958776351,0.041320731,0,0,47,0,21253.09583,13.92975207
650,13.86729858,97.84834123,63.15165877,0,0,3.587677725,3.398104265,37.59153366,127.0677414,15.26303318,0,54.58767773,15.31279621,17553.94069,5.353086762,0.784723678,0,0,0.21057237,66,0,16712.31311,6.985781991
652,15.74418605,250.7596899,201.9612403,0,0,2.674418605,2.573643411,37.57653046,127.0659409,15.38992248,0,54.60465116,14.75193798,20885.03518,11.36396393,0.999655682,0,0,0,51,0,16131.80837,5.248062016
654,15.23809524,150.9365079,135.4920635,0,0,2.071428571,2.015873016,37.57762146,127.0521088,15.19444444,0,53.26190476,14.63492063,19144.00895,8.52456228,0.886640467,0.113377655,0,0,61,0,16936.5824,4.087301587
656,14.21311475,87.52459016,61.40983607,0,0,2.584699454,2.693989071,37.58723831,127.0431366,15.32131148,0,52.5136612,14.2568306,13501.03053,7.466693044,0.990542909,0.005281266,0,0,78,0,11695.16934,5.278688525
657,13.98156682,80.23963134,67.57603687,0,0,4.391705069,4.442396313,37.57551956,127.0487747,15.13410138,0,53.86635945,14.77880184,18115.15669,2.255494609,0.917471154,0.082523669,0,0,73,0,15555.33225,8.834101382
659,12.62962963,186.4407407,174.9111111,533.0555556,539.8074074,6.114814815,5.748148148,37.57835007,127.0333862,14.74037037,0,56.18148148,15.23333333,15058.53631,2.692493178,0.892282879,0.107644633,0,0,51,1,24151.64714,11.86296296
660,13.50862069,293.012931,350.3362069,666.7801724,676.6077586,4.793103448,4.530172414,37.57799911,127.0376282,15.14525862,0,54.1637931,14.87068966,13230.77486,2.191265743,0.818833151,0.181077534,0,0,55,2,21152.44423,9.323275862
661,14.30434783,240.6467391,190.2173913,0,0,3.77173913,3.597826087,37.59460068,127.0519714,15.51413043,0,51.13043478,14.56521739,10175.92655,15.86011907,0.997109542,0.001992125,0,0,42,0,21956.30986,7.369565217
663,13.66812227,98.52401747,88.03930131,340.790393,327.8820961,3.947598253,3.868995633,37.59489059,127.0630264,15.11222707,0,54.39737991,14.92576419,16664.99545,3.422430888,0.901596289,0.092704345,0,0.005021086,42,1,21364.00652,7.816593886
664,13.86290323,196.4112903,142.6209677,0,0,3.024193548,2.85483871,37.58412933,127.0579376,15.7983871,0,48.81451613,13.4516129,18343.28729,9.926914921,0.999856318,0,0,0,39,0,17046.73492,5.879032258
665,15.60784314,54.01960784,23.34640523,277.9607843,198.4248366,2.254901961,2.947712418,37.59960556,127.0686417,15.59934641,0,51.78431373,14.92810458,17731.57692,2.337334346,0.740033552,0.000638153,0,0.258173666,69,1,13814.00134,5.202614379
666,15.55223881,35.21641791,18.32835821,285.3880597,240.3656716,2.253731343,2.410447761,37.60362244,127.0708313,15.31044776,0,52.67164179,14.7238806,18745.62985,2.025175478,0.689090043,0,0,0.307591044,50,1,11428.77126,4.664179104
667,13.68461538,123.3615385,90.48461538,0,0,2.276923077,1.892307692,37.58662796,127.0468826,14.52846154,0,54.65384615,14.94615385,16285.54638,10.70417205,0.940433012,0.05881622,0,0,83,0,15345.37566,4.169230769
668,13.38339921,183.7470356,187.5256917,0,0,7.786561265,8.14229249,37.56799698,127.068779,14.90197628,0,55.18181818,15.06719368,22707.64848,1.307886382,0.836406305,0.162430004,0,0,80,0,20454.74178,15.92885375
669,14.01507538,86.38693467,67.16582915,45.37688442,41.77386935,3.768844221,3.829145729,37.57214737,127.0446091,15.05678392,0,53.87939698,14.77889447,16160.28622,31.54381674,0.99316542,0.006898007,0,0,78,1,18007.43388,7.59798995
670,12.53159851,139.4684015,117.6468401,718.7360595,774.0929368,6.182156134,6.26394052,37.58968735,127.061409,14.86096654,0,55.74349442,15.11152416,18041.1897,1.894464889,0.982719386,0.017272847,0,0,64,1,21923.01703,12.44609665
671,12.81679389,300.3587786,275.9923664,595.129771,567.5877863,2.167938931,1.984732824,37.57734299,127.0233765,15.17251908,0,52.22900763,13.85496183,19556.60749,6.668656104,0.826808122,0.171800368,0,0,62,3,23474.15224,4.152671756
672,13.73053892,253.4371257,232.2694611,603.2155689,610.754491,3.047904192,3.19760479,37.57875061,127.024025,15.29700599,0,53.1257485,14.58682635,19259.4437,8.211083848,0.896194641,0.101943972,0,0,60,3,22968.61474,6.245508982
673,13.84656085,100.6931217,112.7989418,434.2751323,496.978836,3.005291005,3.015873016,37.58407974,127.0310364,15.06402116,0,55.31216931,14.93121693,11276.90022,5.805670772,0.998897147,0,0,0,63,1,24811.41072,6.021164021
674,13.62211982,166.0645161,147.7741935,492.0691244,501.3870968,4.115207373,3.958525346,37.58655167,127.0331421,13.740553,0,61.31797235,14.07373272,9071.194866,8.881799087,1.000056955,0,0,0,62,1,23467.23499,8.073732719
676,14.02840909,123.3352273,161.5681818,553.4943182,607.7954545,2.363636364,2.329545455,37.58143234,127.0354767,14.82840909,0,53.96022727,14.59659091,13254.94633,3.487645759,0.924287612,0.075757693,0,0,39,1,22638.56355,4.693181818
678,13.46255507,157.6519824,177.8502203,0,0,5.220264317,5.453744493,37.57655716,127.0743103,14.80484581,0,54.88105727,14.79735683,20458.65459,7.926695371,0.755854051,0.026960346,0,0.21670537,54,0,18101.85565,10.67400881
679,16.83333333,168.45,115.3,0,0,1.433333333,1.583333333,37.57787704,127.0616837,15.61,0,51.98333333,14.76666667,19034.67844,20.82874552,0.93802667,0.061920258,0,0,16,0,16498.25366,3.016666667
680,12.32352941,370.2977941,301.2536765,702.5735294,763.0330882,5.441176471,5.319852941,37.59238434,127.0574112,14.74852941,0,56.24264706,15.20588235,15959.42737,4.775908375,0.919212159,0.080761952,0,0,105,1,30933.77256,10.76102941
681,13.01492537,256,293.5522388,0,0,1.611940299,1.626865672,37.5798378,127.0563736,14.76119403,0,54.17910448,13.97014925,18020.19291,5.118353476,0.920151914,0.079690166,0,0,53,0,18030.18356,3.23880597
700,12.51209677,155.0887097,103.0967742,425.1129032,424.5887097,3.85483871,3.633064516,37.5468483,126.8727722,15.05806452,0,56.84559812,16.19758065,27597.83035,18.07843688,0.779145988,0,0.188793619,0.032087576,106,1,25012.90561,7.487903226
701,12.46153846,209.0364372,197.5263158,0,0,4.336032389,4.680161943,37.53280258,126.8639298,15.03198381,0,56.50691633,15.63157895,26019.266,12.62600383,1.00075724,0,0,0,29,0,19728.42968,9.016194332
702,14.25,197.25,138.5754717,0,0,5.080188679,5.476415094,37.53254318,126.8687286,15.70849057,0,54.20656447,16.01886792,25292.24498,6.186647133,0.942018686,0.058350226,0,0,62,0,19127.34894,10.55660377
703,13.29365079,89.63888889,97.55555556,654.1031746,605.531746,10.01984127,11.27380952,37.52362823,126.8752441,15.18769841,0,55.23958333,15.66269841,24001.77518,4.595146678,0.590695393,0.148489014,0,0.261500346,46,1,22673.81757,21.29365079
704,12.80620155,137.8992248,96.3372093,394.3178295,382.0542636,6.771317829,6.678294574,37.52325439,126.8649063,15.12790698,0,55.79263566,15.93023256,23794.34135,0.941925198,0.938714012,0.061275633,0,0,99,1,21193.77511,13.4496124
706,14.31764706,155.9117647,83,371.1,305.2823529,3.1,2.729411765,37.5218811,126.8517532,15.43294118,0,53.71127451,15.32352941,22027.58362,3.46850797,0.925229955,0.074755806,0,0,85,1,24576.0061,5.829411765
708,13.53469388,126.5673469,93.39591837,0,0,10.57142857,10.55510204,37.51897049,126.8699646,15.21673469,0,54.74693878,15.64081633,22511.0673,0.781883565,0.816136857,0.140010511,0,0.043747783,102,0,18063.30181,21.12653061
709,14.07486631,129.1764706,115.2299465,0,0,3.22459893,2.86631016,37.51158524,126.8415604,15.38128342,0,53.60160428,15,15691.87636,9.971151434,0.571162474,0.148891581,0,0.279936884,125,0,9984.569357,6.090909091
710,14.55172414,125.337931,99.48965517,0,0,2.710344828,2.944827586,37.50971222,126.8441696,15.47241379,0,53.17212644,14.86206897,14318.03243,14.29452206,0.502833503,0.092546425,0,0.410359566,102,0,9821.043844,5.655172414
711,15.27184466,10.19417476,28.66019417,0,0,3.922330097,1.398058252,37.51705933,126.8484879,15.53592233,0,53.0578479,14.62135922,18498.19575,8.111820167,0.714765022,0.021655781,0,0.263572725,10,0,17842.97914,5.32038835
712,13.77894737,189.8105263,129.4947368,0,0,2.236842105,3.689473684,37.51699829,126.8383179,15.59052632,0,53.89429825,15.74736842,22787.0294,6.927800223,0.89091208,0,0,0.108514489,89,0,11741.72884,5.926315789
713,14.94078947,150.9868421,105.3223684,0,0,2.907894737,2.328947368,37.53304672,126.8299561,15.77828947,0,51.64007675,14.82236842,18209.12258,1.940794415,0.88874003,0,0,0.099342172,21,0,13029.00957,5.236842105
714,14.79640719,163.0299401,131.8443114,0,0,3.155688623,2.790419162,37.532547,126.8308029,15.84251497,0,52.31711577,15.37125749,19319.19265,3.144360453,0.875701256,0,0,0.111843757,21,0,12987.29052,5.946107784
716,13.84649123,87.10526316,79.01315789,0,0,8.596491228,8.921052632,37.51731873,126.8643189,15.3872807,0,54.20394737,15.79385965,22226.07909,1.436847641,0.807871934,0.148371221,0,0.043747783,74,0,17320.29126,17.51754386
719,12.84897959,146.755102,114.9959184,403.6040816,394.9387755,4.665306122,5.012244898,37.5303688,126.8642578,15.12367347,0,55.19183673,15.55918367,25179.95615,4.461415311,1.000902216,0,0,0,27,1,19507.66286,9.67755102
720,15.18897638,201.8818898,89.26771654,0,0,2.834645669,1.795275591,37.5161972,126.8348999,15.95275591,0,52.2847769,14.88188976,19013.8797,5.674525194,0.775269176,0,0,0.224728235,77,0,12224.06715,4.62992126
722,13.76363636,82.97272727,68.97727273,601.3636364,523.9272727,3.372727273,4.131818182,37.52151108,126.8573837,15.50318182,0,54.1375,15.68636364,22069.03689,4.708567951,0.937498544,0.062496279,0,0,108,2,21137.21048,7.504545455
723,14.5971564,130.6824645,138.6824645,0,0,6.744075829,6.327014218,37.52916336,126.8727493,15.4943128,0,52.98203002,15.07582938,26258.91709,1.177721981,0.512170212,0.347591458,0,0.139956145,64,0,27380.03889,13.07109005
724,13.25,107.734375,130.921875,0,0,1.796875,1.53125,37.51068115,126.857399,15.0640625,0,54.98111979,13.265625,22171.45351,6.831620753,0.715610284,0.005458603,0,0.288772649,100,0,12598.41235,3.328125
725,14.42424242,164.3131313,74.28282828,0,0,2.626262626,1.515151515,37.52433395,126.8505478,16.30909091,0,54.02483165,15.38383838,23639.45896,5.816231347,0.96873568,0.03083457,0,0,59,0,24480.1848,4.141414141
726,14.32,92.29333333,67.81333333,0,0,9.035555556,9.253333333,37.5343895,126.8695984,15.44622222,0,53.25555556,15.36888889,24710.42276,6.843748977,0.992615288,0.007362706,0,0,78,0,17627.94035,18.28888889
729,14.10576923,86.21634615,64.99519231,276.6538462,267.7451923,4.793269231,4.75,37.51037979,126.8667984,15.64855769,0,53.1260016,15.54807692,16928.70416,4.962258352,0.784287456,0,0.018263085,0.197254,59,1,14744.25467,9.543269231
731,14.31132075,68.75943396,82.22169811,0,0,5.764150943,6.051886792,37.5298996,126.8765411,15.65141509,0,52.73093553,15.35377358,20855.13212,1.177721981,0.281865581,0.308763795,0,0.409371918,45,0,22056.04537,11.81603774
732,14.17894737,111.4105263,102.8947368,0,0,3.210526316,3.231578947,37.53955078,126.8283005,15.61052632,0,52.27368421,14.97894737,13592.45043,4.252782718,0.828705753,0,0,0.169545475,45,0,10234.27715,6.442105263
733,14.36585366,103.195122,41.26829268,0,0,2.601626016,1.634146341,37.51409912,126.8310013,15.83333333,0,53.43089431,16.03252033,10738.69262,20.5900872,0.548570822,0,0,0.451421411,81,0,8782.209118,4.235772358
734,13.79324895,82.5907173,77.59915612,0,0,7.004219409,7.143459916,37.51395035,126.8560562,15.3443038,0,54.06012658,15.41772152,21175.72302,7.2337154,0.710915394,0.040204934,0,0.254621755,64,0,18567.95499,14.14767932
735,13.94759825,142.8034934,110.6026201,0,0,7.144104803,7.799126638,37.53637695,126.8715134,15.44978166,0,53.87882096,15.17467249,25142.08113,10.50379687,0.952442715,0.002314437,0,0.045241553,110,0,15069.40975,14.94323144
736,13.39336493,198.8293839,124.4123223,0,0,3.260663507,3.819905213,37.52219009,126.8367004,15.31611374,0,55.30963665,16.27488152,23013.15267,3.615225094,0.998282294,0,0,1.29E-06,36,0,14623.97995,7.08056872
737,13.52380952,160.4920635,104.1798942,334.8148148,316.2751323,2.783068783,2.994708995,37.52256012,126.8494797,15.31851852,0,54.34016755,15.61904762,22662.99359,4.612201624,0.942902781,0.056821506,0,0,72,1,22401.47201,5.777777778
739,13.62053571,132.1741071,125.3526786,0,0,3.825892857,3.745535714,37.53620148,126.8277969,15.32053571,0,54.50558036,15.80803571,14662.96605,5.216912852,0.90123126,0,0,0.094903578,42,0,13529.93293,7.571428571
740,14.14054054,183.7081081,164.7189189,0,0,3.091891892,3.32972973,37.53636932,126.8317108,15.20378378,0,54.18806306,15.41621622,21208.67238,5.216912852,0.996507633,0,0,0.003414701,49,0,16546.5318,6.421621622
741,14.26804124,65.25773196,81.36082474,0,0,2.24742268,1.577319588,37.53952026,126.8254013,16.02989691,0,51.52491409,14.56701031,11238.72325,9.908327508,0.54357433,0,0,0.344702295,31,0,9152.113917,3.824742268
742,13.7628866,201.7783505,188.5773196,357.871134,328.5670103,3.283505155,3.298969072,37.55073166,126.8645783,15.62989691,0,54.08634021,15.42783505,22779.19791,4.134730095,0.800654204,0,0.196073482,0,57,1,22224.11067,6.582474227
743,12.72368421,131.5526316,103,0,0,2.730263158,3.131578947,37.50889969,126.8426819,15.04013158,0,55.23985746,14.93421053,12379.07566,8.809349805,0.559748208,0.145206345,0,0.298669846,128,0,10541.2766,5.861842105
744,13.45748988,37.66801619,13.37246964,110.6356275,124.534413,7.210526316,7.392712551,37.54384232,126.8825455,15.17530364,0,55.04740216,15.80566802,9850.14846,7.165052527,0.352303176,0,0.069675176,0.577279941,71,1,7377.59442,14.60323887
745,13.78666667,214.5266667,131.2733333,0,0,2.22,2.88,37.52228165,126.8396988,15.33666667,0,54.41166667,15.56666667,24072.53982,1.36463748,0.996331591,0,0,0,51,0,15744.84443,5.1
746,14.24017467,206.7860262,162.6419214,0,0,10.19650655,10.18340611,37.53650284,126.8777466,15.49519651,0,53.61990539,15.65938865,17822.82835,7.954357494,0.805158813,0.137193835,0,0.057651234,73,0,17700.97423,20.37991266
747,14.13122172,156.2895928,143.8280543,0,0,5.438914027,5.407239819,37.53458023,126.8756485,15.44479638,0,53.63103318,15.43891403,20654.58868,4.226577752,0.790791957,0.143004523,0,0.065922629,97,0,14612.33467,10.84615385
748,13.86725664,78.73451327,119.1858407,0,0,2.902654867,2.89380531,37.53025055,126.879303,16.51150442,0,51.00921829,15.16814159,16411.42825,1.446863817,0.280749784,0.171045717,0,0.548766281,36,0,16900.68039,5.796460177
749,14.02531646,144.4556962,159.9367089,0,0,4.018987342,4.037974684,37.53722763,126.8866119,15.76139241,0,51.88581224,14.75949367,11485.49472,6.19615357,0.344588385,0.074351945,0.156341014,0.429341058,46,0,15946.4501,8.056962025
750,14.53020134,122.8120805,54.1409396,0,0,2.33557047,2.979865772,37.51215744,126.8356247,15.65838926,0,53.14065996,14.13422819,14491.86039,6.271856058,0.533454492,0.076706509,0,0.389829938,99,0,9958.699446,5.315436242
752,14.71428571,181.7261905,136.4285714,0,0,3.30952381,3.238095238,37.54218292,126.8633041,16.17321429,0,53.38095238,16.50595238,20676.92027,7.67873598,0.959687629,0,0,0.030907057,19,0,19079.05539,6.547619048
754,13.97196262,20.59345794,13.03738318,0,0,5.219626168,5.378504673,37.54114151,126.8766785,15.48551402,0,54.62285826,15.80841121,20489.62729,15.19721188,0.727207064,0,0.000715819,0.27127716,59,0,13502.00555,10.59813084
755,13.6090535,181.7695473,181.9218107,0,0,7.304526749,7.172839506,37.5378685,126.8814087,15.20164609,0,54.56430041,15.16872428,12366.02318,10.78184925,0.694083946,0.133867155,0.090008051,0.082589684,84,0,20968.00183,14.47736626
756,13.61375661,117.4973545,142.984127,701.5291005,655.7724868,4.232804233,3.920634921,37.52667999,126.8761673,15.86825397,0,53.99911817,16.11640212,22809.85116,6.001292037,0.287017405,0.267604868,0,0.450031196,54,1,26725.37042,8.153439153
757,14.34,78.13,23.79,0,0,2.3,1.82,37.51427841,126.828743,15.992,0,54.5875,15.48,7493.274109,16.93229947,0.389160719,0,0,0.578017765,58,0,5128.398796,4.12
758,14.33168317,67.27227723,84.48514851,0,0,4.00990099,3.782178218,37.51472092,126.8591995,15.61633663,0,53.74381188,15.7970297,22794.88146,3.395703692,0.826210096,0.093662222,0,0.080126388,69,0,18434.71477,7.792079208
759,13.27906977,172.377907,102.9418605,0,0,2.813953488,3.377906977,37.52407074,126.8386002,15.675,0,54.5625,16.08139535,24565.06251,1.564373757,0.996501161,0.00162839,0,0,23,0,15662.82359,6.191860465
760,13.73148148,145.8240741,113.3518519,0,0,2.703703704,2.333333333,37.50682068,126.8442993,15.68888889,0,54.40007716,14.12037037,12497.28022,6.575829371,0.708749816,0.071071864,0,0.225312022,115,0,11413.74628,5.037037037
762,14.54037267,110.9813665,125.9627329,781.2546584,711.863354,3.093167702,2.919254658,37.52474213,126.8776627,15.69192547,0,54.2800207,16.01242236,20536.30543,4.395070013,0.37133774,0.080096616,0.058345048,0.49107233,55,1,20481.34656,6.01242236
763,14.46428571,77.08673469,85.81122449,0,0,4.040816327,3.744897959,37.51065826,126.8591614,15.59285714,0,53.42963435,15.6122449,23216.24264,6.717899489,0.734362662,0.014905338,0.014198581,0.242934365,81,0,13331.28248,7.785714286
764,14.06465517,119.3318966,123.7543103,0,0,8.836206897,8.163793103,37.53102875,126.8758926,15.33922414,0,53.92762213,15.31034483,21338.51175,1.177721981,0.405830363,0.282938662,0,0.310951379,72,0,20419.32347,17
765,12.73106061,98.15530303,109.1969697,623.0265152,574.3371212,12.75,13.375,37.52477646,126.8754807,15.15643939,0,56.14441288,16.35227273,24272.47409,3.316582156,0.482227503,0.18820336,0,0.331443468,56,1,24321.08887,26.125
766,14.51630435,42.24456522,15.18478261,126.7663043,138.625,4.304347826,4.016304348,37.54394913,126.883461,15.60597826,0,52.65738225,15.48913043,9479.875254,9.884824115,0.328076661,0,0.079199577,0.592020887,75,1,6888.456469,8.320652174
767,16.37288136,26.06779661,12.30508475,0,0,2.254237288,1.830508475,37.50574493,126.8363113,16.6559322,0,51.84745763,14.23728814,7002.270061,12.08809705,0.170521473,0.071166357,0,0.765349974,34,0,2971.622327,4.084745763
768,14.2,219.4454545,211.6090909,0,0,5.340909091,5.340909091,37.53566742,126.8815842,15.45772727,0,53.66477273,15.3,12579.34916,7.828033742,0.754740843,0.141765755,0.031908945,0.071588341,82,0,21472.06116,10.68181818
769,14.07327586,141.9525862,153.5086207,694.8577586,630.8663793,12.13362069,12.43965517,37.52785492,126.8746719,15.43362069,0,53.77801724,15.38793103,24658.95992,1.177721981,0.359232249,0.342323136,0,0.299909908,63,1,29703.48558,24.57327586
770,12.07719298,116.754386,88.26315789,361.6631579,359.4561404,11.35438596,11.92631579,37.52571487,126.8648682,14.93894737,0,57.37675439,16.46666667,24091.62175,1.480567759,0.980100758,0.020063634,0,0,71,1,24592.05111,23.28070175
771,13.81465517,96.27155172,94.97844828,0,0,6.525862069,6.875,37.52820587,126.870163,15.35258621,0,54.80765086,15.51293103,26840.2959,0.651174857,0.677661538,0.294539326,0,0.027791369,43,0,27359.80516,13.40086207
773,13.32579186,132.081448,88.40271493,465.6561086,413.5113122,3.864253394,3.760180995,37.54670715,126.8745728,15.42986425,0,55.06919306,16.18552036,24306.2048,18.07843688,0.664643476,0,0.19799053,0.137342695,87,1,21928.83286,7.624434389
774,13.84313725,188.2941176,161.1911765,355.1029412,332.3627451,2.745098039,2.75,37.54950714,126.867218,15.48088235,0,53.82986111,15.17156863,25239.57984,4.405527357,0.78921146,0,0.211082375,0,64,1,25518.95586,5.495098039
775,13.45238095,212.3333333,198.6964286,0,0,3.160714286,2.654761905,37.53837585,126.8638306,15.2297619,0,55.39484127,16.2202381,23747.84773,16.07859394,0.990645169,0,0,0,48,0,22676.0447,5.81547619
776,14.5,130.6428571,103.877551,0,0,2.255102041,2.193877551,37.53874207,126.8856812,15.18571429,0,54.53486395,15.15306122,10701.63249,2.12528577,0.341607317,0.07932902,0.167821296,0.415124356,50,0,15072.97573,4.448979592
777,13.625,134.1481481,115.1296296,0,0,3.717592593,4.657407407,37.53012848,126.8347778,15.50092593,0,53.50925926,15.1712963,24521.74914,2.22504534,0.862267683,0.028828206,0,0.108119688,22,0,16418.22043,8.375
779,13.65145228,79.46887967,56.39834025,327.7717842,309.6721992,7.539419087,8.037344398,37.51854324,126.8538818,15.23858921,0,54.20020747,15.36514523,20654.16624,3.723840924,0.840614491,0.079621561,0,0.07977042,84,1,22517.42632,15.57676349
780,14.27853881,33.90410959,25.18721461,0,0,5.520547945,6.351598174,37.5173378,126.8776474,15.63561644,0,53.65391933,15.82648402,17719.23391,2.738812717,0.45287376,0,0.053037893,0.478102161,17,0,14688.63913,11.87214612
781,13.97391304,70.71304348,53.04782609,0,0,8.22173913,8.313043478,37.51759338,126.8765564,15.42869565,0,54.26304348,15.44347826,18630.80502,2.738812717,0.581779373,0,0,0.405146905,50,0,15993.66361,16.53478261
782,14.32575758,104.6439394,54.40909091,0,0,3.121212121,2.136363636,37.51167297,126.8327408,15.66893939,0,52.35574495,14.57575758,10127.38849,8.503345491,0.426216309,0.021525043,0,0.554397042,82,0,8565.355518,5.257575758
785,14.51639344,130,97.33606557,0,0,9.950819672,10.95901639,37.51747513,126.8663254,14.02622951,0,49.6147541,13.54098361,21886.3352,5.380572864,0.798122303,0.158115675,0,0.043747783,92,0,16168.58677,20.90983607
786,14.0840708,113.7964602,81.40265487,0,0,5.765486726,6.084070796,37.52007294,126.8683014,15.52876106,0,54.35822271,15.72123894,23362.06785,0.608500858,0.791817144,0.164436367,0,0.043747783,92,0,16458.11514,11.84955752
787,13.54661017,161.5042373,117.9279661,0,0,8.389830508,8.495762712,37.50790405,126.862648,15.36016949,0,54.58898305,15.30932203,22200.21847,1.673489766,0.776628326,0,0.144943576,0.079789837,102,0,17957.54455,16.88559322
788,13.72268908,77.69747899,90.53781513,255.3571429,255.2521008,6.621848739,7.462184874,37.51228714,126.8652802,15.19453782,0,54.4567577,15.34453782,20232.17493,5.380572864,0.929825175,0.049826417,0.011723634,0.008483681,68,1,17510.81213,14.08403361
791,13.65690377,123.1966527,115.8368201,1100.1841,1031.016736,6.974895397,6.715481172,37.52490616,126.8697891,15.36359833,0,54.56276151,15.48117155,27680.28153,0.69696362,0.757790515,0.221269523,0,0.020928312,65,2,27873.77536,13.69037657
792,13.00784314,100.5490196,99.90196078,643.1333333,596.5176471,12.27058824,12.33333333,37.52537155,126.8709259,15.08784314,0,55.46862745,15.60784314,28311.81342,0.69696362,0.68695812,0.276988177,0,0.03604982,61,1,27862.12434,24.60392157
793,14.00440529,133.7753304,162.5947137,0,0,5.9030837,6.070484581,37.53302002,126.8778992,15.5185022,0,53.99981645,15.5154185,17641.00921,2.19780725,0.583375402,0.185443639,0,0.230901362,55,0,16414.31395,11.97356828
794,13.6147541,69.86065574,65.15983607,0,0,6.31557377,6.532786885,37.51686478,126.8629608,15.27008197,0,54.60536202,15.62295082,22574.99951,2.256185797,0.832106216,0.14252429,0,0.025363022,70,0,18109.15336,12.84836066
795,13.64853556,70.42677824,62.72803347,257.6903766,252.125523,7.753138075,8.025104603,37.51584244,126.8641129,15.28870293,0,54.23430962,15.39330544,22302.65798,5.380572864,0.823178546,0.14252429,0,0.034289398,60,1,18080.57079,15.77824268
796,13.94977169,110.8310502,91.543379,0,0,4.876712329,4.657534247,37.5146637,126.8719406,15.38356164,0,53.88432268,15.19178082,18706.02877,1.811133408,0.832137282,0.001835499,0,0.167638782,83,0,14788.81462,9.534246575
797,13.79411765,99.08403361,79.18487395,0,0,7.802521008,7.743697479,37.51515579,126.8724899,15.28781513,0,54.39285714,15.33613445,19246.00459,1.811133408,0.818936705,0.004157703,0,0.17830228,74,0,15700.36737,15.54621849
800,14.56716418,151.0746269,134.5223881,0,0,2.708955224,2.858208955,37.53243256,126.9547424,15.25298507,0,56.02238806,14.29104478,15955.12358,9.140912071,0.715649117,0.157887856,0,0.089925208,57,0,15504.87236,5.567164179
802,13.27906977,130.1860465,97.90697674,573.8837209,421.8139535,2.069767442,1.534883721,37.54115295,127.0022125,16.55348837,0,56.48837209,14.58139535,7307.441864,18.84448264,0.95039493,0,0,0.008963914,34,1,8616.088103,3.604651163
803,13.40909091,265.0454545,248.3636364,528.9090909,427.4545455,1.045454545,1.272727273,37.53813934,127.004097,15.73636364,0,49.95454545,11.31818182,8733.951014,16.1597545,0.984072063,0.003645109,0,0,34,1,12246.28211,2.318181818
805,14.03743316,137.1550802,128.7326203,661.9839572,735.828877,3.315508021,3.786096257,37.53675842,126.9700012,15.50962567,0,56.29946524,14.73796791,10353.60036,4.847925829,0.405123605,0.393912564,0,0.107850447,100,3,27710.8738,7.101604278
806,14.21052632,148.1710526,124.5394737,1723.802632,1689.559211,2.638157895,2.710526316,37.5330658,126.9607315,15.35197368,0,53.13157895,13.86184211,11211.05891,4.881580799,0.548664021,0.367155443,0,0,72,1,16703.08816,5.348684211
807,13.60555556,308.05,285.5166667,2756.627778,2653.683333,3.211111111,3.066666667,37.55227661,126.9726868,15.17944444,0,55.70555556,13.58888889,11418.49594,6.66877926,0.593492652,0.247646083,0,0,97,4,21162.32135,6.277777778
808,14.22826087,41.32608696,27.30434783,114.6413043,110.2826087,2.663043478,2.652173913,37.520504,126.9897385,16.41847826,0,53.04347826,13.84782609,4009.53282,5.852493019,0.499754059,0,0,0.45690202,32,1,4430.101053,5.315217391
809,13.70555556,113.5777778,95.2,149.9166667,165.7055556,3.105555556,3.066666667,37.53016663,127.0074387,15.24777778,0,56.77222222,14.42222222,5956.495733,7.914881595,0.613496742,0.047892542,0,0.264694994,53,1,10258.83768,6.172222222
810,14.69166667,105.0416667,68.025,184.0583333,222.2083333,2.3,2.458333333,37.53841019,126.9866486,16.31916667,0,56.79166667,15.18333333,5825.550307,8.759807274,0.519894064,0,0,0.443228977,91,1,10216.10866,4.758333333
811,13.24705882,83.47058824,57.09411765,233.6,218.2470588,2.670588235,1.847058824,37.53507996,126.9853821,15.67294118,0,56.38823529,13.54117647,2276.060065,8.534890819,0.254632111,0,0,0.716247143,54,1,6945.745285,4.517647059
812,14.15217391,65.54347826,68.7173913,414.326087,447.9347826,1.565217391,1.413043478,37.53483963,126.9776611,16.55869565,0,54.08695652,13.89130435,7584.18821,3.083199398,0.096182473,0.08296248,0,0.752441938,41,2,8603.425679,2.97826087
813,13.45142857,125.08,111.6742857,409.6971429,405.8628571,2.748571429,2.925714286,37.53351212,126.9722748,15.33885714,0,56.00571429,14.46285714,10016.63066,3.382839845,0.383694349,0.243608762,0,0.242602991,65,2,22566.07694,5.674285714
815,14.51724138,56.49753695,58.31527094,0,0,3.571428571,3.561576355,37.51850891,126.9787979,15.2,0,55.84729064,14.28571429,7659.70274,2.49668613,0.62431816,0,0,0.368289362,28,0,9620.30632,7.133004926
816,13.46255507,174.69163,175.9030837,2018.929515,2036.255507,4.863436123,4.86784141,37.53014755,126.968483,15.11585903,0,56.92951542,14.55506608,9553.455245,4.546499464,0.269290213,0.442372065,0,0.175828628,56,2,22529.77077,9.731277533
817,14,119.9340659,110.4615385,381.7637363,398.6648352,2.895604396,3.071428571,37.53345108,126.9717331,15.00714286,0,55.5989011,13.46153846,10022.07448,3.382839845,0.417304172,0.264929285,0,0.198556195,63,2,23639.89657,5.967032967
818,13.54347826,222.7086957,172.2695652,689.0782609,771.7652174,4.373913043,4.72173913,37.54489517,126.9693832,15.11347826,0,55.88695652,14.40434783,12639.7226,6.666591694,0.756767917,0.143928744,0,0.033359999,120,2,22252.60319,9.095652174
819,13.74193548,182.2119816,181.3502304,685.5760369,790.4147465,4.285714286,4.585253456,37.54165268,126.9705048,15.0921659,0,56.18894009,14.43778802,11191.21751,6.739384378,0.438997491,0.299749399,0,0.193708562,120,2,24098.72397,8.870967742
820,13.54395604,126.1373626,92.59340659,414.1208791,495.2472527,2.758241758,2.637362637,37.54902649,126.9719467,15.07087912,0,55.23626374,13.81868132,11396.90489,8.60997859,0.716363641,0.144542303,0,0.005977669,84,1,20456.18569,5.395604396
822,15.15853659,141.2317073,116.695122,0,0,1.743902439,1.792682927,37.52202606,126.9661865,15.41463415,0,54.56097561,14.26829268,6905.382064,5.938083139,0.559823285,0.097429007,0,0.276955816,44,0,11246.87265,3.536585366
823,15.02380952,172.3333333,93.83333333,503.7380952,546.1190476,1.714285714,1.619047619,37.54232025,126.9619598,16.15952381,0,52.45238095,14.88095238,18156.1723,7.642282417,0.978328686,0,0,0,97,2,17911.60056,3.333333333
825,14.63679245,46.0754717,38.52358491,0,0,6.443396226,7.235849057,37.52033615,126.9942627,15.37028302,0,55.13207547,14.45754717,5063.502234,7.504907654,0.513390858,0,0,0.453435541,36,0,5534.087886,13.67924528
826,13.49029126,232.2864078,231.368932,2580.247573,2521.718447,3.004854369,3.22815534,37.55536652,126.9686432,15.06262136,0,57.03883495,14.44660194,15009.3761,14.36452447,0.652887481,0.229876175,0,0.002331265,108,4,19578.28179,6.233009709
827,12.67346939,28.95918367,17.42857143,0,0,3.285714286,2.367346939,37.54188538,126.97966,15.48367347,0,50.02040816,11.28571429,9527.255515,8.918638194,0.182876789,0.002410225,0,0.811838062,28,0,5090.193041,5.653061224
828,14.73652695,178.4550898,169.8502994,748.4431138,869.5988024,3.131736527,3.047904192,37.54407883,126.9720001,15.56526946,0,53.83832335,13.69461078,9926.210611,5.626570431,0.530939418,0.194050291,0,0.211099202,112,2,20449.04021,6.179640719
829,13.8959276,107.5972851,83.63800905,0,0,5.538461538,5.208144796,37.52293015,126.9616928,15.17420814,0,56.11764706,14.14027149,6901.750732,2.16844188,0.45347308,0.09911953,0,0.358759783,33,0,9586.398389,10.74660633
830,15.48148148,71.64814815,39.66666667,0,0,1.666666667,1.537037037,37.53442383,126.9485703,16.50740741,0,51.88888889,14.24074074,18318.36138,10.59919558,0.685835851,0,0,0.303158922,81,0,12744.57107,3.203703704
831,14.44680851,104.0212766,75.04255319,229.6595745,299.3829787,1.914893617,1.872340426,37.53427887,126.9885635,17.59574468,0,55.9787234,16.25531915,4287.884457,10.28730848,0.515679406,0.018560803,0,0.43338744,59,1,15448.34779,3.787234043
832,14.42076503,60.66120219,58.32786885,450.6502732,458.7322404,3.448087432,3.732240437,37.5212822,126.973465,15.30163934,0,55.53005464,14.3989071,9431.373464,4.85688873,0.71335539,0.002898224,0,0.274624551,37,2,15674.05195,7.180327869
834,13.4587156,127.0733945,93.23394495,327.293578,341.7522936,4.183486239,4.298165138,37.53900909,126.96138,14.95275229,0,56.37614679,13.83944954,14811.34836,5.571090812,0.907901447,0.066401568,0,0,126,2,20296.31617,8.481651376
835,14.01970443,162.7881773,160.7389163,750.5418719,829.8571429,3.300492611,3.285714286,37.54198074,126.9715424,15.3226601,0,55.79310345,14.4137931,10378.12338,4.558322808,0.378036404,0.269055922,0,0.287453627,112,2,22444.37826,6.586206897
836,15.4,105.4,87.72727273,0,0,2.627272727,2.581818182,37.53142166,126.9514999,16.54454545,0,56.08181818,15.33636364,16069.09377,11.58853112,0.508944498,0.070471249,0,0.408870974,57,0,12626.02979,5.209090909
837,13.1441048,82.72052402,58.86899563,137,148.441048,3.847161572,4.222707424,37.52906036,127.0067291,15.11048035,0,57.04366812,14.24017467,5559.755501,15.84210488,0.55397247,0.035792229,0,0.323647129,39,1,9655.642214,8.069868996
838,13.95833333,154.412037,143.7962963,691.3101852,799.5601852,4.087962963,4.416666667,37.5444603,126.9723892,15.27592593,0,55.71296296,14.03240741,9692.360684,6.306517918,0.542441705,0.180929969,0,0.21293729,109,2,19508.46114,8.50462963
839,14.53548387,72.46451613,96.09032258,0,0,3.270967742,3.419354839,37.5240097,127.0014496,15.27032258,0,55.29032258,14.30967742,8257.898312,15.34397404,0.495958796,0,0,0.48776895,24,0,6292.665221,6.690322581
840,15.12,63.52,54.12,487.18,491.01,2.06,1.92,37.52365112,126.9702683,16.047,0,53.21,14.13,8776.345716,5.61319158,0.622073622,0.03934155,0,0.25841184,36,2,18626.01942,3.98
841,14.18691589,171.6074766,180.4626168,2024.462617,2180.163551,5.252336449,5.11682243,37.52960968,126.9688721,15.2682243,0,54.69626168,13.71962617,9438.379028,4.546499464,0.251309314,0.413228019,0,0.226845919,46,2,22532.09323,10.36915888
843,13.44117647,134.7843137,103.4803922,216.6470588,212.2058824,2.950980392,2.264705882,37.53379822,126.9886704,16.27254902,0,55.10784314,14.92156863,4329.156535,12.02277537,0.488246594,0.031125816,0,0.448643569,67,1,13318.61934,5.215686275
844,14.07831325,37.84939759,32.27710843,0,0,3.054216867,3.373493976,37.5271492,126.9551621,15.49457831,0,55.15060241,14.14457831,7100.11329,14.55136866,0.585322222,0.028630159,0,0.345466007,18,0,10447.97455,6.427710843
845,13.7421875,80.8828125,64.265625,1693.539063,1626.03125,2.6328125,2.7734375,37.53269958,126.9643784,15.6765625,0,52.2734375,13.125,10140.1928,4.407545442,0.478731253,0.423715474,0,0,55,1,20466.27141,5.40625
846,14.22754491,165.7904192,141.9161677,0,0,2.856287425,2.850299401,37.54650116,126.9809494,15.58502994,0,57.07185629,15.28742515,9327.867624,19.33201332,0.778967357,0,0,0.209175682,73,0,12101.46148,5.706586826
848,13.74285714,71.01904762,70.22857143,428.4666667,452.0761905,2.40952381,2.4,37.53488922,126.9756241,15.43904762,0,52.23809524,12.2,9189.569902,3.109871665,0.169902737,0.151380766,0,0.58148036,43,2,12842.10791,4.80952381
849,13.97474747,72.25252525,65.85858586,354.6767677,388.1414141,3.449494949,3.712121212,37.53607941,126.9734192,15.54646465,0,55.62121212,14.63636364,9987.478944,1.260926499,0.242362228,0.257644245,0,0.407448398,60,2,19007.59859,7.161616162
850,14.64,153.232,151.848,716.168,798.672,2.184,2.12,37.53739929,126.9689255,15.5832,0,53.984,14.144,10868.35848,5.981548865,0.476164403,0.356693876,0,0.06946289,95,3,27254.04595,4.304
851,15.17021277,121.2340426,62.5106383,371.5744681,448.6170213,1.723404255,1.382978723,37.54047775,126.9581146,16.94255319,0,50.74468085,13.61702128,18468.41498,7.039271745,0.979959666,0,0,0,150,2,23171.07948,3.106382979
852,15.34920635,74.92063492,44.26190476,0,0,2.841269841,2.626984127,37.53452682,126.9471817,15.73253968,0,53.48412698,14.3968254,15423.27744,10.59919558,0.614031341,0.002984951,0,0.370633571,78,0,12730.05764,5.468253968
853,13.71861472,139.2251082,139.4242424,2099.69697,2090.4329,9.471861472,9.497835498,37.52848816,126.9658432,15.22987013,0,56.14285714,14.4025974,9318.796289,4.407545442,0.329320607,0.473204046,0,0.06221021,46,2,21470.66239,18.96969697
854,15.52173913,169,190.6956522,674.3478261,482.7826087,1.391304348,1.652173913,37.53872681,127.0015488,19.05652174,0,46.56521739,15.2173913,7980.726619,12.31606473,0.963123041,0,0,0.001381155,38,1,13859.41959,3.043478261
855,13.15151515,57.75757576,64.84848485,559.8181818,587.6363636,1.606060606,1.303030303,37.52272415,126.9727707,14.80606061,0,57.03030303,13.96969697,9141.364818,3.749113098,0.636283853,0.007344585,0,0.342600143,32,2,13793.87969,2.909090909
857,13.84,86.82,68.56,817.82,698.78,2.76,1.4,37.53502274,126.9980545,16.602,0,54.44,15.66,10163.52054,10.48614765,0.947429395,0.046504915,0,0,81,1,17620.5021,4.16
858,15.265625,80.53125,59.78125,211.796875,281.765625,2.5,2.421875,37.53440857,126.9868927,17.225,0,56.921875,16.4375,2963.329654,9.410854793,0.369345615,0.000621325,0,0.598249674,41,1,10196.76686,4.921875
859,15.5,85.9,58.5,0,0,1.9,1.3,37.54188538,126.9958649,16.69,0,43.7,13.5,3484.582176,25.44682712,0.825653492,0,0,0.091702458,39,0,8623.97067,3.2
860,14.45918367,55.32142857,50.25,436.0510204,446.2091837,3.729591837,3.831632653,37.52074814,126.9708252,15.20153061,0,54.19897959,14.12755102,8500.16623,6.882666298,0.723959345,0.006403535,0,0.253687178,34,2,13701.27662,7.56122449
863,14.1025641,75.19230769,80.11538462,567.6025641,597.7820513,2.41025641,2.166666667,37.52177048,126.977005,16.16666667,0,51,12.83333333,7657.7412,1.510051916,0.512294477,0,0,0.483017105,34,2,13116.0039,4.576923077
864,13.11111111,211.5490196,228.5686275,0,0,2.764705882,2.725490196,37.53514099,127.0060043,15.24313725,0,56.03267974,13.78431373,8371.044151,13.90618775,0.941849116,0.049575298,0,0,51,0,13735.02725,5.490196078
865,16,161.3333333,139.6666667,517.3333333,407.6666667,2.666666667,1.666666667,37.54079437,126.9978485,18,0,48,14.33333333,5089.748071,22.55420478,0.848295627,0,0,0.066050778,45,1,11343.72363,4.333333333
866,14.4787234,119.0531915,92.07446809,0,0,1.85106383,1.861702128,37.551548,126.9768601,15.51170213,0,53.29787234,13.44680851,9298.675572,13.74685146,0.774533941,0.19408783,0,0,63,0,17025.77733,3.712765957
867,15,59.85526316,55.18421053,102.4736842,111.5789474,1.960526316,1.894736842,37.51990891,126.9892349,16.10657895,0,54.25,12.88157895,3787.802389,6.342413238,0.485785886,0,0,0.476214885,34,1,3824.333865,3.855263158
869,15.82857143,38.61428571,47.65714286,0,0,2.185714286,2.1,37.51729584,126.9591446,16.28571429,0,54.65714286,15.48571429,1668.576372,3.481592223,0.104260998,0,0,0.895956466,13,0,4740.5379,4.285714286
870,14.96938776,30.90816327,33.86734694,0,0,8.464285714,8.62244898,37.51731873,126.9582977,15.70918367,0,54.21428571,14.62244898,1825.900105,3.481592223,0.119783779,0,0,0.880709398,15,0,4322.40241,17.08673469
900,13.9754902,155.7156863,134.0931373,0,0,3.666666667,3.578431373,37.60394287,126.9276962,12.54656863,0,70.89215686,11.64705882,21854.79383,5.27565933,0.999518473,0,0,0,78,0,22094.06634,7.245098039
902,15.33333333,48.03030303,35.47474747,0,0,1.797979798,1.848484848,37.64310837,126.9182205,13.4,0,66.50505051,11.14141414,8753.593378,2.332187112,0.08374302,0.002891752,0,0.091812484,44,0,13048.98185,3.646464646
903,14.51977401,96.33898305,79.66666667,0,0,2.943502825,2.988700565,37.64586639,126.9273911,12.91129944,0,68.31073446,11.57062147,5977.662504,6.546578632,0.460785304,0,0,0.254107867,36,0,8780.25087,5.93220339
904,15.27891156,65.65986395,59.30612245,0,0,2.714285714,2.931972789,37.64867401,126.9307022,13.59183673,0,67.27891156,12.47619048,3340.868023,12.49319744,0.270135475,0,0,0.337872892,28,0,6147.511207,5.646258503
905,13.80717489,46.8161435,38.64125561,603.3587444,548.9775785,5.68161435,5.950672646,37.63623428,126.9189987,12.7941704,0,69.67264574,12.05381166,8504.684176,15.68790515,0.22127729,0.080624743,0,0.380274471,83,1,10179.50464,11.632287
906,12.38686131,166.8941606,127.9379562,851.7627737,791.5,6.233576642,6.795620438,37.61721039,126.9195786,11.79452555,0,73.75182482,11.83576642,25984.8828,4.322471463,0.814096839,0.185297369,0,0,112,2,28732.68555,13.02919708
907,12.57777778,140.9148148,116.9037037,474.6777778,452.9222222,9.437037037,10.76666667,37.59949112,126.9168625,11.88444444,0,74.07407407,12.06296296,31217.7488,2.305802489,0.973202751,0.026757121,0,0,92,1,32633.13622,20.2037037
908,13.3804878,136.5317073,107.2731707,232.0878049,250.6731707,3.629268293,3.604878049,37.61318588,126.9173508,12.63707317,0,70.77560976,12.32195122,28973.64609,3.114664221,0.997413733,0.002140984,0,0,78,1,24774.10973,7.234146341
909,14.125,263.8571429,218.3035714,0,0,2.535714286,1.482142857,37.58699417,126.9228821,13.04821429,0,66.67857143,11.05357143,17416.76248,24.03043922,0.991476192,0.008324467,0,0,109,0,15945.56396,4.017857143
911,13.74891775,88.4025974,61.67532468,152.5714286,139.2813853,5.034632035,5.155844156,37.60558319,126.9229355,12.46926407,0,71.004329,11.67965368,26265.77646,3.031037331,0.999790303,0,0,0,119,1,20863.43216,10.19047619
912,12.80534351,152.7061069,125.7938931,269.6374046,278.389313,4.751908397,5.675572519,37.58966064,126.9169464,11.86870229,0,73.7519084,11.90839695,23557.37313,5.262144844,0.876006741,0.123721429,0,0,112,1,24034.11846,10.42748092
913,14.36986301,195.1872146,144.9863014,564.0730594,526.8401826,7.278538813,7.223744292,37.60070038,126.9201279,12.7739726,0,69.08219178,11.45205479,28566.55707,3.410052628,0.973200163,0.026757121,0,0,92,1,28431.73999,14.50228311
914,12.98054475,120.7782101,98.39688716,274.7937743,276.8210117,6.26459144,6.929961089,37.59079742,126.9136505,12.05058366,0,73.16731518,11.90661479,22702.18597,12.49142336,0.876040397,0.123721429,0,0,71,1,19192.90651,13.19455253
915,13.36051502,78.96566524,84.99570815,280.167382,280.223176,4.236051502,4.497854077,37.5843811,126.9098969,12.18969957,0,71.89270386,11.62660944,19582.66176,12.37717708,0.998151557,0,0,0,57,1,20364.31063,8.733905579
916,14.4120603,106.4924623,66.37688442,161.7437186,121.9497487,3.226130653,3.507537688,37.60784912,126.9213257,12.89547739,0,70.14070352,12.11055276,27854.65983,3.194385772,0.999954695,0,0,0,121,1,20784.08366,6.733668342
917,13.1036036,114.6036036,97.73423423,334.7072072,333.0990991,3.855855856,3.855855856,37.60078049,126.9352112,12.14594595,0,72.00900901,11.57207207,13991.47157,17.65311411,0.81407095,0,0,0.17315434,51,1,12349.27709,7.711711712
919,13.76785714,105.4821429,94.54761905,672.0595238,631.172619,2.666666667,2.541666667,37.60702515,126.9333115,12.92559524,0,68.67857143,11.55952381,15569.88536,12.0335889,0.789760298,0.065832019,0,0.050652262,69,2,14874.85149,5.208333333
921,12.57692308,57.30769231,35.23076923,0,0,1.346153846,1.5,37.63001633,126.9190292,11.23846154,0,81.19230769,13.26923077,12462.436,15.49253754,0.495306404,0,0,0.262469872,97,0,11855.55374,2.846153846
922,14.29166667,217.075,132.7,1118.25,809.4333333,1.958333333,1.9,37.61780167,126.9219666,12.95916667,0,68.43333333,12.45,23999.68988,6.359724887,0.809351466,0.189385173,0,0,104,2,28465.02615,3.858333333
923,14.47586207,167.5724138,88.03448276,1096.144828,868.7862069,2.186206897,2.4,37.62094879,126.9256363,12.10068966,0,72.80689655,11.6,19842.39223,8.020040768,0.889295339,0.105649919,0,0,76,2,19287.43747,4.586206897
924,15,106.3076923,114.6923077,0,0,1.384615385,1.076923077,37.62851715,126.9295807,12.48461538,0,75.76923077,12.92307692,13723.14932,13.12917537,0.281320627,0,0,0.3757841,28,0,7646.655165,2.461538462
925,13.50609756,142.5365854,132.1158537,655.8841463,589.6707317,2.451219512,2.225609756,37.60956573,126.9309769,12.47134146,0,71.97560976,11.53658537,19012.38565,5.990592778,0.767232073,0.143772119,0,0,112,2,23933.5416,4.676829268
927,15.12605042,220.8823529,132.9411765,1182.92437,856.7394958,1.991596639,2.025210084,37.61785507,126.9225235,13.23361345,0,67.11764706,11.90756303,23605.99799,9.366186614,0.809272506,0.189460249,0,0,106,2,28734.41348,4.016806723
928,13.79591837,63.16326531,54.75510204,0,0,2.204081633,1.897959184,37.64131546,126.9380417,15.7244898,0,58.26530612,14.3877551,1328.611381,11.20209798,0.166560524,0,0,0.489758486,39,0,3101.38361,4.102040816
930,14.04624277,165.4739884,152.5549133,0,0,2.630057803,2.520231214,37.60166168,126.9203033,12.29653179,0,71.23699422,11.79768786,28533.35181,3.410052628,0.973198868,0.026757121,0,0,94,0,27502.49135,5.150289017
931,12.86046512,103.620155,87.46511628,0,0,7.387596899,8.085271318,37.60473633,126.9153366,12.08023256,0,72.76356589,11.83333333,30766.49908,6.253548989,0.999974111,0,0,0,93,0,28641.79541,15.47286822
932,13.63849765,178.5539906,131.9483568,238.1079812,251.1220657,2.741784038,2.892018779,37.61000443,126.9163971,12.20610329,0,71.19248826,11.43661972,30686.87981,3.06121821,0.99998835,0,0,0,119,1,26372.46132,5.633802817
933,13.07755102,164.7265306,146.9959184,218.2612245,238.4693878,4.832653061,5.595918367,37.61248398,126.9148789,12.15469388,0,73.17142857,12.10204082,28134.42151,3.053163072,1.000007767,0,0,0,81,1,25197.66814,10.42857143
934,15,179.6875,96.5625,0,0,1.75,1.1875,37.59714127,126.9095993,12.153125,0,72.4375,12.09375,22442.85608,5.644829127,0.992765442,0,0,0.010915911,56,0,22008.31312,2.9375
937,14.35,78.15,42.15,0,0,1.55,1.4,37.64585114,126.9237976,15.3025,0,54.95,11.15,6058.050309,6.052149478,0.326493576,0,0,0.098770035,29,0,7893.775175,2.95
938,13.10204082,34.2244898,42.48979592,0,0,1.510204082,1.571428571,37.64468384,126.918457,14.33061224,0,66.16326531,13.06122449,7342.547739,4.250221588,0.063359662,0,0,0.031132288,39,0,10841.74783,3.081632653
939,14.19689119,185.2020725,171.7305699,0,0,3.191709845,3.176165803,37.60169983,126.9274216,12.63367876,0,69.08290155,10.97409326,21260.81254,5.566608575,0.999011057,0.000499649,0,0,81,0,19676.45374,6.367875648
941,15.42857143,70.14285714,28.67857143,0,0,2.071428571,1.517857143,37.63722229,126.9333038,13.66428571,0,66.42857143,13.26785714,5836.354319,20.39975957,0.144469815,0,0,0.354728934,66,0,6287.047791,3.589285714
942,14.55696203,89.35443038,37.74683544,0,0,1.911392405,1.721518987,37.64408112,126.9292831,14.16075949,0,68.21518987,13.72151899,6417.104146,14.71834107,0.460362026,0,0,0.510637609,25,0,9498.071739,3.632911392
945,14.1875,76.8125,42,0,0,1.0625,1.1875,37.63414001,126.9323425,15.56875,0,63.9375,12.625,7700.204809,14.23060215,0.235417621,0,0,0.19427811,88,0,7882.977011,2.25
946,14.32089552,53.64925373,29.51492537,119.9552239,90.47014925,2.23880597,2.007462687,37.61843872,126.9328842,12.5141791,0,72.60447761,12.29850746,14420.86416,10.12868067,0.725493242,0,0,0.262357257,31,1,11414.67865,4.246268657
947,13.47435897,159.6794872,113.9487179,1083.961538,968.025641,1.666666667,1.615384615,37.62266922,126.9199905,11.41666667,0,74.46153846,10.32051282,20640.09906,10.09505762,0.896668401,0.102270168,0,0,156,2,28190.70496,3.282051282
948,14.5047619,80.23809524,68.43809524,1136.238095,1144.847619,2.780952381,2.771428571,37.57720184,126.9023514,12.41238095,0,71.19047619,10.93333333,15191.95517,8.32962747,0.742975786,0.07139806,0,0.145452286,77,3,15904.81146,5.552380952
949,13.82089552,222.4129353,133.1044776,991.079602,885.9900498,3.144278607,3.134328358,37.61978149,126.9208069,12.35820896,0,72.9800995,12.04477612,22950.38584,6.359724887,0.812661318,0.186507659,0,0,134,2,29682.41819,6.278606965
950,14.11009174,137.4587156,126.1651376,240.5917431,239.9266055,3.752293578,4.197247706,37.60980225,126.9167938,12.70963303,0,69.82568807,11.59633028,30745.72886,3.06121821,0.999972817,0,0,0,114,1,25564.77748,7.949541284
952,14.33333333,171.2857143,76.77777778,0,0,1.634920635,1.523809524,37.62265015,126.9252472,12.51587302,0,72.71428571,12.50793651,18969.11247,10.61067856,0.950921762,0.044080451,0,0,61,0,19025.81212,3.158730159
953,14.51612903,107.1451613,65.20967742,0,0,2.016129032,2.112903226,37.6257782,126.9288178,12.44112903,0,69.83064516,11.15322581,16727.22289,9.792783776,0.560075698,0,0,0.304546549,33,0,9445.106779,4.129032258
954,15.1884058,74.46376812,28.57246377,0,0,2.485507246,2.601449275,37.64260864,126.9214783,13.80869565,0,66.28985507,11.94927536,8414.114294,4.943596824,0.18361979,0.000594142,0,0.251950056,28,0,14402.13638,5.086956522
956,12.964,181.42,147.144,0,0,4.94,6.204,37.59441376,126.9180145,12.1224,0,72.876,11.724,27960.96371,6.099204709,0.936413813,0.056685591,0,0,110,0,21232.17443,11.144
958,14.04878049,225.4487805,190.2439024,0,0,3.165853659,3.16097561,37.60036087,126.9228134,12.74341463,0,70.13170732,12.08780488,25349.1483,2.819907028,0.96868002,0.02619534,0,0,108,0,23825.76157,6.326829268
959,14.23076923,10.76923077,3.646153846,0,0,1.723076923,1.569230769,37.6436615,126.9145584,13.45538462,0,67.81538462,12.49230769,7693.677771,13.4254885,0.009084296,0,0,0.147316262,26,0,5430.198536,3.292307692
960,13.84552846,71.3495935,62.82926829,627.2520325,681.300813,2.162601626,2.81300813,37.63825226,126.9194565,12.88292683,0,69.97560976,12.78861789,8627.651023,13.18275812,0.099078108,0.080624743,0,0.411000308,74,1,12525.5602,4.975609756
961,13.58256881,137.7614679,108.293578,615.0321101,575.1100917,3.504587156,3.399082569,37.61096954,126.9298096,12.15779817,0,71.56422018,11.98165138,20430.3471,8.988055355,0.799306704,0.152714027,0,3.11E-05,103,2,35601.13132,6.903669725
962,14.12682927,65.31707317,53.02926829,606.6585366,543.5268293,3.673170732,3.804878049,37.63925934,126.9189072,12.78195122,0,70.41463415,11.95121951,8630.41505,8.213442907,0.073563638,0.074877482,0,0.364782756,65,1,12630.05943,7.47804878
963,13.10674157,94.43820225,54.81460674,107.7977528,78.88764045,2.191011236,2.286516854,37.61442947,126.932579,12.14269663,0,74.23033708,12.14044944,16279.51375,11.07851,0.783302397,0.030727132,0,0.175281085,59,1,15859.15665,4.47752809
964,16.40243902,241.6829268,107.9512195,1408.353659,732.8780488,1.914634146,1.963414634,37.61654282,126.9251251,13.14878049,0,70.34146341,11.64634146,22661.05781,13.15103763,0.852536173,0.145360382,0,0,101,2,33062.01594,3.87804878
965,14,154.1016949,108.5762712,0,0,2.440677966,1.203389831,37.59347916,126.9231873,11.97627119,0,65.83050847,10.16949153,20922.49667,18.03035534,0.971167911,0.003409523,0,0,103,0,14414.03701,3.644067797
966,14.50746269,147.2537313,112.3134328,714.1641791,665.4179104,1.850746269,1.671641791,37.60903168,126.9346771,15.71044776,0,57.50746269,11.98507463,13307.5863,19.23007647,0.743036625,0.062087239,0,0.10163072,91,2,10774.51772,3.52238806
967,15.18,176.69,119.12,741.86,602.68,2.3,1.85,37.60890961,126.9324188,13.293,0,66.16,10.93,16889.63548,6.621917506,0.770402127,0.133372684,0,0.002900813,93,2,19145.58353,4.15
968,16.35714286,109.6428571,27.5,0,0,1.071428571,1.357142857,37.64208984,126.9294128,13.66428571,0,65.85714286,12.35714286,6922.158131,14.71834107,0.309077047,0,0,0.685863034,16,0,7636.98837,2.428571429
969,14.66666667,25,11.16666667,0,0,1.5,1.166666667,37.64339447,126.9321365,14.55,0,72.5,20,4912.103867,20.78583356,0.247687504,0,0,0.659568023,9,0,8137.648739,2.666666667
971,14.67857143,93.67857143,74.64285714,0,0,2.214285714,1.25,37.60232925,126.9065476,13.27142857,0,65.64285714,9.714285714,15858.87895,12.33680578,0.763245235,0,0,0.227613515,71,0,14893.89821,3.464285714
973,15.16,53.08,9.8,0,0,1.36,1.44,37.63734818,126.9358444,15.228,0,65.04,11.8,3610.250471,12.88986638,0.144218696,0,0,0.352019696,45,0,5287.654887,2.8
974,14.58064516,91.83870968,77.51612903,0,0,1.483870968,1.322580645,37.62672043,126.9290161,11.8483871,0,67.70967742,11.25806452,15797.62913,11.58923866,0.444669675,0,0,0.342152271,21,0,8922.368274,2.806451613
975,14.68965517,185.2931034,98.13793103,0,0,2.327586207,1.310344828,37.59036255,126.9230118,12.42413793,0,73.62068966,12.5,17675.89272,26.79895336,0.958986049,0.03822187,0,0,114,0,17846.30156,3.637931034
976,14.01986755,100.1788079,84.92715232,0,0,2.543046358,2.774834437,37.64350891,126.9241028,12.82251656,0,68.13245033,10.86092715,7669.484634,6.695745954,0.324509218,0,0,0.312461976,29,0,11451.56278,5.317880795
977,13.84210526,65.36842105,81.89473684,0,0,3,1.263157895,37.63310242,126.9315033,15.15789474,0,58.84210526,13.42105263,8713.855743,13.94987079,0.271822115,0,0,0.176822749,86,0,8058.719097,4.263157895
978,15.11864407,151.0169492,104.2711864,469.8474576,321.1016949,1.966101695,1.389830508,37.60100937,126.9359283,12.46779661,0,70.57627119,12.55932203,13150.02396,17.88825238,0.740759726,0,0,0.246809882,48,1,11475.99725,3.355932203
979,13.96460177,72.20353982,47.08849558,0,0,2.026548673,2.336283186,37.59186172,126.9060822,11.55663717,0,74.75221239,12.13274336,15788.4038,12.53689166,0.893600607,0,0,0.107099679,31,0,8939.307769,4.362831858
982,14.5625,188.59375,147.55625,175.96875,151.0875,2.6,2.66875,37.60412598,126.925087,12.755,0,68.1125,11.54375,23739.40588,3.864462091,0.997981987,0.00151707,0,0,94,1,22948.992,5.26875
984,13.97409326,137.6632124,75.84974093,0,0,3.32642487,3.21761658,37.59580994,126.9102631,12.51502591,0,72.32124352,12.40932642,22804.51262,5.241375977,0.995745215,0,0,0.008276573,57,0,19666.67663,6.544041451
985,13.97183099,194.1079812,170.5164319,0,0,3.511737089,3.685446009,37.60119247,126.926384,12.54460094,0,70.09389671,11.50704225,21784.08572,4.320916124,0.994581524,0.004943421,0,0,89,0,19722.05371,7.197183099
989,13.32478632,167.9188034,135.7393162,290.0897436,290.3632479,3.833333333,4.752136752,37.59181213,126.9148331,12.2457265,0,72.38461538,11.95299145,24764.40088,13.65471045,0.876028747,0.123721429,0,0,87,1,20530.73789,8.585470085
991,13.42307692,63.92307692,5.307692308,0,0,2.730769231,1.730769231,37.6567688,126.942009,16.57692308,0,48.34615385,13.03846154,92.77308305,19.84473076,0,0,0,0.536051114,12,0,399.6725729,4.461538462
992,12.35294118,55,3.705882353,0,0,1.764705882,1.647058824,37.65842819,126.9460602,15.34705882,0,64.70588235,13,56.28756748,15.62666586,0,0,0,0.384999133,8,0,256.3612915,3.411764706
993,13.69230769,64.6,34.89230769,0,0,2.030769231,1.4,37.63028717,126.9195633,11.98153846,0,74.04615385,10.70769231,12136.10923,15.49253754,0.477467892,0.000588965,0,0.275287298,88,0,10525.19065,3.430769231
994,14.98387097,40.24193548,14.01612903,0,0,1.661290323,1.516129032,37.61050797,126.9385376,13.76612903,0,69.16129032,12.82258065,8381.849276,28.61532436,0.386709072,0,0,0.543086331,31,0,5312.482534,3.177419355
995,15.78823529,71.50588235,38.23529412,0,0,2.4,1.8,37.63140869,126.9254074,12.99529412,0,70.09411765,11.6,12023.91654,16.59127973,0.518947837,0,0,0.376642306,41,0,9881.502668,4.2
996,12.70786517,152.5205993,111.2659176,482.5168539,462.340824,7.617977528,9.543071161,37.59996796,126.9157257,11.96629213,0,73.25093633,11.75280899,30894.08496,2.844507715,0.976801261,0.023144373,0,0,80,1,33657.09996,17.16104869
